date,inv_value_fg,cogs,revenue,inv_value_rm,total_inventory_value,accounts_receivable,accounts_payable,avg_inventory_w,avg_cogs_w,avg_revenue_w,avg_ar_w,avg_ap_w,DIO,DSO,DPO,CCC
2023-01-01,108679.43,6284.37,15137.42,208175.10031791983,316854.5303179198,1135306.500000001,188531.09999999992,,,,,,,,,
2023-01-02,96480.63,12198.8,29232.73,202348.19421814985,298828.8242181499,1149401.810000001,194445.5299999999,,,,,,,,,
2023-01-03,85434.89,11045.74,26664.73,191510.11849790983,276945.0084979098,1160929.120000001,199206.8999999999,,,,,,,,,
2023-01-04,74387.16,11047.73,26751.81,187206.97859134985,261594.13859134985,1172543.5100000012,203970.25999999992,,,,,,,,,
2023-01-05,62965.89,11421.27,27512.54,187206.97859134985,250172.86859134986,1184918.6300000013,209107.15999999992,,,,,,,,,
2023-01-06,51993.42,10972.47,26445.78,175461.77307393984,227455.19307393982,1196226.9900000014,213795.25999999992,,,,,,,,,
2023-01-07,45952.42,6041.0,14507.6,175461.77307393984,221414.19307393982,1195597.1700000016,213551.88999999993,,,,,,,,,
2023-01-08,39913.6,6038.82,14478.93,175461.77307393984,215375.37307393985,1194938.6800000016,213306.33999999994,,,,,,,,,
2023-01-09,30725.44,9188.16,22090.78,149705.71449688985,180431.15449688985,1201892.0400000017,216210.12999999995,,,,,,,,,
2023-01-10,22628.22,8097.22,19315.18,142540.13486387985,165168.35486387985,1206069.8000000017,218022.97999999995,241423.96387992683,9233.558,22213.75,1179782.4250000012,207014.75499999995,26.146363501472216,53.11045748691694,22.419825055520302,56.83699593286886
2023-01-11,30937.36,8611.1,20582.1,142540.13486387985,173477.49486387987,1211514.4800000018,220349.70999999996,235247.0121511953,9176.97090909091,22065.418181818182,1182667.1572727286,208227.02363636356,25.63449470218484,53.59822086885449,22.69016930522132,56.54254626581802
2023-01-12,52359.63,9876.17,23717.63,138173.84397715985,190533.47397715985,1220094.6900000018,223941.50999999998,231520.8839700257,9235.2375,22203.102499999997,1185786.1183333348,209536.5641666666,25.069293991629962,53.406325459846656,22.68881164850028,55.78680780297634
2023-01-13,47819.69,11376.13,27227.6,130507.37014053985,178327.06014053983,1232184.870000002,229033.27,227429.05136775752,9399.921538461538,22589.60230769231,1189355.2530769245,211036.3107692307,24.194781885911386,52.650561832685305,22.450858755122173,54.394484963474525
2023-01-14,52472.32,5497.7699999999995,13320.84,130507.37014053985,182979.69014053984,1230368.2900000021,228246.66999999998,224254.09699438486,9121.19642857143,21927.547857142858,1192284.7557142873,212265.6221428571,24.586039644089514,54.37382982730113,23.27168631934641,55.68818315204423
2023-01-15,47072.56,5399.76,13040.6,130507.37014053985,177579.93014053983,1228271.4700000023,227362.06,221142.48587079518,8873.100666666667,21335.08466666667,1194683.8700000015,213272.05133333328,24.92279690926477,55.9962094674291,24.03579755772709,56.883208818966764
2023-01-16,37122.11,9950.45,24079.63,114777.29684946984,151899.40684946984,1237213.6800000023,231028.14,216814.79343196235,8940.435,21506.61875,1197341.9831250017,214381.80687499995,24.251034030442852,55.67318587097758,23.978901124497852,55.945318776922576
2023-01-17,27731.19,9390.92,22746.329999999998,111074.00261650984,138805.19261650983,1244822.5900000024,234134.69000000003,212225.99338399456,8966.934117647059,21579.54294117647,1200134.9600000016,215543.74117647053,23.66762045974339,55.61447539790075,24.03761847120938,55.24447738643475
2023-01-18,34123.6,8915.85,21577.76,104174.69771883985,138298.29771883984,1251262.9300000025,236766.17000000004,208118.89918037484,8964.09611111111,21579.443888888887,1202975.4027777794,216722.76499999996,23.2169419650029,55.746357921539555,24.176756062596134,54.786543823946324
2023-01-19,40805.75,9960.61,23939.16,100165.12727655986,140970.87727655986,1260064.6700000025,240442.41000000003,204584.79276438456,9016.544210526316,21703.639473684212,1205980.1010526333,217971.167368421,22.689933968886123,55.56580049695771,24.174579781237224,54.0811546846066
2023-01-20,38733.26,10664.46,25432.55,99465.07711591985,138198.33711591986,1270359.8000000026,244822.50000000003,201265.46998196136,9098.939999999999,21890.085,1209199.0860000018,219313.734,22.119661189321107,55.23957928897954,24.10321795725656,53.25602252104409
2023-01-21,39520.27,5594.36,13286.82,99465.07711591985,138985.34711591984,1268509.2000000027,244132.49000000002,198299.7498454832,8932.055238095238,21480.405714285716,1212023.377142859,220495.5795238095,22.200909483825658,56.42460357891625,24.685872808241857,53.93964025450005
2023-01-22,35005.12,4515.15,10819.41,99465.07711591985,134470.19711591984,1264191.1900000027,242363.27000000002,195398.40653959394,8731.286818181818,20995.815,1214394.6413636382,221489.56545454543,22.379107525445285,57.83984290981981,25.36734505082584,54.85160538443926
2023-01-23,27355.25,7649.87,18275.33,98024.42193511986,125379.67193511986,1267329.100000003,243728.77000000002,192354.11373070377,8684.268695652174,20877.533043478263,1216696.1395652194,222456.4873913043,22.149719276535848,58.27777338593612,25.616029994866274,54.81146266760569
2023-01-24,21192.489999999998,6162.76,14891.15,98024.42193511986,119216.91193511986,1267082.8300000029,243607.16000000003,189306.73032255445,8579.205833333333,20628.100416666664,1218795.585000002,223337.76541666663,22.065763894721933,59.08423753916114,26.03245215879053,55.11754927509253
2023-01-25,33193.86,6276.47,15178.81,93982.23307329985,127176.09307329985,1267124.220000003,243599.26000000004,186821.50483258427,8487.0964,20410.1288,1220728.730400002,224148.2252,22.012416971319457,59.809947421791975,26.410472396660886,55.41189199645054
2023-01-26,59664.32,9416.77,22663.84,79723.31072229985,139387.63072229986,1274650.6400000032,246731.66000000003,184997.12505911177,8522.853076923077,20496.81,1222802.650000002,225016.81884615382,21.70600893731463,59.658193152983415,26.401583696828137,54.96261839346991
2023-01-27,58230.68,8875.49,21700.39,76069.08658007985,134299.76658007986,1281213.6100000031,249322.78000000003,183119.4451154439,8535.913703703704,20541.387037037035,1224966.018888891,225917.0396296296,21.45282291642534,59.63404597168744,26.46664990668837,54.6202189814244
2023-01-28,63752.57,5475.84,13261.26,76069.08658007985,139821.65658007984,1279337.4500000032,248514.25000000003,181573.0955248952,8426.625357142857,20281.3825,1226907.8557142878,226724.08285714284,21.547545764685523,60.49429104324066,26.905679705454027,55.13615710247216
2023-01-29,57819.94,5932.63,14308.78,76069.08658007985,133889.02658007987,1278508.8100000033,248162.51000000004,179928.8172854188,8340.625517241378,20075.43068965517,1228687.1989655194,227463.3389655172,21.572580727126255,61.203528729207264,27.27173621394641,55.5043732423871
2023-01-30,48052.95,9766.99,23499.2,143503.73028518984,191556.68028518982,1286870.5900000033,251645.13000000003,180316.4127187445,8388.171,20189.55633333333,1230626.6453333355,228269.39866666668,21.496511303685214,60.953624983900625,27.213250500814382,55.23688578677145
2023-01-31,39300.479999999996,8752.47,21238.89,129923.52800755984,169224.00800755984,1292972.0600000033,254113.23000000004,179958.5932119321,8399.922580645161,20223.40580645161,1232637.7877419377,229103.07064516126,21.423839503781508,60.95104848010839,27.274426454007255,55.10046152988264
2023-02-01,45347.44,10187.07,24399.41,125270.66424664985,170618.10424664983,1302234.0500000033,252101.50000000006,179666.70293176704,8455.7709375,20353.9059375,1234812.6709375023,229821.77156249998,21.247820483756694,60.66711100705667,27.17928066656548,54.735650824247884
2023-02-02,47788.31,10848.57,26056.0,110441.15689604986,158229.46689604985,1313152.6300000034,251904.33000000007,179017.08971856348,8528.279999999999,20526.696666666667,1237186.6090909115,230490.93999999997,20.990995806723454,60.272075394380465,27.026661882583593,54.236409318520316
2023-02-03,43971.56,10889.33,26100.03,106650.59186494985,150622.15186494985,1324115.2400000035,251745.93000000008,178181.94448757483,8597.722647058823,20690.618235294118,1239743.3335294141,231116.0867647059,20.72431872974278,59.91813871538436,26.881081915775443,53.761375529351696
2023-02-04,41706.03,6071.8099999999995,14475.460000000001,106650.59186494985,148356.62186494985,1323453.2800000035,246396.4700000001,177329.7924126427,8525.553714285714,20513.042285714284,1242135.0462857166,231552.66914285714,20.799797685340103,60.553428837358055,27.15983933745669,54.19338718524146
2023-02-05,36502.92,5203.11,12472.16,106650.59186494985,143153.51186494983,1320788.0200000035,240627.11000000007,176380.4512863179,8433.263611111111,20289.684444444443,1244319.8511111136,231804.73694444445,20.914850930774968,61.32770839872885,27.48695494814532,54.755604381358495
2023-02-06,28065.71,8437.21,20214.14,98380.53518510985,126446.24518510984,1325864.7400000035,243023.32000000007,175030.87814844743,8433.37027027027,20287.642702702702,1246523.7670270295,232107.94189189188,20.754558680469046,61.442513814627105,27.522560311401264,54.67451218369489
2023-02-07,20665.16,7400.55,17652.22,95154.30332967985,115819.46332967986,1328379.5400000035,244385.05000000005,173472.68302163773,8406.190789473685,20218.28947368421,1248677.8663157918,232431.02368421052,20.63630095558406,61.75981741388411,27.649981960350335,54.74613640911784
2023-02-08,28285.89,7713.3,18512.35,92292.12119863986,120578.01119863986,1331754.4700000037,242910.19000000003,172116.40938515062,8388.424358974358,20174.547435897435,1250808.035641028,232699.72025641025,20.518324064162517,61.99931074614402,27.740575619240865,54.77705919106567
2023-02-09,52837.97,9252.46,22304.07,87663.71028748986,140501.68028748984,1338921.1200000038,244065.43000000002,171326.04115770909,8410.02525,20227.7855,1253010.8627500026,232983.86299999998,20.371644087240888,61.945034109146675,27.703110998388496,54.61356719799906
2023-02-10,52988.28,8897.66,21632.61,83729.07261206985,136717.35261206987,1345416.310000004,244351.99000000002,170481.9268029374,8421.918780487804,20262.049512195124,1255264.654146344,233261.1343902439,20.24264674671476,61.951514499598744,27.696910938000432,54.497250308313085
2023-02-11,60495.03,5994.0,14349.65,83729.07261206985,144224.10261206987,1344628.540000004,240469.82,169856.74051267866,8364.11119047619,20121.278095238096,1257392.3657142883,233432.76976190475,20.307805174336558,62.490680749145,27.90885539968711,54.88963052379445
2023-02-12,54997.54,5497.49,13210.56,83729.07261206985,138726.61261206985,1342701.6800000041,234591.18,169132.7840498738,8297.445581395348,19960.563720930233,1259376.3032558165,233459.7095348837,20.38371718027362,63.093223260787,28.136335122022423,55.3406053190382
2023-02-13,44341.31,10656.23,25423.19,134176.19807564985,178517.50807564985,1352987.4500000041,239749.64,169346.0732322778,8351.05431818182,20084.71431818182,1261503.8293181844,233602.6625,20.278406387990973,62.80914975107212,27.972834758289498,55.1147213807736
2023-02-14,35684.86,8656.45,20902.24,129878.85301565984,165563.71301565983,1358752.2700000042,243006.33000000002,169262.02078301963,8357.840888888888,20102.881555555556,1263664.9057777806,233811.6328888889,20.251883594486774,62.8598891301013,27.975123718821166,55.13664900576691
2023-02-15,42523.83,9351.72,22412.85,128275.06431980983,170798.89431980983,1366027.7000000044,242407.6,169295.4310772977,8379.446956521739,20153.098260869567,1265890.1839130463,233998.50173913044,20.20365209729441,62.813675968174714,27.92529184244182,55.09203622302729
2023-02-16,47775.53,9647.38,23290.82,122953.46044608983,170728.99044608983,1374181.1000000045,242664.06,169325.93234046348,8406.424255319149,20219.85829787234,1268194.2459574495,234182.87531914894,20.142444301847224,62.7202341022784,27.85760844403852,55.0050699600871
2023-02-17,42476.47,10218.51,24480.57,115296.04831252983,157772.51831252984,1383524.2500000047,243966.72,169085.2362148815,8444.176041666668,20308.623125000002,1270596.9543750028,234386.70541666666,20.023888107087394,62.564406585047735,27.757202628192086,54.83109206394303
2023-02-18,39832.96,5719.32,13682.66,115296.04831252983,155129.00831252983,1382069.4900000046,239725.43,168800.4152372825,8388.566734693877,20173.3993877551,1272871.9040816354,234495.65897959186,20.12267656394135,63.096550046703896,27.95419842221107,55.26502818843418
2023-02-19,35014.75,4818.21,11584.35,116675.22897562983,151689.97897562984,1378516.4200000048,233879.18,168458.20651204942,8317.159599999999,20001.6184,1274984.794400003,234483.32940000002,20.254295289950843,63.744081548921216,28.19271730699986,55.8056595318722
2023-02-20,26988.86,8025.89,19265.05,108664.43793935984,135653.29793935985,1382644.050000005,236310.71000000002,167814.97301062415,8311.44843137255,19987.17588235294,1277095.7601960814,234519.16039215686,20.1908216595782,63.89575834591287,28.216400826952906,55.870179178538166
2023-02-21,20337.59,6651.2699999999995,16053.37,101967.94363618983,122305.53363618982,1383560.0000000051,238446.83000000002,166939.79148419274,8279.521923076923,19911.525769230768,1279143.1494230798,234594.6925,20.16297475086011,64.2413426398361,28.334328319867222,56.06998907082898
2023-02-22,28938.73,7987.04,19211.85,99839.39679652982,128778.12679652982,1387634.4300000053,238784.00000000003,166219.76007499156,8274.003396226415,19898.32433962264,1281190.1547169844,234673.73603773586,20.089399546391366,64.38683644158961,28.362779757229156,56.113456230751815
2023-02-23,53348.96,9558.21,22915.31,88939.81287282983,142288.77287282984,1395412.3200000054,242179.45,165776.5936453219,8297.785,19954.194444444445,1283305.380000003,234812.73074074075,19.978415160831705,64.31256263303051,28.298242331024575,55.992735462837636
2023-02-24,53385.89,9075.94,21892.04,77233.21979212984,130619.10979212984,1402166.9400000055,244978.92,165137.36666617292,8311.933272727272,19989.428,1285466.4992727304,234997.57054545457,19.86750389443259,64.30731781183185,28.272311968205717,55.902509738058725
2023-02-25,61001.33,5236.12,12602.02,77233.21979212984,138234.54979212984,1399631.5400000056,240798.27000000002,164656.9592219936,8257.008035714285,19857.510000000002,1287505.160714289,235101.15446428573,19.941479832621926,64.83719060014518,28.472923054863898,56.3057473779032
2023-02-26,55839.05,5162.28,12426.6,77233.21979212984,133072.26979212984,1396920.7200000058,237085.06000000003,164102.84186357493,8202.714561403509,19727.143157894734,1289424.7319298277,235135.95982456143,20.005918849807745,65.36297332104088,28.665627465687283,56.703264705161345
2023-02-27,46474.44,9364.61,22483.2,68894.36516511116,115368.80516511116,1404266.5000000058,240973.83000000005,163262.59985153246,8222.74724137931,19774.661379310346,1291404.7624137965,235236.6127586207,19.85499432962581,65.30603673269246,28.608031580350676,56.552999481967596
2023-02-28,37346.53,9127.91,21781.82,65797.87341014115,103144.40341014115,1410910.900000006,244169.11000000004,162243.64736947496,8238.088983050848,19808.68101694915,1293430.290169495,235388.01101694917,19.694330530208784,65.296134006236,28.573132858996733,56.41733167744806
2023-03-01,45320.3,9465.92,22580.98,62647.85547613116,107968.15547613116,1418354.460000006,243868.04000000007,161339.05583791927,8258.552833333333,19854.886,1295512.3596666702,235529.34483333337,19.53599608719816,65.24904548264192,28.51944518447411,56.26559638536597
2023-03-02,52919.3,8896.97,21428.81,55404.22932135116,108323.52932135116,1424645.8500000061,244012.54000000007,157863.5391546431,8302.096166666666,19959.7425,1300334.68216667,236454.03550000003,19.01490129546718,65.14786862439082,28.481245067887176,55.681524851970835
2023-03-03,47171.25,11073.58,26341.28,51470.86091533116,98642.11091533117,1435849.7100000062,244899.05000000005,154527.09393292945,8283.3425,19911.55166666667,1305108.8138333368,237294.92750000005,18.655161721603257,65.54530936020322,28.647243247517537,55.55322783428895
2023-03-04,44712.29,5465.08,13124.44,51470.86091533116,96183.15091533116,1433836.7300000063,239515.56000000003,151514.39630655313,8190.3315,19685.880166666666,1309657.2740000035,237966.7385,18.49917751272377,66.52774795498324,29.05459180742562,55.97233366028138
2023-03-05,39399.61,5312.68,12752.25,51470.86091533116,90870.47091533116,1431451.5600000063,233938.91000000003,148669.00184528617,8094.747333333333,19452.554166666665,1313972.4081666705,238466.21600000001,18.366107763868378,67.54755169468983,29.45937731966269,56.45428213889552
2023-03-06,29842.98,9556.63,22687.31,120832.99547425118,150675.97547425117,1439001.4500000065,237423.73000000004,147010.72029333454,8063.67,19372.13366666667,1318207.121833337,238938.15883333335,18.231242138298633,68.04656340470929,29.631440626083823,56.64636491692411
2023-03-07,22497.22,7345.76,17749.96,118327.56070434119,140824.7807043412,1441613.9900000065,239566.38000000006,145566.88008717453,8003.224833333333,19227.20333333333,1322296.9051666707,239367.67750000005,18.188528139418285,68.77219126685286,29.90890328396581,57.051816122305326
2023-03-08,30363.19,7943.58,19105.21,112124.45093545118,142487.64093545117,1445581.7800000065,239072.75000000006,144251.43755153305,8034.9345,19303.830166666663,1326463.3153333373,239793.0251666667,17.953032168654648,68.7150323993131,29.843805841437373,56.824258726530374
2023-03-09,51935.24,8727.46,21159.920000000002,111071.5515582712,163006.7915582712,1451604.2800000065,240399.66000000006,143378.62785960527,8079.745166666666,19415.18,1330741.0753333373,240244.58050000004,17.745439355082624,68.54126901390238,29.734177940554282,56.55253042843072
2023-03-10,51677.75,9641.8,23132.06,106639.9413108712,158317.69131087122,1459598.9200000067,242328.16000000006,143010.0701398383,8087.305833333333,19432.534666666663,1335036.1900000041,240679.88100000005,17.68327711193952,68.70108366717804,29.76020518576078,56.624155593356775
2023-03-11,57803.82,5358.2,12905.91,106639.9413108712,164443.7613108712,1457367.4100000067,238433.90000000008,142997.99358062146,8041.655499999999,19325.7135,1339224.483500004,241020.06300000005,17.78215860908509,69.29754409843673,29.9714484163118,57.10825429121002
2023-03-12,53035.03,4768.79,11561.89,106639.9413108712,159674.9713108712,1453791.8800000066,234305.0300000001,142767.95152140467,7977.617,19175.376666666663,1343262.4401666708,241252.6516666667,17.89606489273735,70.0514239442148,30.24119253489691,57.706296302055236
2023-03-13,43249.99,9785.04,23313.4,88386.8997925012,131636.8897925012,1461967.8600000066,238096.0700000001,141786.34178499368,7976.098166666667,19168.6395,1347293.6596666712,241488.56100000005,17.77640380324561,70.28634763915672,30.276528191342685,57.786223251059646
2023-03-14,34928.35,8321.64,19933.56,82865.9096105012,117794.2596105012,1466764.0000000068,240920.2200000001,140777.4617761597,7925.1900000000005,19047.072166666665,1351203.3118333376,241686.6768333334,17.763291703562903,70.94021065337336,30.496010421621865,58.207491935314394
2023-03-15,41546.909999999996,8775.59,21140.56,76172.6433285312,117719.55332853118,1472767.1400000069,239039.58000000007,139689.79282929288,7979.820333333333,19177.400833333333,1355243.292666671,241866.5586666667,17.50538069707913,70.6687681216448,30.309774977807567,57.86437384091637
2023-03-16,47889.18,9937.57,23833.89,75844.9153083812,123734.09530838119,1481463.6100000069,240320.70000000007,138792.3622487569,8055.4505,19357.289,1359463.1616666713,242082.53600000002,17.229621390977066,70.23003901355563,30.05201707837445,57.40764332615824
2023-03-17,44165.5,8921.02,21511.38,74468.3659776812,118633.8659776812,1487837.5700000068,239890.00000000006,138237.93656756045,8038.293333333333,19314.484833333336,1363640.2265000048,242230.23366666673,17.197423735995425,70.60194658397548,30.134535233017964,57.66483508695294
2023-03-18,44816.02,5207.08,12508.33,74468.3659776812,119284.3859776812,1471113.170000007,235449.70000000004,137912.58979024662,7968.562666666667,19143.8515,1367411.7361666714,242252.15050000002,17.307084798008738,71.42824609596828,30.400984548112568,58.334346345864454
2023-03-19,39188.25,5627.7699999999995,13373.88,74468.3659776812,113656.6159776812,1457822.3200000068,230858.96000000002,137501.89509456063,7913.761333333333,19007.120166666668,1370854.3926666714,242153.69700000004,17.37503688864014,72.1232033388613,30.599064945265816,58.899175282235625
2023-03-20,30222.4,8965.85,21435.06,61091.933895301205,91314.33389530121,1452505.5700000068,234105.49000000002,136674.28603820634,7897.182,18965.385166666667,1374061.7410000048,242048.0816666667,17.306715995428032,72.45103270641923,30.649930781216224,59.107817920631035
2023-03-21,23718.02,6504.38,15795.5,55416.382524581204,79134.40252458121,1440788.5300000068,235791.66000000003,135689.8871283507,7827.847333333334,18804.767666666667,1376902.2198333384,241897.5676666667,17.33425312864014,73.22091100726735,30.902182600904073,59.65298153500342
2023-03-22,31536.46,7188.32,17322.73,48399.97987360987,79936.43987360987,1431665.4800000067,234954.09000000003,134705.7386743122,7854.413333333333,18872.032833333335,1379621.491166672,241744.59433333337,17.150324659212256,73.10402135004085,30.778185979517254,59.47616002973586
2023-03-23,53223.33,9576.42,22965.6,48631.97028775987,101855.30028775986,1440123.4800000067,237879.24000000005,134162.15706050952,7938.767833333333,19074.469333333334,1382553.6960000051,241669.86050000004,16.899619673620993,72.48189566060125,30.441734230503073,58.93978110371917
2023-03-24,52717.99,9436.65,22590.23,42630.79199795987,95348.78199795986,1448234.7800000068,239328.85000000003,133661.64222822353,7968.5475,19146.384333333335,1385568.790666672,241596.52850000004,16.773651939481258,72.36712512108275,30.31876618668585,58.822010873878156
2023-03-25,59105.05,5238.51,12580.95,44238.59881685987,103343.64881685987,1438724.9500000067,235009.15000000005,133397.0878429192,7953.1433333333325,19107.881,1388429.492666672,241453.2283333334,16.772876113501354,72.66266168743002,30.359471496175736,59.076066304755635
2023-03-26,54179.53,4925.52,11820.75,44238.59881685987,98418.12881685987,1431230.5200000068,230858.73000000004,132917.7884386452,7930.6275000000005,19051.913333333334,1391164.597666672,241240.88616666672,16.76005945792375,73.01967909084924,30.418890077319443,59.36084847145354
2023-03-27,45019.56,9159.97,21774.739999999998,112662.50655584988,157682.06655584986,1432423.1600000067,234782.58000000005,133222.6957025377,7926.3475,19037.094999999998,1393794.139666672,241041.73483333338,16.807576970671256,73.21464433868047,30.410190170609273,59.61203113874245
2023-03-28,37738.29,7281.2699999999995,17579.88,110104.54141651986,147842.83141651985,1426285.4100000067,236901.57000000004,133448.4134498117,7899.777166666667,18968.419833333333,1396212.0030000056,240834.71466666667,16.89268072179315,73.60718579975928,30.486266838370526,60.01359968318191
2023-03-29,45211.119999999995,8162.48,19531.77,108617.49275104985,153828.61275104986,1418589.5800000066,235699.44000000006,133681.86271932785,7944.554499999999,19072.928333333333,1398532.8718333389,240621.13450000004,16.826854510133685,73.32554536941001,30.287555394075284,59.86484448546841
2023-03-30,51621.85,9775.1,23338.93,101231.63135035985,152853.48135035986,1428607.6700000064,236346.63000000006,133997.9369654992,8008.595666666666,19223.430833333336,1401034.5195000058,240424.2031666667,16.73176453684941,72.88160639206082,30.020769330053586,59.592601598856646
2023-03-31,46605.37,9985.85,23939.93,90931.16226852986,137536.53226852987,1439507.0000000063,236866.56000000006,133097.6011652215,8012.243333333333,19230.776333333335,1403578.4596666724,240177.89366666673,16.611777204955274,72.98605294648473,29.97636038679139,59.621469764648616
2023-04-01,44551.659999999996,5562.73,13253.11,91923.31944336987,136474.97944336987,1428680.4800000065,233532.32000000007,132551.78402248502,7959.081,19097.679999999997,1405840.2666666722,239834.87850000005,16.65415693375718,73.61314393511005,30.133488841236826,60.1338120276304
2023-04-02,39566.55,4985.11,11986.76,91923.31944336987,131489.86944336985,1417920.9100000064,227443.85000000006,131899.6467757637,7872.381666666667,18890.802499999998,1407768.3810000056,239423.9176666667,16.7547322221755,74.5213646164585,30.41314913381783,60.86294770481618
2023-04-03,31253.81,8312.74,20015.83,78037.89729507986,109291.70729507986,1416358.9800000065,230291.51000000007,131084.01744908086,7830.117833333334,18790.132999999998,1409488.486833339,239063.70400000003,16.741001890296907,75.01216126747688,30.53130349868937,61.22185965908443
2023-04-04,24030.81,7223.0,17375.49,73760.03584279986,97790.84584279986,1409795.3100000066,232201.83000000007,130203.49568204503,7769.012333333333,18644.724,1410916.4880000057,238737.96900000004,16.759336978189683,75.67376636951053,30.72951345123793,61.703589896462276
2023-04-05,30985.42,7044.12,17076.7,68594.56883935987,99579.98883935987,1401439.4600000065,229689.32000000007,129390.55179828519,7785.2175,18688.077999999998,1412216.2576666726,238459.51650000003,16.620030435666724,75.56776345147279,30.629782212250337,61.55801167488917
2023-04-06,50757.45,9096.97,21823.19,65555.39522802987,116312.84522802987,1409975.8300000064,231440.53000000006,128943.20735433653,7850.1151666666665,18843.9285,1413702.7211666727,238306.4068333334,16.42564530796415,75.02165597617676,30.357058689436222,61.090242594704684
2023-04-07,51742.5,7945.88,19183.6,62428.24931074986,114170.74931074986,1418340.0200000065,231442.83000000007,128738.61575643052,7841.926333333333,18826.752833333332,1415243.9758333392,238113.39866666673,16.416708125554166,75.17196344807837,30.364146326461718,61.22452524717082
2023-04-08,58289.55,5017.6,12084.61,71112.14572354987,129401.69572354987,1412149.3000000066,227732.9700000001,128964.98629632835,7802.2105,18733.959333333336,1416640.138500006,237835.86400000003,16.529288244187764,75.61883279950213,30.483138592582197,61.664982451107704
2023-04-09,53521.89,4767.66,11453.1,71112.14572354987,124634.03572354987,1408711.2500000068,222858.8300000001,129032.58670507687,7753.1165,18616.305166666665,1417922.751500006,237501.67466666672,16.64267352426303,76.16563753149367,30.63305893399986,62.17525212175684
2023-04-10,45703.56,7818.33,18808.12,58623.86662606986,104327.42662606985,1412340.5600000068,225318.96000000008,128429.68247738652,7729.214333333333,18558.039333333334,1419146.4088333396,237189.23350000006,16.616136768715975,76.47070810353958,30.68736656416524,62.39947830809031
2023-04-11,38464.409999999996,7239.15,17414.920000000002,56502.59130163986,94967.00130163986,1407091.6400000066,227789.32000000007,127733.84328887938,7701.572499999999,18487.744499999997,1420174.331000006,236913.18900000007,16.585423728580025,76.81706824756293,30.76166445229206,62.640827523850895
2023-04-12,45928.02,9110.7,21678.79,45037.077655579866,90965.09765557986,1407070.0400000068,227114.98000000007,126846.19320627119,7753.5175,18609.896833333336,1421215.022666673,236690.6083333334,16.359825486467425,76.36877492630947,30.526868396612684,62.201732016164215
2023-04-13,53050.15,9700.51,23158.49,52124.25171134987,105174.40171134987,1416967.2700000068,228493.8500000001,126286.9896912592,7823.5678333333335,18775.695666666667,1422452.7825000063,236588.98616666673,16.141866777609696,75.76032375862113,30.240548967780203,61.66164156845062
2023-04-14,49139.36,9199.2,22102.760000000002,50584.52062174986,99723.88062174986,1424761.2500000068,228917.4600000001,124973.76256702753,7799.284,18720.355166666668,1423649.0125000062,236408.44983333338,16.023748150090128,76.04818390598409,30.31155806524463,61.76037399082959
2023-04-15,47821.93,5185.5,12494.38,52995.24723978987,100817.17723978986,1413756.4300000067,224165.3900000001,123894.6536374297,7741.434833333334,18580.22416666667,1424565.748500006,236094.4341666667,16.00409437071793,76.67107434880728,30.49750327291825,62.17766544660695
2023-04-16,42617.82,5204.11,12434.05,52995.24723978987,95613.06723978987,1404951.5900000068,220448.4800000001,122641.55651942936,7672.308,18413.91083333333,1425214.4800000065,235728.4488333334,15.984962610915693,77.39879338505577,30.724581030028173,62.65917496594328
2023-04-17,34225.86,8391.96,20162.21,114293.86863569096,148519.72863569096,1400714.3900000069,223633.3600000001,122271.40215592271,7651.384333333333,18361.767333333333,1425656.7015000063,235411.27050000004,15.980298051850056,77.64267325792312,30.767147517924105,62.855823791849076
2023-04-18,26204.87,8020.99,19160.76,112016.28267420096,138221.15267420097,1393819.150000007,226026.5800000001,121945.54606195056,7614.759,18273.103833333334,1425828.283166673,235112.26816666673,16.0143671076065,78.02879555501201,30.87586464215962,63.167298020458894
2023-04-19,33487.48,6390.78,15559.23,107731.79032047096,141219.27032047097,1383278.3500000068,223451.5100000001,121713.71709541626,7625.949999999999,18304.38,1425848.4308333397,234841.0361666667,15.960466183939873,77.89657070238597,30.794987662739295,63.06204922358655
2023-04-20,51872.72,9203.36,21936.15,97853.45099779095,149726.17099779093,1390739.0400000068,226150.4900000001,121680.98696245228,7699.035833333333,18476.91,1426052.141166673,234712.2246666667,15.804704588544555,77.18022879186363,30.485924438806897,62.49900894160128
2023-04-21,50994.14,8882.3,21250.96,98024.51461879096,149018.65461879096,1399517.8400000068,227844.4700000001,121903.74290710945,7713.309333333334,18510.0085,1426333.3710000066,234571.12066666674,15.804337365324919,77.0574130746621,30.411216577683398,62.45053386230362
2023-04-22,57260.19,4895.0199999999995,11747.07,99637.34587736095,156897.53587736096,1391050.770000007,223163.07000000007,122480.27627779564,7684.0385,18438.236833333332,1426458.2171666732,234316.3913333334,15.939570875106318,77.36413356985787,30.493911675915392,62.80979276904879
2023-04-23,52484.89,4775.3,11432.24,99637.34587736095,152122.23587736094,1384830.790000007,218501.72000000006,122869.34476247616,7630.5095,18308.576666666668,1426411.4898333398,233978.35333333342,16.10237753618892,77.90946919594913,30.66352952359648,63.34831720854157
2023-04-24,43612.76,8872.13,21103.829999999998,93481.56765768095,137094.32765768096,1387422.270000007,222135.34000000005,122782.77067555701,7619.074833333333,18278.385333333335,1426278.32233334,233644.2848333334,16.115181089754405,78.03087068814065,30.66570285031764,63.48034892757741
2023-04-25,35639.53,7973.23,19008.42,74727.38839340095,110366.91839340095,1384126.6200000069,225183.05000000008,122445.23415224487,7600.696333333332,18230.325,1425977.65033334,233314.35366666672,16.109739000524673,78.22008934746583,30.696444566986834,63.633383781003666
2023-04-26,43530.71,8147.29,19413.96,74727.38839340095,118258.09839340096,1381907.9700000067,224170.37000000008,122112.29329559937,7649.215833333333,18343.857333333333,1425682.2575000066,233037.22200000007,15.964027680257775,77.71987273959792,30.465504840964645,63.21839557889105
2023-04-27,52349.38,8894.88,21300.98,65771.74799492095,118121.12799492094,1388859.3000000068,225783.9800000001,121863.10759897923,7711.425833333333,18491.76366666667,1425547.9005000067,232848.87066666674,15.802928048949777,77.09096472337603,30.195307028715302,62.69858574361051
2023-04-28,46636.61,10339.73,24582.75,66176.15063636095,112812.76063636095,1400231.4900000067,227961.2300000001,121820.5068568334,7727.677833333334,18526.756166666666,1425480.65033334,232631.99400000006,15.764180324826782,76.94172889790953,30.10373866733187,62.60217055540444
2023-04-29,46730.98,5015.44,12066.02,68179.29582954095,114910.27582954094,1386874.3200000068,223201.5700000001,122016.60473049006,7659.136666666667,18364.82616666667,1425080.0406666733,232282.53500000006,15.930856184029016,77.59834085733327,30.327508844556462,63.20168819680582
2023-04-30,42421.18,4309.8,10460.01,68179.29582954095,110600.47582954096,1376432.0900000068,217525.52000000008,122060.47673638024,7573.201333333333,18162.81,1424381.3345000066,231843.49300000007,16.11742133397839,78.4229606817451,30.61367086327738,63.9267111524461
2023-05-01,35006.01,7415.17,17839.88,58948.130775450954,93954.14077545096,1371859.1200000066,219377.96000000008,121820.98692728189,7548.504666666666,18102.994499999997,1423501.5556666735,231432.91666666672,16.1384263912864,78.63348550797349,30.659438774496362,64.11247312476353
2023-05-02,28381.35,6624.66,15975.93,59147.30983257095,87528.65983257095,1364544.2300000065,221017.5100000001,121635.76274256922,7474.356,17930.238666666668,1422313.1310000068,231034.89100000003,16.273744887528668,79.32482982751188,30.910340770495818,64.68823394454472
2023-05-03,35849.67,6565.03,15971.11,50970.707576250956,86820.37757625096,1356034.7700000065,219269.8000000001,121479.71652025123,7492.6885,17977.683166666666,1421016.4316666734,230697.46166666676,16.213101147905885,79.04335717193258,30.78967738571632,64.46678093412216
2023-05-04,52894.17,9022.09,21426.49,48980.78959625096,101874.95959625096,1363778.6000000066,221068.8900000001,121663.12466493322,7554.512,18122.253833333332,1419888.5490000066,230482.96133333343,16.10469672494176,78.3505496644309,30.50931169787452,63.94593469149814
2023-05-05,53467.36,8979.82,21506.01,42106.24837002229,95573.6083700223,1373700.2600000065,223004.5900000001,120744.75187986273,7544.898499999999,18102.5655,1418800.19583334,230242.6423333334,16.003495856155354,78.37564216151242,30.516333961727042,63.86280405594073
2023-05-06,58801.7,5083.88,12127.15,53082.37614342228,111884.07614342228,1366562.3600000064,218991.50000000012,120262.40680384742,7507.2005,18008.852000000003,1417549.3353333399,229899.72766666673,16.01960768249728,78.71403104058713,30.62389604043035,64.10974268265406
2023-05-07,53824.24,4977.46,11930.960000000001,54269.82699852229,108094.06699852229,1362439.9500000062,216023.0800000001,119689.18057156527,7457.765166666666,17889.281166666668,1416163.6381666735,229515.56650000007,16.048933949613986,79.16269105353601,30.775381279883433,64.43624372326656
2023-05-08,46262.409999999996,7561.83,18325.23,114496.65463145915,160759.06463145916,1361553.3300000061,218567.31000000008,119651.7184561184,7438.338000000001,17842.036333333333,1414662.7890000069,229151.69400000008,16.08581358579274,79.28819124513647,30.80684072167735,64.56716410925186
2023-05-09,39235.89,7026.5199999999995,16863.31,111312.45588669917,150548.34588669916,1355501.3300000061,220826.17000000007,119522.22936571554,7394.75,17737.557166666666,1412927.8291666734,228793.32750000007,16.163119695150687,79.65740805740265,30.939967882619435,64.8805598699339
2023-05-10,46461.9,7033.48,17075.65,111965.32091739804,158427.22091739805,1350684.940000006,220041.3200000001,119421.95369249098,7422.671333333334,17807.052833333335,1411149.7880000067,228486.78450000007,16.08881066257067,79.24667833626296,30.78228500754491,64.55320399128871
2023-05-11,57823.84,8294.42,19851.16,119381.19802800806,177205.03802800807,1357934.080000006,221096.5900000001,119714.12147110993,7481.431833333333,17945.207333333332,1409552.1580000068,228266.64383333342,16.001498662024378,78.54755488847181,30.51109051295463,64.03796303754154
2023-05-12,52055.38,9063.42,21587.73,111705.84920903806,163761.22920903805,1367095.2100000058,221049.3100000001,120249.52712805221,7469.404833333333,17916.44616666667,1407970.9471666734,227982.53116666674,16.098943598748427,78.585392106733,30.52218165351819,64.16215405196324
2023-05-13,53420.659999999996,4674.32,11231.07,111846.58984988806,165267.24984988806,1355843.080000006,216023.1200000001,121040.74363204201,7408.616166666666,17771.404666666665,1406122.2651666733,227567.57950000005,16.33783434167321,79.12274192957285,30.716610819155015,64.74396545209106
2023-05-14,48477.29,4943.37,11775.51,111846.58984988806,160323.87984988806,1345836.7700000058,211767.2900000001,121750.81574073127,7344.745833333333,17615.320499999998,1404006.7590000066,227113.0413333334,16.576586651668514,79.70373056794548,30.9218380713197,65.35847914829431
2023-05-15,40717.979999999996,7759.3099999999995,18634.27,94357.52356694805,135075.50356694806,1341890.0600000059,214341.1000000001,121939.83921170738,7308.4415,17528.66016666667,1401680.5331666733,226680.04800000007,16.684793770560713,79.96506976797778,31.01619517649557,65.63366836204293
2023-05-16,34147.9,6570.08,15900.65,89840.87525569806,123988.77525569807,1336361.9000000057,215707.0700000001,122029.08769967433,7269.259166666667,17435.148,1399155.9386666731,226276.99916666673,16.78700468670056,80.249157544672,31.127931193355224,65.90823103801733
2023-05-17,40509.69,7594.18,18091.98,87338.17149505805,127847.86149505805,1328112.6000000057,214909.2900000001,122171.81229163062,7309.044166666666,17528.208833333334,1396772.59583334,225934.65900000007,16.71515584059575,79.68712656920782,30.911656004267787,65.49062640553579
2023-05-18,56226.46,7764.22,18786.53,82561.38592947806,138787.84592947806,1333774.6900000058,214652.5200000001,122590.66612416058,7344.651666666668,17618.41966666667,1394705.13533334,225664.55166666675,16.691147747759388,79.16176148148323,30.72501759216628,65.12789163707633
2023-05-19,55729.32,8984.17,21369.94,73889.11799460805,129618.43799460804,1342392.3800000057,217245.91000000012,123229.06785914901,7344.956999999999,17617.334333333336,1392869.9155000066,225383.55866666677,16.777370903485075,79.06246706487207,30.685483749825462,65.15435421853168
2023-05-20,57906.25,4821.45,11549.61,74525.48680362805,132431.73680362804,1331254.6800000058,212864.00000000012,124117.35676379978,7316.908166666666,17546.569499999998,1391044.3513333397,225001.43100000007,16.963087951443214,79.27728273799273,30.75088901963123,65.48948166980472
2023-05-21,53383.09,4523.16,10827.03,74525.48680362805,127908.57680362805,1324331.7500000058,208504.86000000013,124916.8923793001,7272.488833333334,17438.307833333332,1389255.4558333396,224560.61050000007,17.176635845316884,79.66687301951266,30.878096295002912,65.96541256982664
2023-05-22,45525.06,7858.03,18793.03,56536.86418973806,102061.92418973806,1324019.570000006,211467.87000000014,124920.33611099973,7243.849,17368.765,1387320.3906666732,224120.4210000001,17.245022102338098,79.87444073695931,30.939410940233582,66.18005189906383
2023-05-23,38202.55,7322.51,17460.02,52681.34517841805,90883.89517841805,1320319.670000006,214015.08000000016,124845.92133067404,7208.613333333333,17283.2615,1385188.472166673,223698.52483333342,17.31899264916517,80.14624277753785,31.032115954802233,66.43311947190078
2023-05-24,43845.67,7881.48,18839.64,47782.22866309805,91627.89866309805,1316027.2500000058,213024.43000000017,124650.65882811135,7252.662833333334,17387.573,1383143.5105000064,223332.1128333334,17.186881796740266,79.54781903719434,30.79311943289244,65.94158140104217
2023-05-25,53359.43,8319.45,19995.01,44633.35495803806,97992.78495803806,1323116.350000006,213370.65000000017,124643.56976379763,7309.2283333333335,17523.810666666664,1381341.6076666734,223040.6448333334,17.052904093222466,78.82655399229034,30.514937372549827,65.36452071296299
2023-05-26,49077.229999999996,8064.86,19444.7,43650.952846558066,92728.18284655806,1330999.160000006,213288.22000000015,123561.00503530944,7290.976500000001,17484.97666666667,1379651.207666673,222682.40550000008,16.947113330472185,78.90494988745611,30.542192187836577,65.30987103009173
2023-05-27,51517.43,4597.88,11037.54,43740.12636155806,95257.55636155806,1318723.300000006,208991.22000000015,122684.58378439341,7246.253333333333,17375.93766666667,1377858.5058333396,222217.2330000001,16.930761062414796,79.2969295968741,30.666500711172134,65.56118994811676
2023-05-28,47186.9,4330.53,10409.2,44479.762633558064,91666.66263355807,1309198.940000006,202982.02000000014,121648.5512824352,7182.3875,17223.894833333332,1376035.3285000063,221671.94266666676,16.93706323731979,79.89106655696544,30.86326693828017,65.96486285600506
2023-05-29,39072.8,8114.1,19340.09,115563.74586103807,154636.5458610381,1307398.470000006,206080.68000000014,121678.26902427986,7154.704166666666,17157.2475,1374015.1751666733,221167.5101666668,17.006750550382158,80.08365999072247,30.91218099513783,66.1782295459668
2023-05-30,32940.59,6132.21,14907.3,116415.05908018808,149355.64908018807,1298471.8800000062,207903.09000000014,121875.25430447416,7090.476833333333,17006.703666666665,1371664.58983334,220684.78566666678,17.188583669228194,80.65434764538283,31.124110670413085,66.71882064419793
2023-05-31,40969.69,6881.49,16486.28,118529.84515488807,159499.53515488806,1293446.7800000063,207369.41000000012,122258.99689966612,7112.456166666667,17060.589833333335,1369410.6948333397,220248.73716666678,17.189420087064548,80.26748829971615,30.966621376014587,66.49028701076611
2023-06-01,56182.19,7662.4800000000005,18543.25,101612.14254069807,157794.33254069806,1299481.7000000062,208407.23000000013,122697.40461795493,7157.079,17169.86466666667,1367436.7080000064,219931.46016666677,17.143502903622405,79.64167071478022,30.72922070116409,66.05595291723853
2023-06-02,56872.74,8512.84,20452.47,98028.26380431808,154901.00380431808,1306560.2900000063,210355.04000000012,123457.55955977556,7160.414,17177.142,1365606.7298333396,219599.18566666677,17.241678981100193,79.50139376115885,30.668504037150196,66.07456870510885
2023-06-03,59514.89,4643.14,11213.25,98028.26380431808,157543.15380431808,1296338.4800000063,205976.09000000014,124453.4313591342,7117.416333333333,17074.438000000002,1363715.782666673,219162.0900000001,17.48575965358041,79.8688532335104,30.792366181192456,66.56224670589836
2023-06-04,54086.799999999996,5428.09,12820.68,98028.26380431808,152115.06380431808,1293363.6600000062,202424.36000000013,125329.01594188351,7090.4825,17003.504333333334,1361914.5193333398,218707.67400000012,17.67566818504714,80.09610799248419,30.84524558096013,66.92653059657121
2023-06-05,45539.92,8546.88,20323.47,79469.07400667807,125008.99400667807,1296364.4000000062,205887.36000000013,125473.95175486097,7081.314333333334,16978.509000000002,1360020.9955000062,218281.78783333342,17.719020205645577,80.10249872353374,30.825038623950377,66.99648030522894
2023-06-06,37917.5,7622.42,18149.07,76124.53238695808,114042.03238695808,1291547.8700000062,208532.32000000015,125471.80647279779,7075.923333333334,16961.266833333335,1357907.7930000063,217899.94600000008,17.732216781055822,80.05933792229256,30.79456005034915,66.99699465299923
2023-06-07,44834.7,7070.5199999999995,17051.6,67550.38313691807,112385.08313691807,1286009.2400000063,208041.01000000015,125188.1962630206,7110.138666666667,17044.05,1355805.4586666732,217571.74666666676,17.60699785644414,79.54714159291208,30.600211453916337,66.55392799543989
2023-06-08,56777.61,7806.13,18737.54,69059.15364413807,125836.76364413807,1292165.8300000064,208820.62000000017,125208.24172836373,7160.779833333333,17165.457333333332,1353863.0350000064,217337.77650000012,17.485280184920793,78.87136408366825,30.351132356883216,66.00551191170584
2023-06-09,51621.66,8390.37,20117.14,64303.39068878807,115925.05068878808,1300462.2200000063,210177.51000000015,125401.53546274237,7170.313833333334,17187.27433333333,1351998.3960000062,217085.4190000001,17.488988401006395,78.66275767635328,30.275581243154807,65.87616483420487
2023-06-10,54025.02,4491.08,10800.7,65516.97739322807,119541.99739322807,1289488.1800000062,206374.17000000013,125811.11873093549,7124.5126666666665,17077.037333333334,1350038.3383333397,216728.49983333342,17.658908702565128,79.05577015388654,30.420115729085204,66.29456312736647
2023-06-11,49289.3,4735.72,11262.82,65516.97739322807,114806.27739322808,1283171.1200000064,202046.47000000012,126208.47172656297,7051.596333333334,16903.437833333333,1347973.3563333398,216310.69133333344,17.897858266498847,79.74551506174419,30.67542172129442,66.96795160694862
2023-06-12,41353.65,7935.65,18902.2,52678.613597368065,94032.26359736806,1282541.5500000063,205307.8000000001,126022.76942466326,7022.182,16832.499666666667,1345732.927666673,215924.2571666668,17.946383250201045,79.94848978560341,30.748883632846145,67.14598940295832
2023-06-13,34403.49,6950.16,16606.44,50676.925412298064,85080.41541229805,1275809.0600000063,207314.5900000001,125778.7116711724,6984.698,16740.894333333334,1343250.391166673,215564.20933333348,18.007752328185468,80.23767215901267,30.862352149417696,67.38307233778045
2023-06-14,41897.91,7293.74,17360.16,42604.67478209807,84502.58478209807,1269229.2900000063,206849.0200000001,125506.80179687754,7019.835333333333,16821.99066666667,1340841.6055000063,215275.60316666678,17.878881175590376,79.70766552361299,30.66675968087762,66.91978701832575
2023-06-15,56060.25,8091.97,19376.14,40471.670429658065,96531.92042965806,1275352.3200000061,208370.91000000012,125522.1160167087,7067.966333333333,16937.692166666664,1338681.617666673,215074.31033333344,17.75929738441624,79.03565636298403,30.429447480390298,66.36550626700998
2023-06-16,56391.49,8323.05,19816.88,36561.44954795806,92952.93954795806,1283182.440000006,209099.78000000012,124596.00286524647,7066.8178333333335,16931.936666666665,1336722.7518333395,214832.08400000012,17.63113268288055,78.94683154968921,30.400116299398988,66.17784793317077
2023-06-17,58085.97,4947.76,11738.81,37498.42872041806,95584.39872041806,1274905.420000006,206283.32000000012,123885.39029935008,7015.597333333333,16808.2375,1334740.8563333398,214503.0296666668,17.658566250764025,79.40992363615399,30.575162666120345,66.49332722079767
2023-06-18,53760.79,4325.18,10380.9,39020.57920841806,92781.36920841807,1267910.830000006,201624.3300000001,123078.09194748252,6981.170666666668,16721.932,1332818.0643333395,214139.24333333346,17.630007605336083,79.70478915554371,30.67383015799835,66.66096660288143
2023-06-19,46072.6,7688.19,18276.05,107484.54518655807,153557.14518655807,1269110.180000006,204491.0700000001,123141.94151729532,6955.917833333334,16660.930333333334,1330790.9166666728,213778.2530000001,17.703190932933243,79.87494635903822,30.733291870636688,66.84484542133477
2023-06-20,39044.86,7027.74,16756.78,104774.35330229806,143819.21330229804,1264043.770000006,206995.65000000008,123055.28416202046,6925.0085,16586.027333333335,1328533.0155000063,213430.77266666677,17.769694313302352,80.09953129825259,30.82029035295289,67.04893525860204
2023-06-21,43692.79,7880.37,18752.4,108753.63952499672,152446.42952499673,1263612.570000006,207017.99000000008,122981.09905614771,6974.7643333333335,16702.782833333335,1326409.0455000063,213161.6880000001,17.632294537666965,79.41245831520507,30.561848087292617,66.48290476557942
2023-06-22,54113.6,7882.64,18934.89,104904.02418346671,159017.62418346672,1270462.8500000057,207578.12000000008,123096.0221945828,7026.553333333333,16827.827,1324502.9131666727,212979.6280000001,17.518691790273106,78.70908782023209,30.31068262011818,65.91709699038702
2023-06-23,49183.49,8335.2,19965.17,93971.66803206672,143155.1580320667,1278974.9200000055,208031.84000000008,123197.0360341559,7017.6044999999995,16808.84933333333,1322695.4573333396,212744.5696666668,17.555425934042866,78.69042259248083,30.31583921075444,65.93000931576927
2023-06-24,51232.65,4646.44,11094.84,94104.78201753672,145337.43201753672,1271261.6400000055,204358.83000000007,123779.87792789147,6962.157999999999,16676.95633333333,1320814.3743333395,212397.4993333335,17.7789527224018,79.19996598500056,30.507423033682013,66.47149567372034
2023-06-25,47130.09,4102.56,9972.81,94104.78201753672,141234.87201753672,1263819.5300000056,200396.5300000001,124162.82415496043,6894.745833333333,16519.603833333334,1318846.2336666728,212001.2686666668,18.008325057420237,79.83522165377227,30.74823551025269,67.09531120093982
2023-06-26,39512.2,7617.89,18326.14,68486.29362477672,107998.49362477672,1260466.8800000055,203416.5400000001,123994.11358212469,6873.462666666667,16470.023166666666,1316706.3600000062,211628.47800000012,18.039541290220825,79.94562889655556,30.789208913042778,67.19596127373362
2023-06-27,33038.69,6473.51,15744.130000000001,67457.14764635672,100495.83764635673,1253052.5200000054,205559.5200000001,123788.83153229128,6809.025666666666,16322.712833333333,1314253.3771666728,211255.11616666676,18.18010940071719,80.51684732716598,31.025748250716454,67.67120847716672
2023-06-28,40737.31,6633.3099999999995,15976.98,65336.55927899673,106073.86927899672,1246926.7400000053,204078.7300000001,123641.55808978221,6835.9901666666665,16387.8955,1311920.9175000058,210936.4021666668,18.086854292546725,80.05426428915207,30.856744527694755,67.28437405400405
2023-06-29,56615.94,7282.849999999999,17606.46,62215.33693020673,118831.27693020673,1252038.8200000054,205229.3700000001,123778.73810812664,6885.540999999999,16507.003,1309847.6963333392,210731.46633333343,17.97661768452568,79.3510303677378,30.604925064469654,66.72272298779383
2023-06-30,56316.479999999996,8068.19,19312.64,64273.93248746673,120590.41248746673,1258917.4100000053,206416.07000000012,124222.67596999356,6896.424666666667,16531.549,1307965.3345000062,210515.43483333345,18.012619868149105,79.11934534991283,30.525300428618245,66.6066647894437
2023-07-01,58155.96,4597.14,10964.64,65354.852216066734,123510.81221606673,1249719.8400000052,203350.73000000013,124822.3785097185,6862.632666666667,16448.0275,1306051.5946666726,210220.98850000012,18.188701708603542,79.40475504838939,30.63270303262627,66.96075372436667
2023-07-02,54048.58,4107.38,9896.81,65354.852216066734,119403.43221606674,1240455.8900000053,198945.27000000014,125365.42942038209,6821.671833333333,16346.789166666666,1304125.2800000058,209882.24633333346,18.37752276616386,79.77868110388891,30.766980801944687,67.3892230681081
2023-07-03,47002.49,7046.09,16950.88,51652.17020564673,98654.66020564674,1241847.5400000052,201348.22000000012,125311.75776387201,6788.7385,16272.195666666667,1302093.0956666726,209553.5685000001,18.458769293274738,80.01950826672946,30.867821540040186,67.61045601996402
2023-07-04,40996.159999999996,6006.33,14493.07,53411.71980072984,94407.87980072983,1234404.4600000053,201926.4600000001,125292.3289543838,6739.180333333334,16155.313333333332,1299771.499000006,209202.26633333348,18.591627283612354,80.4547378426998,31.042687090383563,68.00367803592859
2023-07-05,47330.96,7304.5599999999995,17501.61,39153.50869087984,86484.46869087985,1230655.1100000055,200684.1400000001,124869.0021635081,6776.191666666667,16244.887666666667,1297506.3781666725,208897.1436666668,18.427607763481912,79.87167438707881,30.828104330972554,67.47117781958818
2023-07-06,57089.59,7590.52,18296.73,40364.780796079845,97454.37079607983,1237204.7700000054,200652.24000000008,124691.67389346739,6819.742666666667,16350.983833333332,1295419.1251666725,208640.9630000001,18.28392653331798,79.22576025827962,30.593670934211218,66.91601585738638
2023-07-07,52769.409999999996,8801.5,21023.97,39664.79124245984,92434.20124245984,1246796.5000000054,202383.2200000001,123552.92617031741,6840.403833333333,16395.962833333335,1293506.5113333391,208371.22816666678,18.062226906581625,78.89176893616845,30.461831383590603,66.49216445915947
2023-07-08,56305.19,4574.62,10991.72,41800.917590199846,98106.10759019986,1236684.3900000053,199151.71000000008,122678.88886537575,6799.538833333334,16298.103000000001,1291526.2290000059,208009.98716666678,18.042236668164588,79.24396041674333,30.591778687539925,66.694418397368
2023-07-09,51848.72,4456.47,10669.82,41800.917590199846,93649.63759019985,1228345.7900000054,195217.81000000008,121599.26247658911,6756.5886666666665,16191.339166666667,1289487.2431666725,207596.2620000001,17.997138567350376,79.64055535451679,30.725011132343624,66.91268278952354
2023-07-10,44821.71,7027.01,16913.63,96714.70489313095,141536.41489313095,1225845.4600000053,197753.7400000001,121004.78542434117,6735.465166666666,16142.380333333333,1287285.7661666723,207207.21450000012,17.965319755966547,79.74572148498333,30.76360865548734,66.94743258546254
2023-07-11,38163.96,6657.75,16019.04,96954.44893283094,135118.40893283093,1220563.5200000054,199675.7700000001,120527.40508640438,6695.370666666667,16049.568833333333,1284843.5713333392,206850.98883333342,18.00160306082198,80.05470954863591,30.89462841290541,67.16168419655249
2023-07-12,42571.08,6974.55,16763.24,101690.13846297095,144261.21846297095,1212744.0100000054,198714.6700000001,120177.30456328909,6733.707833333334,16141.771666666666,1282458.5868333392,206562.5146666668,17.847121903386572,79.44967958391221,30.675895031283797,66.62090645601498
2023-07-13,56807.3,7502.41,18184.55,101690.13846297095,158497.43846297095,1218862.5400000054,199266.9200000001,120146.86387350714,6776.3585,16248.589000000002,1280342.3496666725,206354.1751666668,17.730299226864567,78.7971404573451,30.452074689771326,66.07536499443835
2023-07-14,58099.31,7794.76,18815.21,93834.72521764095,151934.03521764095,1227217.7400000053,199767.94000000012,120427.83940101867,6776.949333333334,16251.604666666668,1278431.1443333393,206111.28916666677,17.77021392334722,78.66491774535368,30.413579772963736,66.02155189573716
2023-07-15,58772.2,4810.97,11467.08,94208.00272326094,152980.20272326094,1220844.9400000055,196486.94000000012,120911.0298588114,6747.630833333333,16177.711833333333,1276505.8616666724,205790.95366666678,17.91903452416369,78.90521693163669,30.498253201710202,66.32599825409018
2023-07-16,53904.51,4867.69,11545.460000000001,94208.00272326094,148112.51272326094,1216414.4700000056,193031.58000000013,121248.77404594813,6702.189333333333,16068.603166666668,1274644.2261666725,205426.3251666668,18.0909204463857,79.32514188979685,30.650629958330054,66.76543237785249
2023-07-17,46339.15,7565.36,18105.78,78307.25726243095,124646.40726243096,1218549.1400000055,195649.1800000001,121013.08340149732,6698.875,16057.257333333333,1272723.8003333393,205109.60283333345,18.06468748879436,79.26159330406234,30.61851472573133,66.70776606712538
2023-07-18,39549.98,6789.17,16279.29,78593.17832968094,118143.15832968094,1213401.9400000055,198113.17000000013,120821.8287404152,6662.291666666667,15972.413166666667,1270573.9596666724,204790.72383333344,18.13517551999728,79.54802736497409,30.738780899965615,66.94442198500575
2023-07-19,49785.19,6944.26,16822.83,74011.01891111095,123796.20891111095,1208718.7600000056,197369.24000000014,120677.90327553994,6697.671833333333,16060.300166666666,1268531.6943333389,204532.47783333345,18.017888346655575,78.98555326918427,30.537847019527774,66.46559459631207
2023-07-20,58807.52,9907.91,23358.64,68636.76887348095,127444.28887348095,1219950.2500000056,200249.41000000015,120670.16514337082,6787.417666666666,16269.160333333333,1266792.0026666725,204394.88700000013,17.778508862949128,77.86462095841449,30.11379246687488,65.52933735448873
2023-07-21,52463.92,8953.8,21300.91,60026.22344025095,112490.14344025095,1229320.2000000055,201322.84000000014,120843.96879754604,6805.6804999999995,16310.958333333334,1265213.679833339,204225.8031666668,17.756338811019127,77.56832271760074,30.008138519971194,65.31652300864866
2023-07-22,54454.36,4784.09,11429.26,60693.031794320945,115147.39179432095,1222424.2300000056,198224.29000000012,121248.36040781108,6763.373500000001,16210.445666666667,1263582.0891666724,203962.62333333344,17.927201626201935,77.94863356316972,30.15693622913675,65.71889896023491
2023-07-23,49743.36,4711.0,11227.72,60693.031794320945,110436.39179432095,1216788.6400000055,194600.0900000001,121561.83529333145,6710.532166666667,16083.580333333333,1261928.112333339,203655.5510000001,18.11508122964785,78.46064658364556,30.3486438842543,66.22708392903911
2023-07-24,41573.21,8170.15,19462.69,44701.07529672095,86274.28529672095,1219175.6800000055,198123.8000000001,121366.52696564284,6708.043833333332,16074.708333333334,1260195.7678333388,203401.43683333343,18.09268543573811,78.39618248127915,30.32201963597785,66.16684828103942
2023-07-25,35159.31,6413.9,15457.04,39862.791190020944,75022.10119002094,1214781.5600000056,200435.1400000001,121071.42560470056,6680.527833333333,16008.247333333333,1258258.807833339,203187.21883333343,18.123032883808893,78.60066012431712,30.41484503956488,66.30884796856112
2023-07-26,38989.92,7008.47,16925.25,39188.16968602095,78178.08968602095,1210119.0800000057,199825.7200000001,120786.76782677493,6720.704333333333,16106.375833333332,1256448.7375000056,203034.46050000013,17.972337694978933,78.00940140113286,30.210294997354712,65.77144409875709
2023-07-27,55472.15,8012.65,19232.37,31187.301738800947,86659.45173880094,1218120.3800000057,201364.86000000007,120703.31431186231,6782.073,16253.428666666667,1254930.7615000058,203007.50783333342,17.797407121961427,77.21021744007034,29.932958231698983,65.07466633033278
2023-07-28,56291.979999999996,8601.44,20520.75,24759.921026300948,81051.90102630094,1226865.6200000057,203332.99000000008,119476.9035646167,6790.195333333333,16273.106333333331,1253588.547333339,202961.7130000001,17.595503177662643,77.03437325703001,29.89040860189296,64.73946783279969
2023-07-29,57883.36,4762.61,11389.81,25758.773094380947,83642.13309438094,1219621.1600000057,200812.75000000006,118381.67829818658,6767.368666666666,16214.4815,1252274.3686666721,202843.54066666678,17.49301451261065,77.23184788034524,29.973768337137063,64.75109405581883
2023-07-30,53295.27,4588.09,10960.97,26825.494752320945,80120.76475232095,1214681.4800000058,197332.65000000005,117058.69879147713,6729.145333333334,16122.393,1250961.6136666723,202676.26133333344,17.395775093698447,77.59155937128392,30.119168377796978,64.86816608718539
2023-07-31,45111.03,8184.24,19417.43,91587.16634497094,136698.19634497096,1216006.9300000058,200919.75000000003,116707.09652154836,6737.841333333333,16136.962666666666,1249570.3675000058,202551.47000000012,17.321140517835737,77.43528898912199,30.061774977980107,64.69465452897761
2023-08-01,38003.3,7107.73,17027.57,87794.31154991096,125797.61154991096,1214247.9700000058,203920.10000000003,116222.0399839749,6714.422833333333,16079.881,1248031.828833339,202444.2210000001,17.30931203900324,77.6144940894363,30.150651221275254,64.77315490716428
2023-08-02,46234.02,8797.94,20938.91,88504.92544595985,134738.94544595983,1213816.9400000058,205671.95000000004,115841.96984466891,6783.6695,16241.975333333334,1246656.469833339,202439.1520000001,17.07659399454365,76.7552249186607,29.84213072290743,63.98968819029693
2023-08-03,54006.68,8394.37,20177.79,91190.01594502984,145196.69594502985,1222445.1200000057,208059.99000000005,115726.66371368078,6833.107499999999,16364.593833333334,1245474.4941666722,202533.07916666675,16.936169043686316,76.10787697215821,29.63996675987708,63.404079255967446
2023-08-04,48235.75,8393.17,20252.71,101170.25645912984,149406.00645912986,1231870.8000000056,209148.60000000006,116133.28058788832,6830.545666666667,16363.4145,1244399.600833339,202587.43316666677,17.002050239503312,76.04767335285302,29.65904088092134,63.390682711435005
2023-08-05,51824.89,4309.67,10467.48,101766.17060164985,153591.06060164986,1223545.2500000056,205867.7500000001,116792.43105813318,6775.333166666666,16235.388,1243266.2238333388,202543.0236666668,17.23788752304159,76.57754922970358,29.894179176773097,63.92125757597208
2023-08-06,47308.3,4516.59,10829.68,101766.17060164985,149074.47060164984,1216914.9100000055,201582.84000000008,117403.92084921204,6732.767666666667,16131.689333333334,1242114.6516666722,202435.38750000013,17.43769080737308,76.99842378566379,30.067187451341848,64.36892714169502
2023-08-07,38891.12,8417.18,20084.76,90352.36651197984,129243.48651197983,1218160.0300000056,205425.40000000008,117460.69956367605,6742.951833333334,16154.143000000002,1240881.2216666723,202378.80050000007,17.419774375818154,76.81504501146685,30.013383678577373,64.22143570870763
2023-08-08,31580.0,7311.12,17561.74,84746.41757130984,116326.41757130984,1215726.7600000056,208280.05000000008,117467.3890117181,6724.964333333333,16111.553000000002,1239468.9640000055,202347.17616666676,17.467362381309993,76.93044636975749,30.088959009596742,64.30884974147074
2023-08-09,36552.4,7122.85,17148.32,82437.69237035984,118990.09237035984,1213430.3800000057,208375.89000000007,117458.1905946703,6768.827166666667,16217.346666666666,1238201.3340000056,202380.53816666678,17.352812784627947,76.35042645693822,29.898907622179664,63.8043316193865
2023-08-10,53171.659999999996,9351.83,22233.47,81971.25883544983,135142.91883544982,1224626.3100000056,211069.97000000006,117797.13461870732,6845.762333333333,16400.190833333334,1237225.587166672,202530.92983333344,17.207307073038518,75.4397067534126,29.584861403553464,63.062152422897654
2023-08-11,53836.95,8753.16,20938.37,77344.32361240983,131181.27361240983,1235155.4800000058,212848.58000000007,118416.28478562468,6859.3875,16434.127,1236435.8193333386,202656.6095000001,17.26339046826334,75.23586858817256,29.544417704933583,62.954841351502324
2023-08-12,55274.13,4763.77,11419.36,87154.95838682984,142429.08838682983,1227234.7500000058,210109.94000000006,119372.0960018669,6822.947666666666,16347.675666666668,1235626.2475000056,202703.19866666675,17.49567809013928,75.58421592737366,29.709036118944304,63.37085789856864
2023-08-13,50449.43,4824.7,11481.380000000001,87154.95838682984,137604.38838682984,1223808.8300000057,207139.88000000006,120257.12606194575,6781.7970000000005,16249.696,1234869.239833339,202708.04633333342,17.73233938762038,75.99337488118786,29.890019759266373,63.835694509541874
2023-08-14,42948.1,7501.33,18083.2,73536.44231283983,116484.54231283983,1225405.7500000056,209830.24000000005,120589.66975999877,6771.953,16228.147,1234036.7970000056,202732.36850000007,17.8072218989114,76.04298858027386,29.93706077109514,63.91314970809011
2023-08-15,35005.76,7942.34,19008.74,57677.87403621672,92683.63403621672,1225871.2400000056,212904.89000000004,120585.18133480308,6765.607833333333,16214.678000000002,1233081.6103333388,202795.7870000001,17.823259092951627,76.04724622550869,29.97451108544154,63.895994233018776
2023-08-16,45735.65,7513.57,18173.4,55574.93411461672,101310.58411461672,1223592.1700000055,212853.10000000006,120680.61775803972,6808.3713333333335,16321.921166666667,1232226.3895000056,202905.2833333334,17.725328400816718,75.4951808011738,29.802323257534827,63.4181859444557
2023-08-17,53906.74,9332.02,22189.63,48663.74259438672,102570.48259438672,1234568.5500000054,215395.95000000004,120843.76964780588,6891.818666666667,16518.733333333334,1231670.684833339,203134.81033333344,17.534380327254578,74.56205388024136,29.474775840494175,62.62165836700177
2023-08-18,48281.43,8839.39,21141.3,44668.88129621672,92950.31129621672,1242889.1700000055,217291.08000000002,119833.65574963352,6911.005333333333,16566.4875,1231233.6680000054,203348.14383333345,17.339540337445385,74.3207434889264,29.423815208554338,62.236468617817444
2023-08-19,52532.68,4993.36,11933.35,44668.88129621672,97201.56129621672,1234499.0500000056,212376.53,119056.69488286549,6877.099,16486.097,1230741.2560000054,203437.82516666676,17.312051910677088,74.6532824597602,29.5819247573238,62.383409613113486
2023-08-20,47567.19,4965.49,11852.19,44668.88129621672,92236.07129621672,1228202.1700000055,208388.22,118053.18891238583,6828.517666666667,16371.093499999999,1230151.082666672,203460.66233333343,17.288260011197035,75.14165639984111,29.795729068187725,62.634187342850424
2023-08-21,38931.74,8635.45,20634.4,91311.36058269785,130243.10058269784,1231784.9700000053,212239.58000000002,117573.61351903969,6841.0644999999995,16399.41866666667,1229506.451333339,203538.35333333342,17.18645007937576,74.97256313313254,29.7524388687365,62.406574343771794
2023-08-22,30908.87,8022.87,19059.39,91909.44678747783,122818.31678747783,1232106.8200000052,215551.45,117234.6661649632,6835.859,16384.322333333334,1228725.3163333389,203663.68016666675,17.149953819258588,74.99396626453937,29.79342905795259,62.35049102584536
2023-08-23,34638.94,7328.99,17645.33,91858.40079677785,126497.34079677785,1229635.0100000054,214710.29,116920.66464461721,6880.568166666667,16493.497166666664,1228031.5391666724,203836.20450000008,16.992879339681064,74.45549762778766,29.624908810219633,61.823468157249096
2023-08-24,53208.84,8388.02,20150.63,87639.49390797784,140848.33390797785,1238984.9400000053,216684.41,116914.22234279124,6951.992500000001,16663.1275,1227617.629333339,204107.66916666675,16.81736888277587,73.67270215830366,29.359592831359745,61.13047820971978
2023-08-25,54711.17,8347.59,20131.15,85287.07611312784,139998.24611312785,1247853.2700000051,218023.53,117447.55155093042,6964.154166666666,16693.211,1227407.4025000057,204351.11900000006,16.864582365663754,73.52734009652221,29.34327904142464,61.04864342076132
2023-08-26,54755.01,5090.95,12160.789999999999,85422.44370570785,140177.45370570786,1241111.8600000052,215101.83000000002,118108.91181858628,6941.1115,16633.488666666668,1227208.3915000053,204510.1575000001,17.01584995696817,73.77937461545982,29.463603559746893,61.33162101268109
2023-08-27,49503.49,5251.5199999999995,12418.07,86195.82244470785,135699.31244470784,1236923.4900000053,211751.91,118602.66920468147,6918.081666666667,16574.1735,1227041.6706666723,204638.04383333342,17.14386659760663,74.03335500661147,29.580171743178333,61.59704986103977
2023-08-28,41700.27,7803.22,18767.0,76024.53878001784,117724.80878001783,1238330.3300000054,214792.52000000002,118584.22806884497,6926.7545,16593.51583333333,1226813.195833339,204797.42966666675,17.119738842894602,73.93328865055204,29.566145251238044,61.48688224220861
2023-08-29,34360.99,7339.28,17670.15,78438.40505899784,112799.39505899785,1236624.3400000054,217543.71000000002,118454.37777837049,6914.606000000001,16566.141,1226441.644666672,204982.8903333334,17.13103794755196,74.03303187306398,29.64491257106094,61.51915724955499
2023-08-30,43722.37,8109.75,19345.06,80201.03246190785,123923.40246190786,1236152.5200000056,217469.22000000003,118461.25428246784,6973.1495,16705.814666666665,1226215.522666672,205218.19850000006,16.988199418708554,73.4005223410838,29.429771798238377,60.958949961553984
2023-08-31,50976.89,9074.51,21713.0,82849.24847023784,133826.13847023784,1246126.7100000056,219436.00000000003,118701.63272003736,7055.9349999999995,16902.751166666665,1226310.0363333388,205559.71066666674,16.822948726148606,72.55091341294207,29.132880428556494,60.240981710534186
2023-09-01,44079.46,9274.07,22238.79,77594.39944809784,121673.85944809785,1257984.6000000057,219912.13000000003,119085.28604074489,7093.067999999999,16990.882999999998,1226578.987333339,205869.10916666675,16.788967205833202,72.19042043508504,29.023986400055204,59.95540124086304
2023-09-02,49726.65,4560.26,11065.77,77594.39944809784,127321.04944809785,1250774.3200000057,216078.02000000005,119633.83886820103,7068.966833333334,16933.761333333336,1226851.8183333387,206104.96850000005,16.923808201231626,72.45004781768932,29.15630718878509,60.217548830135854
2023-09-03,45490.69,4235.96,10316.81,77594.39944809784,123085.08944809785,1244334.3500000057,211920.81000000003,120243.84921415467,7017.8235,16814.014666666666,1227079.8056666723,206292.2463333334,17.134065741914807,72.97958459018864,29.395473729616224,60.71817660248722
2023-09-04,37844.48,7646.21,18407.81,114939.65486401784,152784.13486401783,1243989.7600000058,215257.35,121166.01194862027,7018.751666666666,16815.866,1227192.8888333389,206535.6648333334,17.263185492665283,72.9782747337151,29.426267610265942,60.815192616114444
2023-09-05,30690.2,7154.28,17292.53,114606.88125556783,145297.08125556784,1242347.400000006,217895.04,122047.05994883877,6991.298,16753.675333333333,1227118.7371666722,206794.1951666667,17.456995818063938,73.24474855527257,29.578798553096536,61.12294582023998
2023-09-06,35911.25,6918.45,16795.34,106064.40029520783,141975.65029520783,1239177.5700000061,216396.31000000003,122778.21899392222,7030.361833333333,16850.402333333335,1227160.290166672,207081.60516666673,17.4639971461766,72.82676495736325,29.45532677775168,60.83543532578817
2023-09-07,54558.88,8902.14,21416.14,94169.35168066784,148728.23168066784,1249498.870000006,217987.33000000002,123696.19556209669,7104.4563333333335,17029.50766666667,1227512.8415000057,207461.09716666673,17.411071271101722,72.08152258580692,29.20154441562008,60.291049441288564
2023-09-08,55941.77,9705.2,23278.6,93135.93269530784,149077.70269530785,1262804.660000006,220569.68000000002,123821.88369213298,7149.092833333333,17135.590500000002,1228128.8281666723,207841.36283333338,17.319943463987702,71.67122884774074,29.072410679051895,59.918761632676535
2023-09-09,56216.98,4968.87,11972.039999999999,93618.22584166784,149835.20584166783,1256450.560000006,216186.72000000003,124067.1636406136,7120.944833333333,17068.1405,1228726.9455000055,208116.5453333334,17.422851397451065,71.98950263504132,29.22597354765821,60.186380484834174
2023-09-10,51549.65,4667.33,11300.01,93618.22584166784,145167.87584166785,1252006.4400000062,212100.89,124082.2745969252,7082.491166666666,16977.086666666666,1229381.3193333389,208339.64900000006,17.519580565227,72.41415111269615,29.416153737054916,60.517577940868236
2023-09-11,43870.19,7679.46,18467.58,82836.88517596784,126707.07517596784,1254497.0400000063,215016.58000000002,123552.43520880847,7085.442,16981.80383333333,1229975.2276666723,208602.1433333334,17.437505692490106,72.42900929360474,29.440949955321546,60.4255650307733
2023-09-12,36304.909999999996,7565.28,18159.14,77893.20481383784,114198.11481383783,1255049.7200000063,217757.16,122923.50320207843,7081.617333333333,16970.869333333332,1230439.0940000054,208901.96366666674,17.358111490079352,72.50300911711332,29.4991883680809,60.36193223911177
2023-09-13,45257.86,7967.0199999999995,19063.05,73667.55401515673,118925.41401515673,1254800.1300000064,218222.85,122355.9233902767,7134.2181666666675,17097.468833333332,1231005.013833339,209264.2288333334,17.15057214846084,71.99925473373953,29.33246838610604,59.81735849609433
2023-09-14,52553.98,9315.19,22292.3,69523.39211470673,122077.37211470673,1266127.7900000066,219595.7,121922.00438013412,7208.3431666666675,17276.582833333334,1231833.5691666722,209706.96416666673,16.914012216279396,71.30076480112606,29.092255920390773,59.12252109701468
2023-09-15,45360.34,9587.53,22854.91,68433.39402051673,113793.73402051673,1279085.8900000064,221669.66,121741.12649276889,7242.045999999999,17355.735,1232842.5150000055,210140.63883333336,16.810322178672838,71.03372545155854,29.016750077717454,58.82729755251392
2023-09-16,49819.55,4957.29,11954.02,70543.89909214673,120363.44909214674,1274089.0300000065,217294.93000000002,121778.13133881,7211.514666666667,17283.64716666667,1233853.966500006,210460.33483333336,16.886623263999923,71.38851855756596,29.183929390885247,59.091212430680635
2023-09-17,44245.54,5574.01,13312.1,70543.89909214673,114789.43909214673,1272908.0600000066,214029.55000000005,121628.0185084939,7188.677166666666,17225.135,1234923.7881666725,210738.0066666667,16.9193880443642,71.69312682696957,29.315269246453624,59.29724562488015
2023-09-18,34926.409999999996,9319.13,22193.4,51462.26012403673,86388.67012403673,1277599.8500000064,218355.32000000007,120943.75819600318,7178.864166666667,17205.714333333333,1235884.6148333391,211039.77183333336,16.847199694566793,71.8298927257562,29.397376372330026,59.27971604799296
2023-09-19,27419.38,7507.03,18018.68,51723.792080786734,79143.17208078674,1277321.8000000063,220896.86000000007,120387.9753400121,7154.751333333334,17151.0105,1236684.6415000057,211366.00550000003,16.826297621153582,72.10564307566634,29.542047745987354,59.38989295083257
2023-09-20,32064.86,7541.43,18132.73,54027.17795651673,86092.03795651672,1274430.5600000063,219802.84000000005,119903.71944271536,7200.706999999999,17262.735,1237551.4136666725,211725.64800000004,16.651659266613038,71.68918561668661,29.403452744293034,58.93739213900662
2023-09-21,52331.1,8475.11,20435.58,44347.22452876673,96678.32452876674,1283874.4200000064,220255.08000000007,119674.4183216228,7263.442166666666,17416.199333333334,1238669.5100000058,212153.23116666672,16.4762678046549,71.12168885373761,29.208359659044127,58.38959699934838
2023-09-22,53219.47,9562.18,22879.47,42076.31815619807,95295.78815619808,1296084.0700000064,222488.27000000008,119824.77670261408,7286.6426666666675,17473.145666666667,1239951.3165000058,212559.30566666668,16.44444254838544,70.96325642528394,29.17108953881275,58.23660943485663
2023-09-23,55649.89,5034.15,12159.7,43429.65814382807,99079.54814382807,1291330.1400000064,219134.40000000008,120225.7341518442,7263.646833333333,17418.19,1241227.1261666724,212870.96000000002,16.551704248631793,71.26039652608408,29.30634774575242,58.505753028963454
2023-09-24,50499.84,5150.05,12321.14,44453.47003682807,94953.31003682807,1287632.2400000063,215936.86000000007,120505.321157691,7232.673166666666,17341.454833333333,1242519.0121666724,213139.47900000002,16.661242445333457,71.65021759179811,29.468976972760125,58.84248306437144
2023-09-25,41601.38,8898.46,21208.28,97386.04048914806,138987.42048914806,1292077.2800000063,219744.37000000005,121377.45397019679,7247.4366666666665,17374.386666666665,1243751.6271666724,213445.8041666667,16.747639138186805,71.58535440867395,29.451213440522196,58.88178010633857
2023-09-26,33757.63,7843.75,18734.9,94109.90170291805,127867.53170291806,1292627.6300000062,222336.60000000006,122157.71448147373,7234.8085,17344.6225,1244847.6606666723,213762.53100000002,16.88471982105314,71.77138970114063,29.546397945432837,59.10971157676094
2023-09-27,42689.86,9037.01,21537.57,88272.57179118806,130962.43179118806,1295349.9900000063,223570.39000000007,122946.3861264205,7306.048500000001,17513.751833333336,1246109.8078333393,214141.82500000004,16.828027644002155,71.15036342251123,29.31021125852094,58.668179807992445
2023-09-28,49748.18,9550.8,22849.78,92786.53809679806,142534.71809679805,1306732.6900000062,225781.91000000006,123986.61868216177,7388.760333333334,17711.898666666664,1247643.9946666728,214615.97933333335,16.78043583614614,70.44100794313523,29.046277000638945,58.17516677864243
2023-09-29,43047.82,9039.24,21784.94,85311.18677914806,128359.00677914807,1316972.1700000062,226711.40000000005,123847.63218939808,7403.010333333334,17751.357166666665,1249326.7486666727,215045.8401666667,16.72936097789202,70.37922435658311,29.048431716809258,58.06015361766586
2023-09-30,46168.25,4987.14,12035.73,86515.10190059806,132683.35190059806,1310902.1200000062,222624.03000000006,123962.39452857619,7367.667166666667,17668.159833333335,1250937.6511666726,215357.57233333337,16.825189266069973,70.80180748685623,29.230089723334636,58.39690702959157
2023-10-01,41180.59,4987.66,11991.48,86515.10190059806,127695.69190059806,1306614.310000006,218337.62000000005,123845.00696948683,7304.1625,17519.036,1252484.274000006,215568.66683333338,16.955401385098813,71.49276215883145,29.513125814675313,58.93503772925495
2023-10-02,33185.67,7994.92,19408.260000000002,72463.70767966917,105649.37767966917,1309199.740000006,221772.28000000006,123185.88499839748,7297.505000000001,17506.210499999997,1253930.1843333393,215797.20500000005,16.880548214546952,71.62773373102874,29.57136788532519,58.9369140602505
2023-10-03,24952.37,8233.3,19685.04,67001.37959669917,91953.74959669917,1305526.1400000062,225769.62000000005,122228.34738402364,7294.8405,17496.749333333333,1255157.7733333393,216074.22200000007,16.755451662585855,71.73662658252287,29.62014344247829,58.871934802630435
2023-10-04,30492.71,6586.62,16046.61,68473.46931024917,98966.17931024916,1300271.8400000064,224710.03000000006,121317.93269583363,7332.789666666667,17589.734833333336,1256436.5498333394,216388.26000000004,16.544581013597004,71.43010180303206,29.509677740199745,58.46500507642932
2023-10-05,52133.44,9310.11,22405.33,66474.39096912918,118607.83096912918,1311247.9100000064,226865.86000000007,120810.15536862495,7412.681666666666,17782.662333333334,1258008.766500006,216809.64366666667,16.297766557531244,70.74355588149967,29.24847624869902,57.7928461903319
2023-10-06,54836.57,9623.61,23098.69,63910.88826291917,118747.45826291917,1323118.8800000064,229571.02000000008,120635.22156447395,7432.788833333333,17832.8945,1259758.0806666727,217212.07066666672,16.230142449825724,70.64237836805869,29.223495452009914,57.64902536587449
2023-10-07,54987.99,5657.08,13498.2,73952.27255671917,128940.26255671916,1317154.3900000064,226325.96000000008,120845.45231423077,7405.2215,17765.168833333333,1261448.5411666727,217512.83583333337,16.318951744283513,71.00684226539846,29.37290070706641,57.952893302615564
2023-10-08,49875.08,5112.91,12325.55,73952.27255671917,123827.35255671917,1314022.9000000064,221733.67000000007,120926.07331733676,7371.722500000001,17684.78933333333,1263125.0831666726,217735.46550000002,16.40404577320114,71.4243782811628,29.536579205199327,58.29184484916462
2023-10-09,41461.54,8413.539999999999,20234.12,53785.55790395917,95247.09790395916,1317331.7700000065,225178.34000000008,120261.14296847857,7356.084333333333,17651.466833333332,1264670.1741666726,217970.605,16.348526949796874,71.64674676092345,29.631335792642943,58.36393791807738
2023-10-10,33723.7,7737.84,18532.18,52071.86187821228,85795.56187821228,1316631.5800000064,228248.8500000001,119504.71443957528,7339.162333333333,17611.363666666668,1266028.109166673,218227.2761666667,16.283154536152374,71.887000525854,29.734629955725655,58.435525106280735
2023-10-11,43964.67,8991.22,21540.670000000002,47565.905861260944,91530.57586126094,1317651.5000000063,229560.6100000001,118656.40589748247,7409.619833333333,17780.052166666665,1267535.055000006,218551.45400000003,16.01383182490525,71.28972643715468,29.49563660699732,57.807921655062614
2023-10-12,49203.659999999996,10980.539999999999,26153.67,38063.98379417095,87267.64379417094,1332415.3600000062,232975.8700000001,117817.46015427148,7512.217166666666,18024.590333333337,1269345.1638333395,218982.0538333334,15.68344704903541,70.42296886414705,29.150122923097083,56.95629299008537
2023-10-13,41488.51,9859.52,23651.46,37241.875172130945,78730.38517213095,1345105.8500000061,234868.3700000001,117188.22420192634,7551.520333333333,18117.39466666667,1271340.165500006,219399.35600000006,15.518494161320497,70.1723503235862,29.053666853222193,56.63717763168451
2023-10-14,47397.32,5584.62,13463.98,37551.787739850944,84949.10773985094,1339152.4000000062,231137.8000000001,117059.31543032025,7512.225,18024.982,1273228.1848333394,219703.23783333338,15.582509233991294,70.6368630400485,29.246093911368916,56.97327836267087
2023-10-15,42252.09,5145.23,12340.19,38303.64493275095,80555.73493275094,1334465.020000006,226695.50000000012,116713.40127728916,7472.752666666666,17927.761833333334,1275076.0656666725,219933.94450000007,15.618528604312944,71.12299223519949,29.431449736192715,57.310071103319714
2023-10-16,33854.59,8397.5,20272.8,102704.44514451094,136559.03514451094,1333798.9100000062,230135.7100000001,117279.87715312456,7457.177333333332,17895.81466666667,1276729.905000006,220179.60716666668,15.727113881131329,71.34237411265133,29.525864455773533,57.54362353800913
2023-10-17,26192.55,7662.04,18424.32,91028.76396739096,117221.31396739096,1332045.4400000062,232223.7400000001,117684.39386431078,7437.554833333334,17850.53166666667,1278215.8428333395,220428.48483333335,15.822995124268209,71.60659787070801,29.63722483704266,57.79236815793356
2023-10-18,31882.83,7652.5199999999995,18543.08,89426.09181560096,121308.92181560096,1330335.8100000063,230557.1300000001,118086.18320630053,7481.874166666666,17960.69383333333,1279813.122166673,220731.4948333334,15.782968354693732,71.25632974108507,29.502166157343165,57.537131938435635
2023-10-19,52837.7,9775.02,23322.19,85640.12796950096,138477.82796950097,1343190.5200000063,232825.12000000008,118856.87915085527,7562.032999999999,18151.860500000003,1281729.5946666726,221138.77650000004,15.71758271232819,70.61147228774,29.243296941444193,57.085758058624
2023-10-20,54677.25,9680.789999999999,23253.510000000002,95710.66732705096,150387.91732705096,1355614.3500000064,234964.4800000001,119192.62609659447,7579.455333333332,18195.512333333336,1283793.4176666727,221517.52483333336,15.725750842861068,70.55549709995374,29.226047927102595,57.05520001571222
2023-10-21,54939.1,5743.98,13690.960000000001,95710.66732705096,150649.76732705097,1349220.5500000063,232233.3500000001,119656.48360558736,7541.4738333333335,18106.038500000002,1285745.3131666728,221795.55650000004,15.866458765222442,71.01196173678039,29.410107546838272,57.46831295516456
2023-10-22,49841.05,5098.05,12256.91,95710.66732705096,145551.71732705098,1343915.7200000063,227769.2200000001,119974.05654775859,7504.2915,18016.231499999998,1287649.9916666725,222013.20533333338,15.987392886824637,71.4716610777716,29.58483227008617,57.87422169451007
2023-10-23,41436.46,8404.59,20207.07,82276.23693961096,123712.69693961096,1346974.4700000063,231139.6600000001,119688.46259828581,7504.567666666666,18017.172166666667,1289449.8171666728,222254.12616666674,15.948748537495474,71.5678245863836,29.615846780069912,57.900726343809154
2023-10-24,33505.09,7931.37,18946.62,76005.98984367096,109511.07984367096,1343687.6200000064,233920.9800000001,119180.34316046153,7497.630666666667,17997.43,1291047.0563333395,222519.08366666673,15.89573406040382,71.73507863807997,29.67858695093544,57.952225747548354
2023-10-25,40657.04,10605.41,25063.9,74915.46545215984,115572.50545215985,1347813.1500000062,235627.9300000001,118770.26068956907,7589.538333333333,18212.481833333335,1292825.4111666728,222861.1853333334,15.649207563512634,70.98568020534594,29.3642611111831,57.27062665767548
2023-10-26,50793.21,9650.51,23163.46,70365.42020374985,121158.63020374984,1359557.250000006,237434.69000000012,118527.91598555307,7662.854833333333,18391.571666666667,1294869.3071666728,223289.23166666672,15.467853504148083,70.40558200436593,29.139170260065615,56.734265248448395
2023-10-27,42384.87,10537.03,25186.64,64852.34189277985,107237.21189277986,1373262.510000006,238934.7100000001,118353.12270409912,7708.418333333333,18498.565666666665,1297118.1768333395,223691.60150000005,15.353749314863657,70.11993255080694,29.019131010663457,56.45455085500714
2023-10-28,46040.12,5873.92,14031.51,65623.84397371985,111663.96397371986,1369210.8200000061,235257.83000000013,118334.19885267783,7683.995666666667,18437.92166666667,1299327.9515000063,223986.83683333342,15.400086619779609,70.47041282581321,29.14978697931767,56.72071246627516
2023-10-29,40161.82,5878.3,13992.16,65623.84397371985,105785.66397371984,1364194.240000006,232096.89000000013,118031.90321120803,7646.804833333333,18348.70666666667,1301461.980166673,224230.6313333334,15.435453863905733,70.92935779124883,29.323441126140082,57.041370529014486
2023-10-30,31685.19,8476.63,20405.42,59865.39263679985,91550.58263679985,1366426.260000006,235586.38000000012,117327.31061398405,7636.840166666667,18326.913666666667,1303466.972666673,224499.8043333334,15.363331961050477,71.12310323354897,29.396949449489817,57.089485745109634
2023-10-31,24050.63,7634.5599999999995,18420.08,46730.16226099785,70780.79226099786,1362656.7100000062,238233.28000000012,116479.0928275324,7609.515,18263.268500000002,1305211.5078333395,224805.1568333334,15.307032422898489,71.4664797176551,29.542639292166896,57.230872848386696
2023-11-01,33361.97,7997.75,19335.0,49288.73138737785,82650.70138737785,1360850.4100000062,238236.1100000001,115734.58702652038,7666.806500000001,18401.089,1307046.1093333396,225174.4583333334,15.095540369581569,71.0309106886739,29.37004583764223,56.75640522061324
2023-11-02,51776.08,9137.28,22194.62,46468.80849059785,98244.88849059785,1371111.6800000062,239140.0900000001,115320.58367722871,7748.495166666666,18599.052499999998,1309159.0648333395,225628.11300000004,14.882965168943716,70.38848160858407,29.11895899098344,56.15248778654434
2023-11-03,53435.33,10698.0,25636.08,41767.204344109174,95202.53434410918,1384895.5700000064,243251.47000000012,114360.89033523024,7799.358333333334,18719.523666666668,1311507.4950000062,226094.68166666673,14.662858846537192,70.06094376938505,28.988882418745995,55.734920197176244
2023-11-04,54879.48,6156.58,14676.54,42231.060198109175,97110.54019810917,1378937.7100000065,240097.94000000012,113557.78131760593,7782.73,18675.923833333338,1313784.000166673,226464.73000000007,14.590995873890773,70.3463995618676,29.09836651149405,55.839028924264326
2023-11-05,49660.69,5218.79,12601.84,42231.060198109175,91891.75019810918,1372480.1600000067,235693.1200000001,112723.04964932096,7754.4023333333325,18606.032166666664,1316005.7100000062,226786.34350000008,14.536652188495031,70.73005669406909,29.24614093405094,56.020567948513175
2023-11-06,40369.79,9290.9,22131.66,112829.60249973917,153199.39249973916,1376966.4900000065,239326.94000000012,112797.56899630549,7760.881666666667,18617.957500000004,1318130.1703333398,227142.00366666674,14.53411788003109,70.79886020436665,29.267551474499577,56.06542660989816
2023-11-07,32148.399999999998,8221.39,19579.34,111250.31678990915,143398.71678990914,1376395.2000000067,242435.42000000013,112702.91923121549,7736.151500000001,18556.303166666665,1320023.3460000062,227506.43266666675,14.56834438043457,71.13611661460727,29.408218371455977,56.29624262358587
2023-11-08,36811.159999999996,9767.27,23233.52,108906.41409251916,145717.57409251915,1379497.5700000068,243789.1500000001,112634.29203539636,7816.124833333333,18743.994499999997,1322074.1295000063,227966.47316666675,14.410503214463292,70.53321155744078,29.166176081843126,55.77753869006094
2023-11-09,46867.74,10459.21,25062.37,95505.58516630226,142373.32516630227,1392399.150000007,246510.5200000001,112587.71619080691,7912.656166666667,18973.367166666667,1324414.0080000062,228539.9670000001,14.228814423290718,69.80384643200291,28.882838099646154,55.14982275564748
2023-11-10,39288.36,10504.9,25232.59,92520.75073873225,131809.11073873227,1405213.670000007,248024.2000000001,112672.75011685301,7959.746833333334,19086.117333333335,1326925.9518333396,229090.09400000007,14.155318313015819,69.52309517221205,28.78107794090018,54.8973355443277
2023-11-11,42765.97,4934.23,12027.05,92520.75073873225,135286.72073873226,1398473.720000007,241977.8900000001,113024.22688226792,7915.896,18983.915833333333,1329316.3518333398,229493.7728333334,14.27813438709502,70.02329569430718,28.99150934187784,55.30992073952436
2023-11-12,37888.11,4877.86,11885.5,92520.75073873225,130408.86073873226,1392689.070000007,236996.2300000001,113215.61766099416,7864.41,18864.289999999997,1331614.5008333398,229806.6625000001,14.395945488726321,70.58916613523965,29.221093826491764,55.76401779747421
2023-11-13,29637.52,8250.59,19961.8,92520.75073873225,122158.27073873226,1393305.810000007,239662.2000000001,113216.96597139459,7846.666666666667,18825.44833333333,1333734.1345000064,230141.10416666677,14.428670259735927,70.84740351911974,29.329792374681407,55.94628140417426
2023-11-14,22706.46,6931.0599999999995,16893.22,87371.64621359226,110078.10621359225,1388486.030000007,241448.0300000001,113155.0388412792,7802.392166666667,18726.08683333333,1335557.470166673,230470.74366666673,14.50260848521553,71.32069193384902,29.53847214336168,56.28482827570287
2023-11-15,33459.81,7996.74,19231.52,86208.46442481226,119668.27442481226,1385478.760000007,241047.27000000008,113143.45259682361,7853.049666666667,18847.3785,1337413.9656666731,230866.6160000001,14.407581436429254,70.96021155762713,29.398338963771582,55.96945403028481
2023-11-16,53036.79,9254.16,22391.93,78795.11993440226,131831.90993440227,1396804.920000007,242639.39000000007,113427.49377752788,7914.385499999999,18998.709,1339478.9133333398,231343.44666666674,14.331813098758948,70.50368071500753,29.23075286977956,55.60474094398691
2023-11-17,53981.42,10709.1,25597.75,75788.66745940226,129770.08745940226,1412085.8600000069,245695.9700000001,114150.51739978396,7937.551666666666,19055.448166666665,1341720.3468333397,231799.12416666673,14.38107393733928,70.41137710843168,29.20284917830457,55.589601867466385
2023-11-18,57730.61,6006.36,14317.19,76117.97138458227,133848.58138458227,1407995.2400000067,241927.31000000008,115062.27422151389,7912.5405,18993.756666666668,1343898.2375000066,232149.63166666677,14.54176117285136,70.75473594217924,29.339455724323532,55.957041390707076
2023-11-19,51962.33,5768.28,13716.97,76117.97138458227,128080.30138458227,1404419.6800000067,238014.80000000008,115762.07861198165,7882.988,18920.16066666667,1346064.7228333396,232453.1643333334,14.685050720866458,71.14446576581253,29.48795105781379,56.341565428865195
2023-11-20,42399.84,9562.49,22799.61,55603.94595972226,98003.78595972226,1410423.9500000067,241833.31000000006,115784.16963583091,7901.111000000001,18959.561166666666,1348173.8816666729,232812.8015000001,14.654163146908187,71.1078631944781,29.465831007816504,56.296195333569784
2023-11-21,33374.52,9025.32,21347.24,49494.77646117225,82869.29646117226,1410355.0500000068,245760.58000000007,115577.0614409138,7892.163333333333,18934.023999999998,1350078.3980000063,233200.67333333343,14.644534908795242,71.30435653826183,29.548384072132325,56.40050737492474
2023-11-22,38279.33,9874.57,23522.29,47696.811829337814,85976.14182933781,1410598.7400000067,247230.56000000008,115358.67133567229,7972.8369999999995,19123.4005,1352066.2080000066,233668.94266666676,14.468961467000053,70.70218541937699,29.308129924977365,55.86301696139968
2023-11-23,47174.28,10619.15,25466.31,50333.477219957815,97507.75721995781,1424093.0100000068,249918.34000000008,115401.24545539114,8063.988666666667,19342.486666666668,1354340.5541666732,234235.30066666674,14.310690431946432,70.01894727944355,29.047077116427833,55.28256059496215
2023-11-24,40562.35,11022.19,26354.62,44644.278035807816,85206.62803580781,1439147.6200000069,250335.12000000008,114504.89891450213,8099.384166666667,19428.259,1356791.7265000066,234745.14650000012,14.137482129289722,69.83599130009574,28.983085833377675,54.99038759600779
2023-11-25,40843.08,5712.09,13765.96,45058.146260087815,85901.22626008782,1434446.0000000068,246396.70000000007,113805.46049045495,8063.8565,19345.443333333336,1359155.3660000067,235146.14816666677,14.113031462111826,70.25713200679677,29.160507527219362,55.20965594168922
2023-11-26,35835.52,5007.56,12162.21,45058.146260087815,80893.6662600878,1428449.0700000068,240867.23000000007,112970.98106493661,7996.699,19189.18733333333,1361373.6840000066,235434.42883333343,14.127201869788598,70.94483264724708,29.441451883250007,55.630582633785664
2023-11-27,27118.94,8716.58,21092.62,87422.69127813783,114541.63127813784,1430478.6400000069,243709.89000000004,112504.42961795894,7982.795333333333,19159.90133333333,1363436.1165000063,235733.2285000001,14.0933626530772,71.16091532934858,29.530160633789702,55.72411734863607
2023-11-28,20134.02,6984.92,17027.13,85049.43250657784,105183.45250657784,1425213.4700000067,244816.51000000007,112118.17038008278,7948.556666666667,19080.6045,1365240.138166673,236034.98033333343,14.105475381494767,71.55119944793536,29.69532585999891,55.96134896943122
2023-11-29,32140.329999999998,8164.0199999999995,19788.31,84101.04388357785,116241.37388357785,1422146.8700000069,244503.90000000005,111844.13741313246,8001.504666666666,19209.814166666663,1367094.2173333399,236399.64483333344,13.977888168841803,71.16644676894141,29.54439879515996,55.59993614262325
2023-11-30,51785.46,10356.96,24884.38,83842.21768533785,135627.67768533784,1435077.2300000067,247226.30000000005,111976.33717621144,8090.993,19424.695833333335,1369235.2660000066,236881.12283333341,13.83962848271052,70.48940574144588,29.277138520986657,55.05189570316975
2023-12-01,50745.96,10559.7,25315.16,82751.63017269518,133497.59017269517,1447080.2900000066,249788.25000000006,112440.47405109521,8133.739333333333,19523.144166666665,1371533.2751666731,237348.05566666677,13.823958384097288,70.25165943856499,29.18068134959494,54.89493647306734
2023-12-02,55904.1,5457.34,13154.23,91448.81372497517,147352.91372497517,1438041.1200000066,246108.31000000006,113363.79345323314,8087.473333333332,19414.297333333332,1373741.8581666732,237687.0338333334,14.017207696499337,70.75928809476048,29.389529218437414,55.3869665728224
2023-12-03,50340.56,5563.54,13372.15,91448.81372497517,141789.37372497516,1433394.5900000066,240973.85000000006,114077.51336014524,8070.4220000000005,19369.723,1375960.5706666731,237958.0975000001,14.135260009965432,71.03666741474171,29.485211244219954,55.686716180487196
2023-12-04,40331.19,10009.37,23934.43,73891.24734057518,114222.43734057518,1439196.2900000066,244826.64000000007,114004.423466336,8082.076333333333,19395.208,1378093.0436666731,238257.44383333344,14.105833546280866,71.05327479172553,29.47973194099587,55.67937639701052
2023-12-05,32115.28,8215.91,19728.35,69940.24376555518,102055.52376555518,1438489.0600000066,247823.76000000007,113726.22455804661,8058.614666666666,19339.03566666667,1380015.8800000064,238561.65616666674,14.112379020734078,71.35908448520225,29.603308513241576,55.868154992694755
2023-12-06,37818.57,9038.77,21626.19,70438.77191189407,108257.34191189407,1437235.7800000065,247571.63000000006,113381.50921396619,8114.976166666666,19474.50216666667,1382017.2365000066,238915.75066666678,13.971884437528686,70.96547191155018,29.441337320008984,55.496019029069885
2023-12-07,47627.659999999996,10975.22,26190.2,65222.84649019407,112850.50649019406,1451266.2800000065,250325.46000000008,113198.56177952411,8212.681333333332,19705.57966666667,1384304.6261666731,239392.28050000008,13.783386592643977,70.24937350654642,29.14910134505809,54.88365875413231
2023-12-08,44286.08,10388.06,24979.41,58044.17468051407,102330.25468051407,1463924.5500000066,250946.2500000001,113316.61439246668,8245.59,19784.66783333333,1386747.8391666734,239821.74566666677,13.742693293320027,70.0920455601621,29.084849679242694,54.74988917423944
2023-12-09,44185.15,6383.87,15207.64,58648.69868816407,102833.84868816407,1457923.9100000064,246870.9100000001,113600.58583929922,8223.023833333333,19729.258833333333,1389102.7113333396,240132.1133333334,13.814940603577142,70.40825623851605,29.202409989366654,55.02078685272653
2023-12-10,38464.19,5720.96,13685.24,58648.69868816407,97112.88868816406,1452874.2500000065,242086.9700000001,113693.62438641426,8168.519499999999,19598.335000000003,1391356.42383334,240340.8860000001,13.918510494639117,70.99360347873122,29.422820867355473,55.48929310601487
2023-12-11,30118.89,8345.3,20200.05,42132.93485178407,72251.82485178407,1451536.7300000065,245498.04000000007,113443.36073737449,8124.5988333333335,19499.108,1393341.7800000063,240549.5888333334,13.962949194727356,71.45669330104774,29.607565095573033,55.81207740020206
2023-12-12,21860.44,8258.45,19910.72,37511.55471306407,59371.994713064065,1448597.6700000064,248878.6300000001,113120.72089639005,8097.914333333333,19436.762333333332,1395066.6436666732,240783.09316666675,13.969118002490195,71.77464125669661,29.733963988175894,56.00979527101091
2023-12-13,32158.68,8976.7,21475.71,35621.688495015405,67780.3684950154,1448288.4400000065,249604.7400000001,112834.57524230945,8154.449,19570.291166666666,1396885.5776666733,241090.87550000008,13.837179586543426,71.37786381256991,29.56556298285759,55.649480416255756
2023-12-14,50865.55,11087.44,26587.89,32697.7504806854,83563.3004806854,1462840.6000000064,253761.1200000001,112884.70133477502,8253.485833333334,19807.752833333332,1399025.1706666732,241541.96916666673,13.677215132407186,70.63018114363453,29.265449053192985,55.041947222848734
2023-12-15,47126.38,10531.2,25255.15,30025.161517305398,77151.54151730539,1476104.2700000063,256295.58000000013,111894.57644098827,8289.0475,19890.792,1401396.926666673,241977.9670000001,13.499087372944631,70.45455639306232,29.192493709319447,54.7611500566875
2023-12-16,52369.04,6357.24,15236.01,33251.5385894054,85620.5785894054,1471932.0200000063,253398.66000000012,111367.89751802184,8267.300833333333,19837.6535,1403728.3696666732,242330.88233333343,13.470889684937095,70.76080695061405,29.31197100706288,54.919725628488266
2023-12-17,46471.18,5897.86,14166.88,34200.2516686454,80671.4316686454,1466413.8600000062,248587.4200000001,110690.60601557257,8238.0565,19764.716833333332,1405996.3371666733,242631.38716666677,13.43649512668098,71.13668002546086,29.452503411049285,55.12067174109256
2023-12-18,38083.28,8387.9,20252.25,102886.08122788538,140969.36122788538,1470619.500000006,250968.9600000001,110732.13156987898,8214.937833333333,19713.551166666664,1408120.1535000065,242933.7845000001,13.479363303343193,71.42904601992637,29.572199988447885,55.33620933482168
2023-12-19,29537.8,8545.48,20271.85,95724.30441825539,125262.10441825539,1468486.020000006,253746.16000000012,110313.36802139906,8196.016,19663.85683333333,1410001.3480000065,243246.8125000001,13.459389052119842,71.70522852921876,29.678664914758595,55.485952666580005
2023-12-20,38465.69,9256.78,22155.89,93939.62961384539,132405.31961384538,1467543.220000006,253440.45000000013,110009.29389284564,8254.562666666667,19804.939,1411973.3925000064,243600.26416666678,13.327089312324437,71.29400360687839,29.510983683044316,55.11010923615851
2023-12-21,50366.06,10234.26,24644.82,95468.96880123537,145835.02880123537,1478689.8400000061,254649.39000000013,110014.0157507487,8340.166166666666,20011.404166666667,1414219.6278333399,244048.26700000008,13.190866171281366,70.670684378512,29.261799120429206,54.59975142936416
2023-12-22,47185.78,10924.74,26215.05,95468.96880123537,142654.74880123537,1492579.3400000061,255699.5600000001,110329.7166151091,8382.168666666666,20111.537166666665,1416646.3756666733,244457.59866666674,13.16243098923275,70.43948773913992,29.16400377849711,54.437914949875555
2023-12-23,47023.77,6101.96,14638.42,95550.12563873538,142573.89563873538,1486983.640000006,251182.3700000001,110880.76354502684,8351.6785,20039.733833333335,1419034.642666673,244745.2885000001,13.276464550811774,70.81105240561152,29.30492217821844,54.782594778204846
2023-12-24,41254.77,5769.0,13831.96,95550.12563873538,136804.89563873538,1482283.420000006,245929.1800000001,111234.6367148031,8271.071666666667,19852.53483333333,1421275.8138333398,244916.9760000001,13.448636548887732,71.59165445447054,29.61127479852975,55.42901620482853
2023-12-25,31731.26,9523.51,23058.39,79154.55975351538,110885.81975351537,1483801.140000006,249740.60000000012,111063.42320729922,8268.955,19850.783666666666,1423346.54533334,245122.0745000001,13.43137351785071,71.70228486865314,29.643658055945412,55.490000330558445
2023-12-26,23916.82,7814.44,18831.88,70864.71862606739,94781.5386260674,1476479.350000006,252547.48000000013,110855.828652854,8223.5785,19744.871,1425066.8260000064,245348.95400000009,13.480242044610385,72.17402564949684,29.834816315062852,55.81945137904438
2023-12-27,30766.51,8107.22,19639.92,69538.74319699738,100305.25319699738,1472467.8100000059,251938.12000000014,110666.51680657528,8260.800166666666,19838.344500000003,1426787.77583334,245626.95883333342,13.39658563018243,71.92070768976411,29.73403954552346,55.583253774423085
2023-12-28,50183.229999999996,10365.3,24909.38,65974.70176257739,116157.93176257738,1483913.2100000058,255318.50000000015,110839.38793638957,8335.5835,20020.298166666664,1428783.0920000065,246013.98566666676,13.29713605968791,71.3667239171741,29.513708988298987,55.15015098856303
2023-12-29,46888.77,10997.31,26448.22,62881.91406642739,109770.68406642738,1498021.2400000058,258151.79000000018,111143.05629355003,8377.594833333333,20121.0115,1430976.341666673,246390.07583333345,13.266702258185921,71.11850920947354,29.410598236737375,54.97461323092209
2023-12-30,51374.71,5582.5599999999995,13466.19,74710.99621110738,126085.70621110738,1491214.6300000057,253377.39000000022,112064.80485938519,8343.394833333334,20038.446666666663,1433118.973666673,246642.47766666676,13.431559586712417,71.51846635151726,29.561405470263324,55.38862046796636
2023-12-31,45702.51,5672.2,13605.539999999999,74710.99621110738,120413.5062111074,1486395.8500000057,248489.89000000022,112694.1849397807,8304.635666666665,19942.955666666665,1435211.3976666734,246813.37400000013,13.570033588844261,71.96583202887697,29.719952073354072,55.81591354436717
2024-01-01,36898.33,8804.18,21148.39,54141.64550230739,91039.97550230738,1489001.1600000055,251836.7300000002,112574.10305664252,8299.084,19925.518500000002,1437176.2223333397,247024.9846666668,13.56464196008168,72.12741903470867,29.76533129037696,55.92672970441339
2024-01-02,27948.13,8950.2,21285.26,52514.02954554739,80462.15954554739,1486964.2300000056,255223.39000000022,112328.43014333314,8269.954,19853.004833333332,1438877.3666666732,247224.51666666675,13.582715229532491,72.47655348629081,29.89430372486555,56.164964990957756
2024-01-03,37642.73,9446.26,22480.57,50436.07580565738,88078.80580565738,1486191.2900000056,254660.2800000002,112177.90123679228,8324.782,19983.071999999996,1440664.9263333397,247467.22233333346,13.475175834849765,72.09426690417469,29.7265708979927,55.84287184103175
2024-01-04,47009.72,10031.24,24309.65,53765.41621205739,100775.13621205739,1496809.9800000056,256475.6100000002,112325.95767035808,8404.9895,20178.20216666667,1442737.0900000064,247813.59716666676,13.364199642409796,71.49978368158746,29.484105502650156,55.37987782134711
2024-01-05,43409.159999999996,10543.52,25336.62,47059.37940453739,90468.53940453738,1509889.6900000058,257980.3600000002,111280.44345210472,8425.8665,20231.618166666663,1444952.476666673,248124.48750000013,13.20700291799125,71.42050946015564,29.447949062568238,55.17956331557865
2024-01-06,44504.02,5782.5599999999995,13922.45,47555.49750981739,92059.51750981738,1503605.0700000057,252787.70000000022,110424.79013076986,8385.219333333333,20137.336666666666,1447072.641166673,248297.0255000001,13.16898052884602,71.86018017774974,29.6112737937525,55.41788691284326
2024-01-07,39019.68,5484.34,13272.73,47555.49750981739,86575.17750981738,1497931.1800000055,247883.9800000002,109439.08352105816,8313.837166666668,19971.323500000002,1449046.534666673,248365.27266666677,13.163486525793532,72.55635985600418,29.873723491056275,55.846122890741434
2024-01-08,29889.39,9130.289999999999,21938.62,112740.65301396741,142630.0430139674,1494805.9000000057,250630.40000000023,109443.36215185259,8291.6885,19919.261,1450753.3138333398,248433.93733333342,13.199164699910348,72.83168355660082,29.96180299505142,56.069045261459756
2024-01-09,22608.14,7281.25,17654.37,108579.2865259074,131187.42652590742,1489296.8100000059,252190.69000000024,109433.00074830551,8237.961,19792.957333333336,1452154.6995000064,248503.37883333344,13.283991117256505,73.36724245115364,30.16564157481851,56.48559199359164
2024-01-10,29770.55,7886.08,19136.96,109555.3716818474,139325.9216818474,1483247.130000006,251731.47000000023,109500.32076402409,8287.1585,19911.455833333333,1453567.589666673,248665.9385000001,13.213252861523536,73.00157265413448,30.006176242435828,56.20864927322219
2024-01-11,50866.89,9771.55,23614.65,102330.5115907554,153197.40159075538,1492830.2700000058,253244.5700000002,109880.12977822448,8368.72,20106.941666666666,1455236.6096666728,248936.74416666676,13.12986093192561,72.37483620292028,29.74609548015309,55.7586016546928
2024-01-12,48464.47,9878.89,23780.09,94324.4382556354,142788.9082556354,1502618.200000006,254146.76000000018,110223.97373683954,8395.858333333334,20170.579833333333,1457058.4828333398,249178.1535000001,13.128374653396312,72.23681693202721,29.678699140349966,55.686492445073554
2024-01-13,53049.159999999996,6021.71,14408.39,94979.27966053541,148028.4396605354,1496621.170000006,249081.03000000017,110856.47929428858,8380.7025,20129.166,1458860.735166673,249305.3701666668,13.227587937203188,72.47497164893335,29.747550419152432,55.9550091669841
2024-01-14,47466.63,5582.53,13433.32,94979.27966053541,142445.9096605354,1491634.410000006,244132.36000000016,111236.10654821731,8340.465666666667,20032.529333333332,1460629.996000006,249356.78833333345,13.33691798442157,72.91290938331865,29.897226162072418,56.35260120566781
2024-01-15,38429.61,9037.02,21735.82,84204.57630619651,122634.18630619651,1494035.230000006,246812.14000000016,111082.81115441388,8336.846666666668,20021.59416666667,1462250.501166673,249426.3341666668,13.32431980529975,73.03366999622479,29.918546440820563,56.439443360703976
2024-01-16,31055.16,7374.45,17840.76,73707.6932614865,104762.85326148651,1489681.370000006,248288.73000000019,110666.02391778195,8281.269166666667,19892.311,1463543.7596666731,249469.54683333347,13.363413468460735,73.57333995364706,30.124554801030413,56.812198621077385
2024-01-17,41380.73,8533.86,20583.61,68069.96896664517,109450.69896664517,1484628.900000006,248434.6900000002,110259.39254414965,8323.394166666667,19996.75133333333,1464820.9873333396,249578.00316666678,13.246926714790689,73.25294808720129,29.985123636961816,56.51475116503016
2024-01-18,49521.549999999996,11274.35,26940.85,69697.00718195518,119218.55718195517,1496893.210000006,251163.5600000002,110111.6968074392,8415.162,20217.14933333333,1466362.2128333396,249797.14916666682,13.084917058927589,72.53061194021319,29.68417591564688,55.9313530834939
2024-01-19,46828.49,10551.92,25297.44,61494.58598197517,108323.07598197517,1509588.8100000059,252458.70000000022,110283.68497447675,8431.6525,20258.779833333334,1468014.9605000063,249974.23900000015,13.07972369289137,72.46314795743858,29.64712302837435,55.89574862195559
2024-01-20,47371.96,6276.19,14989.48,70626.60225469517,117998.56225469516,1502446.630000006,248500.6300000002,110869.17273770213,8385.833666666666,20152.817166666668,1469549.8201666728,250019.90650000013,13.22100785022751,72.92031719502472,29.81455588534014,56.32676915991209
2024-01-21,41663.409999999996,5708.55,13663.31,70626.60225469517,112290.01225469518,1496530.600000006,243284.4400000002,111307.73724479142,8316.4,19988.500833333335,1470982.0178333395,249954.1378333335,13.384125011398133,73.59141288776857,30.055569457136922,56.919968442029784
2024-01-22,32009.02,9654.39,23102.1,59784.71978450517,91793.73978450517,1496399.180000006,246836.8700000002,111212.50362086721,8300.320666666667,19949.09733333333,1472187.1206666727,249902.78000000014,13.398579173872946,73.7971796952821,30.107605481266162,57.08815338788888
2024-01-23,24665.25,7343.7699999999995,17759.88,57296.119814505175,81961.36981450517,1489096.6900000058,248411.6400000002,111158.41598384551,8239.013666666668,19805.85166666667,1473019.605166673,249870.72200000013,13.491713994063305,74.37294946754403,30.32774699851816,57.53691646308918
2024-01-24,31662.09,8434.38,20162.1,47627.533092685175,79289.62309268517,1484026.2000000058,247322.51000000018,111048.22259772214,8284.385166666667,19912.454,1473845.9418333394,249886.1521666668,13.404521924516443,74.0162885917195,30.16351209406791,57.257298422168034
2024-01-25,51779.03,10575.32,25514.71,41033.49756683517,92812.52756683517,1497513.8600000057,250083.3900000002,111246.87028616792,8377.181166666667,20134.995666666666,1474997.0216666725,250039.75483333349,13.279749843399143,73.25539305223289,29.847719639663215,56.687423255968824
2024-01-26,47994.24,11129.53,26627.64,40595.359066685174,88589.59906668517,1512256.0000000056,253105.7000000002,110814.33641597704,8417.397,20227.246,1476359.9776666728,250196.35166666677,13.16491742233104,72.98867960901217,29.72372001304759,56.42987701829562
2024-01-27,50603.96,5984.92,14426.83,41163.56716194784,91767.52716194783,1506721.0300000056,248725.3200000002,110590.7376602332,8400.730333333333,20183.907666666666,1477718.437000006,250261.49850000013,13.164419434036493,73.21270298121853,29.790445421987336,56.58667699326768
2024-01-28,45151.72,5452.24,13138.130000000001,44567.824304017835,89719.54430401784,1502965.9400000055,243180.2500000002,110148.70716724053,8355.534000000001,20073.071333333333,1479065.4215000058,250239.4376666668,13.182725025981645,73.68406144424299,29.948946131589768,56.91784033863486
2024-01-29,36021.51,9130.21,21956.63,115715.88274902782,151737.39274902781,1505691.0500000054,246727.9000000002,110417.20241830204,8335.088166666666,20024.2755,1480242.3185000059,250231.13100000014,13.247274679094321,73.9223907751372,30.021413810679764,57.14825164355176
2024-01-30,28055.55,7965.96,19223.4,112426.19160397783,140481.74160397783,1502522.5200000054,249021.66000000018,110533.60494215674,8291.859166666667,19922.746166666668,1481166.3556666726,250218.35450000016,13.330376544081046,74.34549149378088,30.176387402463337,57.4994806353986
2024-01-31,36498.04,8648.8,20916.85,112075.46755934783,148573.50755934784,1497841.6200000055,248866.28000000017,110553.94817272964,8345.050166666666,20052.123166666668,1482163.0306666726,250264.3206666668,13.2478470428284,73.91551599535968,29.98955256929654,57.173810468891546
2024-02-01,47653.91,10535.42,25288.63,108418.42175627785,156072.33175627785,1508813.0600000054,250451.50000000017,110791.99747325135,8427.914833333332,20250.731166666665,1483420.0051666726,250422.28150000016,13.145837335120756,73.25266396348337,29.71343285406165,56.68506844454248
2024-02-02,44255.27,11048.8,26500.04,99887.79504548096,144143.06504548097,1521596.1300000055,252054.04000000015,111290.67460166644,8445.238666666666,20293.49133333333,1484793.3358333395,250542.73816666685,13.17791941640802,73.16598762848034,29.666744547499686,56.677162497388665
2024-02-03,47837.42,5467.91,13288.19,101151.03247633096,148988.45247633097,1512084.7100000053,247490.71000000017,112072.89008017936,8399.438666666667,20186.155333333332,1486019.930000006,250537.18733333348,13.342902368576459,73.6157978308106,29.82784889275936,57.130851306627704
2024-02-04,42452.01,5385.41,12984.42,101151.03247633096,143603.04247633097,1503721.8900000053,242332.60000000018,112661.98508958664,8338.549333333332,20042.125833333335,1487128.0318333392,250449.8701666668,13.510981417261705,74.20011450881134,30.035184797131798,57.675911128941244
2024-02-05,33136.49,9315.52,22245.59,93218.26583559095,126354.75583559094,1502445.1900000053,245865.56000000017,112887.05591200992,8310.887666666667,19976.38233333333,1487981.0136666724,250375.53850000017,13.583032335375878,74.48701115335444,30.126208961313136,57.94383452741718
2024-02-06,25057.76,8078.73,19337.69,86109.92211460095,111167.68211460095,1496316.5700000052,248459.9500000002,113034.34636924471,8272.398833333333,19882.35366666667,1488520.8806666725,250334.10016666685,13.664034900466463,74.86643209461765,30.261367374836258,58.26909962024786
2024-02-07,33303.84,8581.27,20732.63,84817.39562975096,118121.23562975095,1490694.580000005,247910.93000000017,113289.13615160449,8309.022166666668,19974.436833333333,1489067.058500006,250351.43383333352,13.634472730869211,74.54863788775519,30.130071723441684,58.05303889518271
2024-02-08,51137.68,10067.75,24352.46,87084.09425885095,138221.77425885096,1501281.080000005,250697.43000000017,113974.28424444927,8381.468666666666,20152.223833333333,1489873.8390000057,250494.94150000016,13.598366679783481,73.93098902244424,29.886759882098648,57.642595820129074
2024-02-09,48321.54,10662.38,25442.989999999998,79227.35772867095,127548.89772867094,1514561.860000005,253473.73000000019,114895.90212573072,8420.086666666666,20239.606166666665,1490924.257833339,250627.86966666684,13.645453624673387,73.66369906390747,29.76547387081529,57.54367881776558
2024-02-10,51627.67,5231.95,12661.25,80660.81686695095,132288.48686695093,1506130.4900000049,248934.1300000002,116111.17699496217,8369.645,20118.781666666666,1491883.1381666726,250628.79466666686,13.872891501964798,74.15375159811313,29.944973134065645,58.081669966012285
2024-02-11,46294.39,5333.28,12872.1,80660.81686695095,126955.20686695095,1501975.460000005,244388.5200000002,117097.4243011611,8308.921333333334,19975.388166666668,1492777.9218333391,250541.85766666682,14.09297544211849,74.73085926432047,30.153355365341465,58.67047934109749
2024-02-12,37434.69,8859.7,21308.28,63019.29399366095,100453.98399366095,1503495.430000005,247226.5100000002,117378.93569304401,8271.792333333333,19887.39466666667,1493455.502333339,250432.94750000018,14.19026626430588,75.09558327599969,30.27553611214533,59.01031342816023
2024-02-13,30127.96,7306.73,17695.73,49570.91584833095,79698.87584833095,1496306.7800000052,248950.71000000022,117421.39126522778,8218.051166666666,19761.404333333332,1493792.2108333393,250310.5330000002,14.288228301802508,75.59139956028459,30.45862430441997,59.42100355766712
2024-02-14,39662.549999999996,8446.06,20371.88,47611.78720865095,87274.33720865095,1491363.5000000051,248359.75000000023,117448.95390888187,8252.864833333333,19847.002166666665,1494116.068833339,250226.55116666685,14.231294984319309,75.28170029339388,30.31996236700757,59.19303291070562
2024-02-15,50234.35,10367.75,24974.16,46013.896751690954,96248.24675169095,1503183.430000005,251353.05000000022,117708.5674935993,8327.363,20027.1235,1494728.8950000056,250272.64500000016,14.135155089744414,74.63522632194311,30.054249466487793,58.716131945199734
2024-02-16,46194.35,10831.67,25904.44,40713.712438400944,86908.06243840094,1515715.720000005,253650.86000000022,116807.54584710789,8368.0925,20121.326666666668,1495480.4986666725,250317.34333333353,13.958682441321947,74.32315589528751,29.91330979352027,58.3685285430892
2024-02-17,46726.06,5326.1,12829.44,41763.442480100945,88489.50248010094,1504610.730000005,247702.61000000022,116194.66914813865,8314.436166666666,19997.2865,1496082.5771666723,250216.6175000002,13.975050961840767,74.81427928567571,30.094237598833395,58.69509264868308
2024-02-18,40894.55,5831.51,13825.04,41763.442480100945,82657.99248010095,1498707.420000005,242982.20000000022,115365.54702924291,8257.348333333333,19858.439000000002,1496601.9805000057,250042.3133333335,13.971258371593008,75.36352582899418,30.281187524082107,59.05359667650509
2024-02-19,31684.27,9210.28,22042.79,99849.08453824095,131533.35453824094,1499124.0200000051,245916.2900000002,115127.18579152632,8240.282000000001,19815.071833333335,1496942.5501666726,249896.76166666686,13.97126770558657,75.54565346810826,30.32623903728863,59.190682136406195
2024-02-20,23865.67,7818.6,18798.51,99739.52282345096,123605.19282345095,1491732.3300000052,248026.34000000023,114809.6931918966,8188.513000000001,19691.462833333335,1496928.4333333387,249768.87466666687,14.020823218073488,76.01915845476785,30.502348187841534,59.5376334849998
2024-02-21,30815.96,8657.95,20803.74,96831.99032945094,127647.95032945095,1487556.6600000053,247029.90000000026,114560.92743674184,8231.112833333334,19794.21816666667,1496937.9836666724,249699.66683333353,13.918036328308766,75.62501186268149,30.33607628632315,59.2069719046671
2024-02-22,48804.54,11538.07,27548.03,91507.47617316095,140312.01617316096,1499897.0500000054,251224.20000000027,114619.37944564896,8327.264000000001,20022.819333333337,1497231.5441666723,249787.91716666688,13.764350385150387,74.77625998822903,29.996397035889203,58.54421333749022
2024-02-23,44973.74,10719.66,25689.35,91507.47617316095,136481.21617316094,1511901.1600000055,253509.48000000027,115045.96938597638,8347.199833333334,20066.668666666665,1497699.877833339,249850.73183333353,13.78258238488037,74.6361990977213,29.932281102890432,58.486500379711245
2024-02-24,49613.94,6184.73,14806.71,93605.20406290096,143219.14406290097,1506507.8200000054,249118.89000000028,115853.2628099236,8320.037999999999,19999.5825,1498200.3523333392,249793.58866666685,13.924607412841578,74.9115813959286,30.02313074371378,58.813058065056396
2024-02-25,44227.08,5386.86,12906.3,93605.20406290096,137832.28406290096,1499503.4000000055,243376.22000000026,116478.71332435533,8274.698666666667,19887.355499999998,1498650.9455000055,249650.89033333355,14.07649003504764,75.356974711897,30.17039053506724,59.263074211877395
2024-02-26,35246.92,8980.16,21453.739999999998,65542.48897349784,100789.40897349783,1499481.4300000055,246371.46000000025,116222.57127787067,8251.613,19829.7615,1498910.4158333389,249501.7730000002,14.084830599528926,75.58892807829983,30.236727413173668,59.43703126465509
2024-02-27,28938.32,6308.6,15394.9,65542.48897349784,94480.80897349783,1488288.4400000055,247227.82000000027,115967.74002632183,8173.467833333332,19645.539500000003,1498748.2025000055,249319.70683333356,14.188315460590424,76.28949067547904,30.503540469878516,59.974265666190945
2024-02-28,42589.01,7916.98,19170.5,64338.27087476673,106927.28087476673,1482203.7900000056,246014.5900000003,115648.43293738282,8212.374833333333,19740.611333333338,1498598.0218333388,249196.99350000022,14.08221559346946,75.91446873293413,30.34408420917793,59.65260011722565
2024-02-29,54418.94,10624.26,25455.73,59235.80757218673,113654.74757218672,1492423.5100000056,248672.8900000003,115535.78696006749,8294.909166666668,19938.114500000003,1498698.4828333387,249200.0435000002,13.928517436254925,75.16751309825904,30.04252831380213,59.05350222071183
2024-03-01,52460.76,10539.49,25183.68,54845.94861881673,107306.70861881673,1503440.3100000056,250563.5800000003,115806.89917867599,8323.831,20005.369333333332,1498939.135333339,249178.82433333353,13.912692266178396,74.92684140731048,29.935593878988357,58.903939794500516
2024-03-02,52768.57,5345.48,12911.27,56207.14950027673,108975.71950027673,1496099.3300000057,245373.6400000003,116282.12517792147,8263.752333333334,19865.80283333333,1499091.3870000057,249014.66183333358,14.071346827382104,75.46090130747912,30.13336457687485,59.398883557986366
2024-03-03,46730.4,6038.17,14376.72,56207.14950027673,102937.54950027674,1490204.2000000055,240363.01000000033,116529.77090616511,8206.950833333332,19730.738666666668,1499158.268833339,248776.3740000002,14.198911784979638,75.98084867273792,30.31288709438476,59.8668733633328
2024-03-04,37217.5,9512.9,22779.95,48548.71640285673,85766.21640285672,1490828.2600000056,244408.00000000032,116279.62224267845,8198.311833333333,19705.243666666665,1499058.5735000058,248575.24716666687,14.183361722092556,76.0740947363066,30.32029669278867,59.93715976561049
2024-03-05,28259.93,8957.57,21277.82,47277.303972256734,75537.23397225674,1487461.2600000056,247980.16000000032,116030.76715214043,8171.879333333333,19637.597,1498684.7663333388,248408.57716666686,14.1987861566736,76.31711590442245,30.397974203241237,60.11792785785482
2024-03-06,33273.18,8637.23,20749.76,45510.607371496735,78783.78737149673,1481995.9700000056,247301.87000000034,115809.50498316842,8219.457166666667,19751.3855,1498324.614666672,248317.1466666669,14.089678020687831,75.85921578345337,30.210893691823916,59.73800011231728
2024-03-07,48390.01,10032.16,23960.02,42954.823475286736,91344.83347528674,1491317.5700000057,249255.30000000034,115888.99924925958,8295.254166666668,19929.506999999998,1498214.3878333387,248340.00200000024,13.970518192793117,75.17568737818446,29.937600103673763,59.208605467303826
2024-03-08,43162.59,10543.24,25052.89,41184.91637256673,84347.50637256673,1502538.5000000056,251217.27000000034,114917.62363856957,8318.803333333333,19981.4115,1498343.2645000056,248349.7831666669,13.814201277976629,74.98685788539042,29.854027462283266,58.94703170108379
2024-03-09,48716.86,5603.33,13447.48,50771.76465507673,99488.62465507674,1492927.5900000057,246752.85000000033,114389.31027405572,8290.838,19911.296666666665,1498403.7775000057,248259.15250000023,13.797074586918201,75.25395269753932,29.943794885390382,59.107232399067136
2024-03-10,43337.74,5379.12,12887.81,50771.76465507673,94109.50465507673,1486983.5200000058,241469.59000000032,113635.70332360953,8249.055333333334,19807.144166666665,1498466.050666672,248088.1211666669,13.775602021291188,75.65280678819072,30.07473112274758,59.35367768673433
2024-03-11,34982.21,8355.53,20162.49,109740.84332057674,144723.05332057673,1487506.090000006,244593.1700000003,113494.46418577323,8225.455,19749.608166666665,1498377.314333339,247943.9311666669,13.797955758772401,75.86871099864635,30.143491292173735,59.52317546524502
2024-03-12,27768.579999999998,7213.63,17449.4,104662.12384215674,132430.70384215674,1480046.110000006,246473.5200000003,113321.82744554858,8181.034,19644.096666666665,1498001.1128333388,247816.04383333356,13.851773192184336,76.25706278340816,30.291530854575786,59.817305121016716
2024-03-13,37223.88,8366.09,20179.59,96214.27613316674,133438.15613316675,1473777.480000006,245979.9100000003,113078.65605342577,8220.107,19740.283333333333,1497620.3846666722,247764.3585000002,13.756348433594084,75.86620512876827,30.14125710285769,59.48129645950466
2024-03-14,52369.5,9579.75,23126.26,95616.23268060674,147985.73268060674,1483437.550000006,248252.93000000028,113170.98643709363,8286.727333333334,19901.832333333332,1497483.770333339,247833.0346666669,13.656897576666207,75.24351251945893,29.907226906062096,58.99318319006305
2024-03-15,52147.94,9651.12,23188.38,92653.62930650673,144801.56930650672,1493020.390000006,249457.99000000028,113540.44282043213,8296.962333333333,19926.041666666668,1497466.8563333387,247877.1321666669,13.68457976050819,75.15124586125803,29.87564872637929,58.96017689538693
2024-03-16,52685.12,5742.41,13741.61,93912.37369270674,146597.49369270675,1485613.6100000062,244832.65000000029,114237.68682761914,8269.761666666667,19857.722499999996,1497399.0603333386,247819.53083333359,13.813903160968056,75.40638461099147,29.966949571501182,59.25333820045834
2024-03-17,47408.46,5276.66,12671.4,93912.37369270674,141320.83369270674,1476999.750000006,239277.64000000028,114768.85573972017,8215.475,19725.852333333336,1497271.9078333387,247666.9133333336,13.969838109144044,75.90404118067963,30.146389993680657,59.72748929614302
2024-03-18,39269.29,8139.17,19637.6,85610.99534142672,124880.28534142673,1474156.780000006,242090.71000000028,114863.21787571136,8163.222,19604.1315,1496892.967333339,247515.6991666669,14.070818835468565,76.35599502754503,30.320833999941065,60.10597986307253
2024-03-19,31720.11,7549.18,18195.19,83718.32590911673,115438.43590911673,1468042.3200000061,243808.38000000027,114981.80720783038,8113.176333333334,19485.760666666665,1496200.5258333387,247371.5271666669,14.172230761880853,76.78430169743466,30.49009623399042,60.46643622532509
2024-03-20,36931.48,9210.02,21950.36,81683.88769887672,118615.36769887671,1464656.060000006,243808.12000000026,114992.08729856674,8162.0735,19601.775333333335,1495570.6830000055,247293.31866666692,14.088587575028175,76.2977157715275,30.29785490986658,60.0884484366891
2024-03-21,51076.11,9750.28,23406.65,72797.09436537228,123873.20436537228,1474140.260000006,245739.80000000025,115185.14050041136,8229.435666666666,19764.16433333333,1495197.5106666721,247334.24133333357,13.996724097008114,75.65194689992234,30.05482409142112,59.593846905509324
2024-03-22,47637.68,9518.81,22902.02,58254.47394676339,105892.1539467634,1483769.550000006,246600.66000000024,115420.11406978234,8227.176,19760.82966666667,1494987.016833339,247330.30450000023,14.029129080231462,75.65406119334861,30.062600398970467,59.6205898746096
2024-03-23,51708.909999999996,5143.46,12399.91,58378.221811513395,110087.13181151339,1474230.840000006,240206.05000000022,115888.87676973247,8190.504166666667,19671.496833333335,1494739.252666672,247193.54466666692,14.14917499723297,75.98502876170753,30.180504110196747,59.95369964874375
2024-03-24,46530.76,5178.15,12444.21,58378.221811513395,104908.9818115134,1469020.6800000058,234664.5400000002,116315.86608171294,8136.233666666666,19542.86533333333,1494489.160666672,246982.57850000027,14.296033133641108,76.4723665223028,30.355885612265922,60.41251404367799
2024-03-25,37524.05,9006.71,21620.4,43935.859613453395,81459.9096134534,1471504.1200000057,237486.5200000002,116126.6557824899,8110.090166666666,19477.960166666664,1494055.6650000056,246772.63066666693,14.318787263276409,76.70493481944978,30.42785290858155,60.59586917414463
2024-03-26,29750.67,7773.38,18665.02,40435.63449527339,70186.30449527339,1466554.4900000058,239873.0400000002,115819.93420629972,8054.154333333334,19345.24983333333,1493293.973166672,246552.0863333336,14.380148357346647,77.1917646984126,30.611790652302325,60.960122403456914
2024-03-27,36943.42,8399.38,20241.15,36566.43257520339,73509.85257520339,1463015.5500000056,239292.2600000002,115515.63962985398,8094.395333333334,19442.155166666667,1492565.5485000054,246394.86866666694,14.271064714883867,76.76955233126574,30.440182190261226,60.60043485588838
2024-03-28,52753.93,9713.51,23327.04,35416.15953170339,88170.08953170339,1471934.2000000058,242697.17000000022,115489.81538364873,8165.4165,19611.970333333335,1492048.352833339,246386.81733333357,14.143775199176764,76.07845246927539,30.17443351889442,60.04779414955773
2024-03-29,50418.1,10302.0,24598.42,30578.95359881339,80997.05359881339,1483099.3000000056,245082.1900000002,114310.80973114516,8184.946333333334,19656.00016666667,1491671.8236666722,246359.3888333336,13.965981580796983,75.88887927444677,30.099084196805393,59.75577665843835
2024-03-30,51989.85,5294.69,12749.01,30578.95359881339,82568.80359881339,1474112.4900000056,239752.6200000002,113345.59409772576,8140.425166666667,19548.093666666668,1491198.3231666721,246204.9048333336,13.923792894977057,76.28356752297834,30.244723069440038,59.96263734851536
2024-03-31,46482.76,5507.09,13173.91,30578.95359881339,77061.7135988134,1469445.6400000055,234720.2200000002,112153.73086505017,8088.0633333333335,19419.044666666665,1490725.0568333387,245969.13716666691,13.866574264179043,76.76613769740229,30.411376250350855,60.221335711230466
2024-04-01,37526.28,8956.48,21468.68,103201.44500386341,140727.7250038634,1470330.7100000053,238331.2200000002,111897.9874191766,8061.747666666667,19355.378833333332,1490083.6843333389,245767.13250000024,13.880115335518017,76.98550863634637,30.48558980780142,60.38003416406296
2024-04-02,29519.76,8006.5199999999995,19139.21,99336.31336944341,128856.0733694434,1462529.0700000052,240299.57000000018,111643.20422457598,8011.043,19232.69833333333,1489099.2333333388,245571.22466666688,13.936163396523522,77.42539333404365,30.654088945305485,60.707467785261684
2024-04-03,38908.11,8161.599999999999,19630.08,101802.71179163341,140710.8217916334,1456861.7100000053,238948.2700000002,111505.24371316434,8055.937833333333,19338.3965,1488178.8500000057,245428.85066666693,13.841373409286405,76.95461461864254,30.46558398839021,60.330404039538735
2024-04-04,50617.159999999996,9801.36,23412.31,95700.4191732934,146317.5791732934,1465284.5400000054,239792.06000000017,111550.48599144706,8129.537,19512.194666666666,1487538.2275000056,245386.5083333336,13.721628426249497,76.23633593822314,30.18456135119793,59.7734030132747
2024-04-05,45978.94,9386.73,22469.94,82441.4186011734,128420.3586011734,1474091.1700000053,240541.56000000017,111584.91270420677,8130.7238333333335,19515.933833333333,1487065.6605000056,245297.77500000026,13.723859645403866,76.1975149741535,30.169242004550547,59.75213261500682
2024-04-06,50059.26,4883.68,11804.51,84188.8820122934,134248.1420122934,1462793.5800000052,235393.08000000016,111969.58703583498,8077.473,19390.380833333333,1486506.9440000055,245079.99383333357,13.861957450781325,76.66208089346047,30.34117153141008,60.18286681283172
2024-04-07,44546.5,5512.76,13067.77,85421.1485716934,129967.6485716934,1458101.4700000053,230362.60000000018,112167.02725153402,8026.331166666667,19262.633166666667,1485963.7255000055,244787.52166666693,13.974881539571081,77.1422947549775,30.498059023937223,60.61911727061136
2024-04-08,35868.18,8678.32,20688.170000000002,75155.8216420134,111024.0016420134,1458627.5400000052,233437.5900000002,111713.73104125338,8003.174,19201.561666666665,1485252.8331666724,244499.85766666694,13.958678274551245,77.3506269411944,30.550361352466776,60.75894386327887
2024-04-09,28385.07,7483.11,18004.63,76425.8054103734,104810.87541037341,1451117.460000005,235541.5800000002,111334.76400261509,7950.186166666666,19077.589,1484195.4265000054,244200.98850000027,14.004044895126682,77.79785100203203,30.716386180223026,61.08550971693569
2024-04-10,34805.15,7987.89,19244.49,64548.841619513405,99353.9916195134,1443734.3100000052,235173.9400000002,110785.85574849113,7996.1185,19187.309666666668,1483155.4901666723,243971.65200000023,13.854954219161602,77.29877277914048,30.511260182049607,60.642466816252465
2024-04-11,49920.65,9189.48,22208.53,68190.38258031785,118111.03258031784,1451516.0100000051,237149.7900000002,110638.45284371391,8060.3885,19342.916833333333,1482314.499333339,243851.00650000025,13.726193575373435,76.63345255038737,30.253009082626754,60.10663704313405
2024-04-12,49120.979999999996,9968.119999999999,23847.61,61397.66996652785,110518.64996652785,1462225.4900000053,238751.8200000002,110806.19727659503,8078.862166666667,19385.238999999998,1481626.6670000055,243709.76166666692,13.715569716460902,76.43066288736526,30.1663472700663,59.97988533375987
2024-04-13,51497.54,5214.46,12563.14,61966.29802422785,113463.83802422785,1452832.0000000054,234386.5300000002,111368.9466461933,8043.991,19299.695833333335,1480902.087333339,243467.0253333336,13.844986480739884,76.73188738941727,30.266944024842093,60.30992984531507
2024-04-14,46488.84,5008.7,12024.32,61966.29802422785,108455.13802422784,1445632.9200000055,229744.11000000022,111721.9599931196,7986.701666666667,19160.56983333333,1480139.9110000057,243156.76466666692,13.988497962732584,77.24926366360098,30.44520439288562,60.792557233447944
2024-04-15,38247.979999999996,8240.86,19878.73,48327.93065842785,86575.91065842785,1444594.8000000054,232242.5600000002,111560.75439156522,7951.253500000001,19075.646,1479163.433833339,242838.25650000025,14.030587050402206,77.54198383810116,30.540877171127825,61.03169371737554
2024-04-16,30690.89,7557.09,18133.02,46092.52089322785,76783.41089322785,1437439.1900000055,234522.9900000002,111392.01019914566,7896.677166666666,18946.12233333333,1477858.8250000055,242519.45866666693,14.106187684783661,78.00323459328129,30.71158330878542,61.39783896927953
2024-04-17,38280.409999999996,7685.19,18486.06,35980.696755379184,74261.10675537918,1429425.2100000056,234069.01000000018,111154.8702704003,7935.995333333334,19040.39933333333,1476605.7330000056,242292.23200000025,14.006418300615636,77.55119559992453,30.530793154868316,61.02682074567184
2024-04-18,52474.58,9968.26,23735.31,38383.11449467918,90857.69449467919,1439872.3300000057,236488.0900000002,111291.53197064326,8004.9411666666665,19205.570499999998,1475625.148166672,242183.9968333336,13.902854456204095,76.8331848390899,30.254313153706953,60.48172614158704
2024-04-19,49091.97,8981.43,21578.48,35983.92055030919,85075.89055030918,1448466.3900000057,236259.5000000002,110517.24090417774,8001.1269999999995,19197.832,1474780.854333339,242023.05033333358,13.812709247606962,76.82017710819322,30.24862001732176,60.384266338478426
2024-04-20,51459.53,5256.05,12622.25,36520.20290132918,87979.73290132917,1438843.0500000056,231765.2700000002,109923.48323880904,7958.417833333334,19094.894333333334,1473899.366333339,241752.03250000023,13.812228201741485,77.18813943685464,30.376896207615165,60.62347143098097
2024-04-21,46148.57,5310.96,12740.37,36520.20290132918,82668.77290132918,1432245.7300000058,227557.4200000002,109173.83028167368,7902.634666666666,18960.504833333332,1472977.5175000054,241427.49116666694,13.814864900963876,77.6866191300166,30.550253345888397,60.95123068509207
2024-04-22,38008.78,8139.79,19620.04,98446.74105264917,136455.5210526492,1431133.140000006,230553.7500000002,109109.55536299848,7845.996666666667,18828.371666666662,1471831.452333339,241082.9836666669,13.906398383591608,78.17093683884715,30.7268781658927,61.35045705654606
2024-04-23,30246.81,7761.97,18666.13,96358.66830991917,126605.47830991917,1425446.8100000059,233137.5700000002,108944.95973194444,7796.7018333333335,18711.318000000003,1470390.5465000055,240743.45183333362,13.973210988545278,78.58294891359365,30.877601449895163,61.67855845224376
2024-04-24,37685.52,8090.19,19313.74,104605.04689729918,142290.56689729917,1419317.5600000059,232221.05000000022,108929.48344585109,7828.4595,18786.43516666667,1468937.3755000054,240461.8211666669,13.914549017702791,78.1913844999388,30.716365226985832,61.389568290655774
2024-04-25,50012.54,9249.81,22119.13,95924.75968143919,145937.29968143918,1428775.4400000058,233697.4800000002,109064.5670394934,7892.842,18939.982333333333,1467758.5761666722,240300.50883333356,13.81816170138632,77.49524526131671,30.445371747379912,60.86803521532312
2024-04-26,48138.38,9637.46,23052.74,91103.88828483918,139242.26828483917,1438956.0800000057,234935.5600000002,109705.44802801574,7903.7970000000005,18966.63233333333,1466749.820333339,240109.91050000023,13.880094343012066,77.33317093702327,30.379058381686704,60.834206898348626
2024-04-27,50706.64,5490.4,13124.74,91103.88828483918,141810.52828483918,1430772.5400000056,230712.4500000002,110494.27668320478,7890.160333333333,18928.796333333335,1465791.2220000057,239834.65433333357,14.004059742157937,77.43710673344657,30.396676898961232,61.04448957664327
2024-04-28,45617.88,5088.76,12227.210000000001,91103.88828483918,136721.76828483917,1425304.0200000056,225499.2100000002,110990.85147337265,7843.023333333333,18813.074833333332,1464842.8925000057,239492.73133333356,14.151539113960645,77.86302374689818,30.53576677701247,61.47879608384636
2024-04-29,37055.14,8562.74,20504.84,72521.60558861918,109576.74558861917,1425436.9800000058,228767.26000000018,110922.88477364651,7808.664666666666,18730.559999999998,1463726.450333339,239160.97083333356,14.20510285800208,78.14643290608178,30.627640069403277,61.723895694680586
2024-04-30,29483.22,7571.92,18135.06,71637.52639549918,101120.74639549918,1418597.880000006,230832.0900000002,110819.78540325789,7759.205166666667,18613.083,1462312.409833339,238832.11266666692,14.282363080091844,78.56368608216808,30.780486858716294,62.06556230354362
2024-05-01,36080.42,7710.43,18624.64,67496.95841940917,103577.37841940917,1411318.080000006,229586.04000000018,110729.81305191011,7798.621,18708.305833333336,1460899.3890000056,238568.9860000002,14.198640125210613,78.08827811640019,30.591175798900885,61.69574244270992
2024-05-02,50772.23,9840.02,23408.4,63620.509692109175,114392.73969210917,1421897.0400000059,231419.54000000018,110920.73288844065,7861.985166666667,18858.833833333334,1459760.936333339,238419.9281666669,14.108489209407773,77.40462370229832,30.325664970410067,61.187447941296035
2024-05-03,47569.08,8362.85,20183.27,60562.072832589176,108131.15283258917,1428255.2700000058,231620.79000000018,111293.48182893617,7842.817666666667,18815.555833333336,1458718.0531666724,238206.80800000022,14.190497160472408,77.527236829349,30.372605627747845,61.34512836207355
2024-05-04,51054.87,4641.7699999999995,11182.85,71662.29786987806,122717.16786987806,1417395.330000006,226461.2000000002,112079.8140605632,7770.8876666666665,18647.30633333333,1457550.2876666721,237848.15866666692,14.423038765742447,78.16411987940594,30.607591934048923,61.979566711099466
2024-05-05,46542.35,4512.5199999999995,10886.06,71662.29786987806,118204.64786987807,1409482.880000006,221586.99000000017,112736.8284022029,7702.1425,18482.911333333333,1456341.7361666723,237419.57733333355,14.63707382747111,78.79395782958754,30.82513434844052,62.60589730861813
2024-05-06,39192.65,7349.7,17858.96,56441.19724068118,95633.84724068118,1406538.100000006,224053.01000000018,112808.31196495946,7657.434833333333,18381.227,1454928.7450000057,236999.5391666669,14.73186705734631,79.15297194251536,30.950252183014584,62.93458681684709
2024-05-07,31784.43,7408.22,17764.33,48676.64528245118,80461.07528245117,1396754.400000006,225948.47000000018,112743.53811345756,7605.1845,18259.751,1453165.6766666723,236578.39250000022,14.824563179691111,79.58299522631346,31.1075152088684,63.30004319713617
2024-05-08,39481.06,7958.23,18989.28,45612.38833210985,85093.44833210984,1390054.330000006,225228.38000000018,112503.61850807475,7644.432833333334,18352.114333333335,1451451.122333339,236219.65133333355,14.717065472471141,79.08904096663333,30.90087341775107,62.905233021353396
2024-05-09,52613.82,8847.84,21195.48,42496.47660143984,95110.29660143984,1396443.100000006,226593.1100000002,112520.29837384749,7702.244833333332,18490.5755,1449942.115333339,235971.71000000022,14.608766769771925,78.41519672188349,30.63674488491659,62.38721860673883
2024-05-10,52419.51,9098.16,21720.24,41497.07322593984,93916.58322593984,1405257.0400000059,227703.38000000018,111673.5238722702,7714.622,18516.538,1448571.297833339,235690.2135000002,14.475566511524505,78.23121675516984,30.55110328153475,62.155679985159594
2024-05-11,54804.38,4511.71,10911.41,42968.33181357984,97772.71181357984,1394714.7100000058,223025.61000000016,111095.89067179391,7669.59,18407.5715,1447149.1078333391,235299.4150000002,14.485245061573552,78.61705754250849,30.679529805374237,62.422772798707804
2024-05-12,49990.57,4813.8099999999995,11572.96,44074.23283941984,94064.80283941983,1390892.7700000058,217871.30000000016,110439.66811689813,7610.385333333334,18264.12766666667,1445767.6960000058,234830.9381666669,14.511705160732745,79.15886936328388,30.856642322447478,62.81393220156915
2024-05-13,42123.34,7867.23,18927.43,113926.29158459985,156049.63158459985,1390649.7000000058,220524.07000000018,110574.06643196469,7581.843333333333,18194.14716666667,1444221.231833339,234368.79050000018,14.584061101055639,79.37834176032628,30.91184824007181,63.05055462131011
2024-05-14,34876.659999999996,7246.68,17326.43,108924.54908711762,143801.2090871176,1382520.4000000057,222762.05000000016,110557.39376164154,7541.769333333333,18096.447999999997,1442379.5653333392,233923.85816666685,14.659344362734183,79.70512032711278,31.01710591077923,63.34735877906774
2024-05-15,39864.89,7515.04,18097.27,106173.82592346761,146038.7159234676,1375433.9900000058,222036.23000000016,110548.08079882087,7571.313166666666,18169.042333333335,1440543.2383333393,233543.91783333351,14.600912465953458,79.28558984589333,30.845893267436086,63.0406090444107
2024-05-16,55646.45,8565.25,20602.28,103425.89011511761,159072.3401151176,1383125.0000000058,223044.39000000016,110843.9392391944,7626.122999999999,18301.223666666665,1438978.6591666723,233273.36366666685,14.534769402381055,78.62745603112799,30.58872295485752,62.573502478651534
2024-05-17,50824.62,9660.1,23023.89,100572.55354124762,151397.1735412476,1391772.1700000057,225019.30000000016,111285.88737585809,7651.471833333333,18357.66183333333,1437605.582333339,232988.84016666687,14.544376533028004,78.31093062859316,30.450199025978275,62.40510813564288
2024-05-18,53380.33,5162.5,12330.52,102406.55189100762,155786.88189100762,1381322.7400000058,220213.54000000015,111958.36147555626,7611.693833333334,18259.917333333335,1436160.2560000056,232595.59283333353,14.708731581565354,78.6509724980138,30.557665340498154,62.802038739081006
2024-05-19,48358.409999999996,5021.92,12006.89,102406.55189100762,150764.9618910076,1372051.8100000056,216254.03000000017,112494.18804542511,7541.8921666666665,18094.192833333334,1434616.851833339,232136.35800000015,14.915910431949971,79.2860375175438,30.779591231227958,63.42235671826582
2024-05-20,41126.68,7231.73,17545.99,98183.84723606762,139310.52723606763,1368848.0400000056,218229.7100000002,112751.4767599367,7499.916333333333,17996.515166666668,1432861.9815000058,231677.8565000002,15.033697943910846,79.61885777497454,30.890725469870826,63.761830249014565
2024-05-21,33705.55,7421.13,17734.83,94020.86337795762,127726.41337795762,1362622.8500000057,220339.8800000002,113115.38108378994,7464.955,17910.395333333334,1430842.869833339,231240.17683333353,15.152855051877733,79.88896075176932,30.976767687592698,64.06504811605436
2024-05-22,44409.49,7453.72,17951.86,83842.89127601762,128252.38127601761,1355521.820000006,219653.8100000002,113418.13524153168,7503.459333333333,18002.92783333333,1428864.3861666725,230897.6395000002,15.115446116657617,79.36844492155647,30.772158446206483,63.711732592007614
2024-05-23,55747.12,8515.33,20567.37,80166.15491876761,135913.27491876762,1362641.710000006,220407.1700000002,113934.87345998592,7559.079,18138.313833333334,1427091.4033333391,230660.01666666687,15.072586681523758,78.67828379453495,30.514301632072755,63.23656884398595
2024-05-24,55835.93,8440.09,20385.62,75700.30234252763,131536.23234252763,1370139.520000006,220757.07000000018,114769.4788388038,7549.635333333334,18117.73416666667,1425401.993333339,230381.1925000002,15.201989734798289,78.67440708760475,30.515539139064845,63.360857683338196
2024-05-25,58256.69,4692.03,11283.05,76195.00999596763,134451.69999596762,1361260.0800000061,216199.29000000018,115840.56876381538,7498.279500000001,17994.701333333334,1423647.0865000056,229986.63000000018,15.448953158363244,79.11479385672524,30.671920138479788,63.89182687660869
2024-05-26,53709.44,4547.25,10899.29,76195.00999596763,129904.44999596763,1354709.9700000063,211109.0800000002,116780.47872082812,7434.077333333334,17839.00366666667,1421841.9935000057,229516.9103333335,15.708806013787514,79.70411465057374,30.873624263257618,64.53929640110363
2024-05-27,45549.409999999996,8160.03,19468.12,55734.239813601795,101283.64981360179,1353998.5000000063,213778.7100000002,116999.03805885976,7408.186,17774.688333333335,1419876.3985000057,229034.9360000002,15.793210113631025,79.88192939716836,30.916466730182016,64.75867278061736
2024-05-28,37601.75,7947.66,18800.2,51934.19227546179,89535.9422754618,1349672.4400000062,216637.6100000002,117141.35287013723,7368.947,17678.051333333333,1417652.6175000058,228560.85966666686,15.896620354324332,80.19281032558787,31.016759879894217,65.07267080001799
2024-05-29,39680.96,7784.23,18589.4,46933.06596813179,86614.02596813178,1345073.4600000062,215859.1000000002,117208.77324295921,7410.439333333333,17775.391166666665,1415501.9670000055,228162.63433333352,15.816710450045187,79.63267608166217,30.78935324482339,64.66003328688397
2024-05-30,52343.33,9992.05,23598.83,45339.53872433179,97682.86872433178,1354930.6800000062,218279.23000000019,117552.45916171785,7485.188666666667,17949.139833333335,1413593.384333339,227888.61783333353,15.704675512750537,78.75549455067232,30.445273724118135,64.01489633930473
2024-05-31,49201.0,7652.55,18665.8,39669.22722258179,88870.22722258179,1360925.0800000064,218221.35000000018,116688.16753202982,7463.456499999999,17902.425166666668,1411769.9571666725,227553.45333333354,15.634601411829738,78.85914584328556,30.48901716427684,64.00473009083845
2024-06-01,52486.28,4546.03,10992.98,40491.27350889179,92977.55350889178,1352280.4600000062,212927.3600000002,116090.19220102063,7405.781666666667,17766.654666666665,1409932.4803333392,227097.2498333335,15.675616353036869,79.35835455723793,30.664858897406532,64.36911201286827
2024-06-02,47918.0,4568.28,11007.41,41232.78543849179,89150.78543849179,1345092.6800000062,209132.79000000018,115230.8582618016,7345.892999999999,17622.9435,1408069.6631666722,226600.32516666685,15.686432985315959,79.89980011946767,30.847212880267502,64.73902022451612
2024-06-03,40701.59,7216.41,17433.24,93590.74014050001,134292.3301405,1340575.560000006,211707.4300000002,115030.43744458837,7302.8105000000005,17523.292333333335,1405991.1801666724,226132.2480000002,15.751529831506426,80.23556038565616,30.965098710968906,65.02199150619369
2024-06-04,33547.57,7154.0199999999995,17149.72,91830.25594869003,125377.82594869004,1334318.6300000062,214348.9300000002,114979.72856704699,7265.598666666667,17434.622,1403661.637833339,225695.70416666687,15.825224299073174,80.51001265374947,31.06360735311743,65.27162959970521
2024-06-05,45480.29,7852.42,18761.61,90076.62013131002,135556.91013131003,1330178.2200000063,214851.6500000002,115001.54136903059,7315.077666666667,17550.573666666667,1401451.3818333393,225353.34700000018,15.721164779024754,79.85216941911581,30.806692323567514,64.76664187457305
2024-06-06,54438.89,8870.47,21277.5,90779.83855254225,145218.72855254225,1339055.8100000063,216313.9000000002,115255.72603537809,7371.0395,17687.4025,1399467.2875000057,225119.20200000016,15.636292009475474,79.12226159267907,30.541038614702874,64.21751498745166
2024-06-07,54434.77,8748.26,20899.04,79482.48758215224,133917.25758215223,1347510.6400000064,217103.9300000002,115637.28030104705,7372.205166666667,17690.917,1397615.3391666724,224846.9743333335,15.685575440018892,79.00185949471542,30.499283355538758,64.18815157919556
2024-06-08,56027.2,4848.43,11607.28,81389.70596251223,137416.90596251225,1337497.5200000065,213104.5200000002,116180.7141435827,7328.293833333333,17584.2945,1395721.6735000059,224473.02333333352,15.853719403979873,79.37319711632479,30.63100749485507,64.59590902544959
2024-06-09,51340.02,4687.18,11202.07,81389.70596251223,132729.72596251222,1330034.5700000066,208693.54000000018,116736.9763826327,7273.282,17450.254166666666,1393826.677833339,224031.68333333352,16.050110030469423,79.87429091410115,30.802007035246746,65.12239390932383
2024-06-10,42810.71,8529.31,20218.39,71720.94435923225,114531.65435923226,1330011.8100000066,212711.1400000002,116677.32007894792,7262.279166666666,17417.085166666668,1391801.6078333394,223624.37250000017,16.066212465982904,79.9101339009934,30.792588300160617,65.18375806681568
2024-06-11,35845.89,6964.82,16598.09,71836.76926135225,107682.65926135225,1323282.8600000066,214862.1500000002,116630.053567195,7212.224166666667,17296.259833333334,1389485.8973333393,223226.21133333351,16.17116313525497,80.33447177149384,30.95109167086577,65.55454323588305
2024-06-12,41515.85,6222.44,15181.75,71046.31831409225,112562.16831409224,1313866.1900000067,213217.3600000002,116615.02573869276,7229.023833333334,17339.903333333335,1387169.800500006,222873.3918333335,16.131503841635705,79.99870436609541,30.83035787012555,65.29985033760556
2024-06-13,60199.57,7453.69,18117.07,75525.82215358225,135725.39215358224,1319234.2500000068,213424.3700000002,117069.52997418196,7269.773666666666,17441.449166666665,1385063.156000006,222601.39616666685,16.10360037905563,79.41216023764116,30.620127444591265,64.89563317210553
2024-06-14,55642.53,8409.78,20138.09,62675.31501109224,118317.84501109224,1326198.430000007,214319.1100000002,117598.56221339306,7272.589000000001,17445.771833333336,1383089.8831666724,222302.67200000017,16.17010973855295,79.27937476082465,30.56719855886262,64.88228594051498
2024-06-15,58629.47,4794.91,11434.65,63042.40138789225,121671.87138789226,1316164.400000007,210548.7700000002,118346.70322163746,7226.5526666666665,17334.13233333333,1381068.6366666728,221903.10166666686,16.37664716228053,79.67336409512082,30.70663314891778,65.34337810848356
2024-06-16,53847.15,4782.32,11430.52,63042.40138789225,116889.55138789225,1308455.710000007,205670.9900000002,119057.17729884601,7178.1714999999995,17216.54,1379052.4783333393,221429.8013333335,16.586003454897394,80.10044284933787,30.847661041998442,65.83878526223683
2024-06-17,46188.55,7658.6,18359.8,41587.77025322225,87776.32025322225,1307185.430000007,208167.0900000002,119005.8210614884,7139.677166666666,17126.948166666665,1376841.030000006,220957.78466666685,16.66823559153294,80.39033087515755,30.947867740892047,66.11069872579843
2024-06-18,39172.47,7016.08,16969.96,37075.79259954224,76248.26259954224,1300743.0800000068,210161.25000000017,118858.69392897561,7106.921333333333,17050.1395,1374378.9748333395,220522.81383333352,16.7243576162152,80.60807800624384,31.029302772639884,66.30313284981916
2024-06-19,44267.42,8116.99,19406.73,32626.85481316223,76894.27481316222,1297679.8700000069,211046.51000000015,118673.93629417283,7154.603666666666,17163.214166666665,1372026.2551666729,220177.50116666686,16.587073417787668,79.93993676495266,30.774241512842273,65.75276866989805
2024-06-20,51594.77,8552.98,20454.37,30664.57543588223,82259.34543588222,1306329.730000007,212178.36000000016,118667.11250308205,7208.637333333333,17291.780833333334,1369927.655166673,219921.1835000002,16.46179534575218,79.22420879438086,30.5080105061003,65.17799363403273
2024-06-21,50211.67,8693.51,20746.74,30578.23970463223,80789.90970463223,1314008.700000007,213418.15000000017,117739.35231394843,7217.865999999999,17310.559166666666,1367975.5811666728,219635.59016666687,16.31221088254457,79.02549929183432,30.429435814777786,64.9082743596011
2024-06-22,51776.64,4942.38,11787.24,49317.486790992225,101094.12679099222,1305107.770000007,209845.2000000002,117314.16312196632,7170.872833333333,17195.911,1365969.930500006,219247.38400000017,16.35981641964687,79.43574088630757,30.57471371976408,65.22084358619037
2024-06-23,47330.88,4445.76,10728.23,49317.486790992225,96648.36679099222,1297831.370000007,205850.8700000002,116553.4597868612,7110.132333333333,17052.819166666668,1363945.160666673,218807.8810000002,16.392586568387998,79.98355857386862,30.774094031161287,65.60205111109534
2024-06-24,40091.06,7239.82,17477.08,105877.67211231221,145968.73211231222,1296063.9600000072,208398.6600000002,116553.9836607091,7076.632500000001,16975.451666666668,1361733.3026666727,218386.2340000002,16.47026091304149,80.2177950493417,30.86019148231877,65.82786448006442
2024-06-25,32504.57,7586.49,18000.27,97497.45654819222,130002.02654819223,1291855.7000000072,211437.9000000002,116399.97963176497,7042.449666666666,16891.243833333334,1359281.6296666728,217994.60633333353,16.52833674945659,80.47255981138903,30.95437193752991,66.0465246233157
2024-06-26,42015.92,6717.29,16253.07,96622.35168212088,138638.27168212086,1284261.1600000071,209995.1600000002,116347.10868838633,7062.897833333333,16943.382666666665,1356839.7733333397,217649.31816666684,16.47299896358211,80.08080794885782,30.815866702682754,65.73794020975718
2024-06-27,57366.37,8037.5599999999995,19296.99,96571.0720263709,153937.4420263709,1290995.0100000072,210085.0600000002,116634.03658407854,7112.044500000001,17061.212333333333,1354601.2898333396,217392.41566666684,16.399508830980814,79.39654365515328,30.566796322304622,65.22925616382948
2024-06-28,54339.89,8388.7,20082.09,94717.23052712089,149057.1205271209,1299052.7800000072,210689.5300000002,117292.04283305355,7109.1438333333335,17054.1665,1352494.8865000063,217091.12016666686,16.49875787898607,79.30583335749691,30.536886755444534,65.26770448103844
2024-06-29,57933.45,5163.36,12299.41,95086.12505702088,153019.57505702088,1291473.4600000072,205860.8400000002,118157.02331074559,7069.001166666667,16956.90566666667,1350376.1461666727,216674.93266666683,16.714811686254343,79.63576449099425,30.651421262791818,65.69915491445678
2024-06-30,53724.19,4209.26,10173.710000000001,95086.12505702088,148810.31505702087,1283514.1500000071,202417.55000000022,118910.90558803911,7010.648333333333,16816.056833333332,1348246.0806666731,216222.1245000002,16.961470599324855,80.17611346282656,30.841958435132874,66.29562562701855
2024-07-01,46444.55,7279.64,17433.6,82327.74222675199,128772.29222675199,1282461.6900000072,205151.16000000024,119150.56479694982,6967.975333333333,16716.476833333334,1345922.158166673,215784.31816666684,17.099739751798275,80.51470244512585,30.968008330109882,66.64643386681425
2024-07-02,39507.01,6937.54,16581.96,70701.22072739199,110208.23072739199,1275308.340000007,207520.42000000025,119185.1827618632,6944.220166666667,16656.454999999998,1343373.042666673,215382.64533333352,17.16322062108148,80.65179791658387,31.016102624050372,66.79891591361498
2024-07-03,41748.6,7320.05,17549.88,71450.38815698533,113198.98815698532,1271279.740000007,207624.06000000023,119026.54643331499,6988.858166666667,16762.572166666665,1340937.7828333399,215068.69300000017,17.030900269376144,79.99594391008031,30.773080218707186,66.25376396074927
2024-07-04,53279.92,7868.69,18988.5,66200.17193735534,119480.09193735533,1277645.990000007,208338.73000000024,119047.80383443962,7044.794333333334,16897.612833333333,1338740.5013333398,214847.88866666687,16.898691175574836,79.22660523340036,30.49739687219639,65.62789953677881
2024-07-05,52447.72,8496.95,20395.78,57473.709918825334,109921.42991882534,1285301.400000007,208983.26000000024,119285.9302124087,7063.915166666668,16939.893166666665,1336719.889666673,214596.72616666686,16.88665950793086,78.90958204488518,30.379289827730354,65.41695172508568
2024-07-06,52793.21,4621.24,11107.97,57473.709918825334,110266.91991882533,1276789.3300000068,204734.03000000023,119782.69428968157,7017.4655,16828.953833333333,1334720.47183334,214243.15216666684,17.069224535508095,79.31095925818283,30.529990089251857,65.85019370443908
2024-07-07,48733.95,4059.2599999999998,9820.82,58549.47528742533,107283.42528742533,1267944.020000007,200045.03000000023,120152.52723893685,6952.482666666666,16676.146166666666,1332685.3000000066,213823.42966666687,17.2819599845969,79.91566436757805,30.75497486557323,66.44264948660171
2024-07-08,40586.43,8147.5199999999995,19469.37,47272.51090111533,87858.94090111533,1268099.6500000071,203344.12000000023,120031.6713105981,6940.810666666667,16647.377666666667,1330546.2425000067,213435.94650000017,17.29360979216041,79.92527526807916,30.750867117731513,66.46801794250806
2024-07-09,33918.11,6668.32,16095.46,49175.23189015533,83093.34189015534,1262075.9800000072,205325.26000000024,119851.2839550017,6900.3133333333335,16553.631333333335,1328159.8915000067,213062.97783333354,17.36896256232833,80.23374839969695,30.877290282470295,66.72542067955499
2024-07-10,43339.54,7158.33,17319.02,49175.23189015533,92514.77189015533,1256342.2600000072,203954.28000000023,119763.65162294461,6944.423666666667,16660.424833333334,1325853.6840000066,212745.1223333335,17.246017433788186,79.5810249296468,30.63538927708474,66.19165308635024
2024-07-11,57315.37,9041.25,21582.37,42616.77380044311,99932.14380044311,1264799.8900000073,206030.71000000022,119861.44063896168,7014.880999999999,16827.248333333333,1323752.1360000065,212547.77916666685,17.08673898230942,78.66717776891467,30.299555924992436,65.45436082623166
2024-07-12,52770.229999999996,9337.42,22209.79,42316.448403963106,95086.6784039631,1274782.4700000074,209145.69000000024,118845.39141928441,7039.384166666667,16881.954333333335,1321821.0155000065,212358.1395000002,16.882924500988107,78.29786702420333,30.167147362914466,65.01364416227698
2024-07-13,55640.13,4559.83,11000.57,43132.82662200311,98772.95662200311,1265278.2000000074,206251.83000000022,118094.92054486582,6994.6033333333335,16776.523333333334,1319866.9788333399,212082.96916666685,16.883719478712276,78.67345054805791,30.32094302702896,65.23622699974123
2024-07-14,50314.15,5325.98,12647.53,43132.82662200311,93446.9766220031,1259790.6700000074,203168.03000000023,117218.39155650808,6958.119000000001,16685.694333333333,1317939.5901666733,211768.49916666688,16.84627577604063,78.98620002487999,30.43473375012225,65.39774205079837
2024-07-15,42259.94,8054.21,19366.54,124196.3514289531,166456.29142895312,1260532.5700000075,206427.33000000022,117341.45741173867,6949.601666666667,16665.098666666665,1315896.3830000067,211491.54816666685,16.884630665173184,78.96121165079252,30.432182779780447,65.41365953618526
2024-07-16,34475.2,7784.74,18528.33,121114.5382506631,155589.7382506631,1255652.5000000077,209429.7500000002,117411.33349022892,6918.345666666666,16590.172666666665,1313627.7218333401,211231.72233333354,16.97101289054251,79.18107594339325,30.532114541641178,65.61997429229459
2024-07-17,39807.84,7819.76,18782.850000000002,117796.49782028311,157604.3378202831,1254252.0800000078,209590.9100000002,117441.62442238351,6962.633333333333,16697.711499999998,1311509.8775000067,211054.6785000002,16.86741478402092,78.54428898834472,30.312479258326622,65.09922451403902
2024-07-18,48995.9,8624.27,20722.2,103697.7622639531,152693.6622639531,1263791.4300000076,211199.1000000002,117473.76942859926,7022.6725,16842.966666666667,1309705.5378333402,210970.42966666687,16.72778695412598,77.75978921963511,30.041331083952283,64.4462450898088
2024-07-19,48996.42,8164.71,19782.22,100341.51510815311,149337.9351081531,1272687.5900000075,211246.8200000002,117640.89289313402,7038.222166666667,16880.237166666666,1308102.8636666734,210854.04816666685,16.71457508833502,77.49315668678985,29.958424609737524,64.24930716538735
2024-07-20,51871.59,4673.04,11200.94,101326.6748125131,153198.26481251308,1266029.5700000075,207366.8800000002,118065.42375037662,6992.420666666667,16771.339,1306492.9756666734,210637.8315000002,16.88477129432477,77.90033793167458,30.123735619071763,64.66137360692758
2024-07-21,47430.69,4440.9,10665.64,101326.6748125131,148757.36481251311,1258930.8800000073,203114.2700000002,118407.17347598488,6942.206999999999,16649.902,1304883.1266666735,210362.1725000002,17.056128328640284,78.37182024655002,30.30191587487959,65.1260327003107
2024-07-22,39714.159999999996,7716.53,18481.44,85278.5677717931,124992.72777179308,1258423.0400000073,205888.4200000002,118225.16435686864,6928.893666666666,16615.1365,1303146.1488333403,210120.1933333335,17.062632224480954,78.43126349478622,30.325215458879683,65.16868026038749
2024-07-23,33462.37,6251.79,15054.960000000001,83298.6596893831,116761.02968938311,1252282.5200000072,207694.4500000002,117978.91097931624,6892.4220000000005,16526.292166666666,1301181.865500007,209902.48300000018,17.117192037764987,78.73404707950615,30.45409625237691,65.39714286489424
2024-07-24,42094.5,6642.0,16149.42,85280.61613898199,127375.11613898199,1246711.7000000072,207096.63000000018,117860.96791503315,6924.9214999999995,16607.398333333334,1299272.7258333403,209750.77200000023,17.01982728829968,78.2345735168838,30.289263495622333,64.96513730956114
2024-07-25,59776.79,8959.81,21432.77,83172.327470612,142949.117470612,1257233.0600000073,208469.9500000002,118078.37903961055,6998.464166666667,16782.95633333333,1297648.1106666736,209706.78650000022,16.87204166908676,77.31939980618077,29.964686752105287,64.22675472316223
2024-07-26,54666.14,9187.56,21894.89,73875.98723499199,128542.12723499199,1267554.9900000072,210940.22000000018,118532.68699663371,7015.589666666667,16823.4025,1296207.3855000068,209659.47833333354,16.89561286057262,77.04787337163258,29.884797756843373,64.05868847536183
2024-07-27,56601.409999999996,5386.73,12799.29,76441.65200772783,133043.06200772783,1261426.8500000073,208289.3900000002,119257.80565883816,6972.907499999999,16723.387333333332,1294736.6256666738,209520.34133333355,17.103024191678745,77.42071626159034,30.047772945981798,64.4759675072873
2024-07-28,52100.86,4500.55,10808.26,76441.65200772783,128542.51200772783,1254908.6800000074,204401.24000000017,119956.61375949808,6918.179499999999,16593.701666666668,1293233.8793333403,209329.3770000002,17.339332371977065,77.93522538320555,30.257870152111582,65.01668760307103
2024-07-29,44248.37,7852.49,18881.06,61640.40648707782,105888.77648707782,1255692.4700000074,207090.37000000017,120093.37888887718,6882.520166666667,16515.072166666665,1291579.909166674,209142.89600000018,17.449041336705687,78.20613171606631,30.38754568608725,65.26762736668475
2024-07-30,36300.6,7947.77,18891.15,57395.55654385094,93696.15654385093,1253981.3400000073,210828.88000000015,120173.81104423167,6887.4405,16518.827999999998,1289797.513500007,209019.68816666686,17.44825396955976,78.08044938176046,30.347948293225453,65.18075505809476
2024-07-31,39999.2,8121.7,19435.170000000002,50384.26012504093,90383.46012504093,1250392.6200000073,211670.94000000015,120130.57615450081,6947.035,16659.531166666668,1288099.3828333402,208998.74783333353,17.292352227173293,77.31906558154783,30.084596929961275,64.52682087875985
2024-08-01,47796.62,8752.02,20892.87,36534.531164843596,84331.1511648436,1258954.9700000074,213485.42000000013,120050.2489166067,7016.764,16824.288833333336,1286663.7543333406,209071.29166666686,17.10906180065436,76.47656118362173,29.79597028867821,63.78965269559788
2024-08-02,47762.45,8551.65,20564.18,32562.183872893605,80324.63387289361,1267512.2600000075,214717.02000000014,119150.78731214657,7039.017999999999,16876.471166666666,1285446.0326666737,209121.45150000023,16.92718889369889,76.16793937381915,29.708895686869994,63.386232580648056
2024-08-03,50449.14,4380.36,10609.82,34295.01939091361,84744.15939091361,1260576.0900000075,211228.69000000012,118473.55953618365,6992.790333333334,16767.472833333333,1284216.9903333406,209069.4475000002,16.942243923922923,76.58977611583471,29.897857297880783,63.63416274187686
2024-08-04,46459.26,3989.88,9716.93,35050.4456882536,81509.7056882536,1252558.1900000074,206721.6200000001,117572.77279546602,6928.414666666667,16616.728166666664,1282923.3231666738,208933.9470000002,16.969650122288584,77.20673470125315,30.156097325583506,64.02028749795824
2024-08-05,39396.89,7062.37,17164.27,97632.83240507361,137029.7224050736,1251770.6000000073,209162.75000000012,117436.28935967488,6898.279666666667,16548.174333333332,1281468.569666674,208814.76116666684,17.023996566439806,77.4386674840248,30.27055603090222,64.1921080195624
2024-08-06,32819.17,6577.72,15929.34,95843.38388058028,128662.55388058028,1247132.5700000073,211681.2100000001,117348.71096464868,6862.104,16465.346,1279795.6018333405,208724.3825000002,17.100981122502468,77.72661454143389,30.4169657731798,64.41062989075657
2024-08-07,42599.61,7191.93,17399.23,94169.89746299028,136769.5074629903,1244146.1800000072,210725.6200000001,117337.92098965665,6901.162333333333,16561.878500000003,1278239.7461666737,208684.73416666687,17.002631632486352,77.1796355206128,30.239070476388864,63.9431966767103
2024-08-08,60105.88,8792.99,21054.8,94644.77644453029,154750.6564445303,1253917.9300000072,212850.2900000001,117704.93649769029,6969.5925,16726.090666666667,1276971.1355000073,208754.01333333354,16.888352726173057,76.34606083087161,29.952111738718376,63.28230181832629
2024-08-09,56471.659999999996,8178.62,19811.72,87966.6467736503,144438.30677365029,1262830.360000007,213870.5800000001,118203.38070459725,6963.747666666666,16719.312833333333,1275851.4446666737,208773.33733333353,16.974104514211614,76.31004081238349,29.980026176518106,63.304119150077
2024-08-10,58436.72,5165.88,12334.59,96695.8060123903,155132.5260123903,1255696.830000007,209995.2100000001,118994.21181711457,6933.765333333333,16648.2545,1274725.0108333407,208692.22166666685,17.16155740735307,76.56808771354022,30.097964328761083,63.631680792132215
2024-08-11,53819.64,4617.08,11135.55,96695.8060123903,150515.4460123903,1248032.1800000072,205274.87000000008,119626.76644541952,6907.009333333333,16580.81783333333,1273627.7773333406,208559.84683333352,17.319618473381656,76.81332670894535,30.195390909176925,63.937554273150084
2024-08-12,45598.18,8221.46,19705.93,77769.39751902029,123367.5775190203,1249148.7100000072,208936.5000000001,119420.80286817682,6919.8055,16607.298833333334,1272459.6850000073,208485.04900000017,17.257826519571513,76.62050871548058,30.128744081029467,63.749591154022625
2024-08-13,36724.09,8874.09,20903.52,73037.0673998703,109761.1573998703,1246453.4000000071,212484.61000000007,119278.19140798978,6927.543999999999,16620.056,1271130.601166674,208454.47400000022,17.217962297747917,76.48172792959747,30.090674848113597,63.60901537923179
2024-08-14,39291.58,8014.8,19218.5,71598.2231208303,110889.8031208303,1247006.100000007,212445.20000000007,119098.49027020541,6981.208833333333,16749.786833333335,1269977.9628333405,208486.08116666685,17.059866437678128,75.82054479081422,29.863894082526755,63.016517145965594
2024-08-15,46891.549999999996,9753.6,23226.35,63480.24552807029,110371.79552807029,1259239.4700000072,214414.06000000008,118989.86100587506,7064.0635,16946.384000000002,1269157.692166674,208631.79900000017,16.844392891694003,74.89253708441127,29.53424739174558,62.20268258435969
2024-08-16,45618.31,8917.44,21397.59,62843.478084560295,108461.78808456029,1269629.6500000074,215511.74000000008,119334.61880306403,7085.0441666666675,16997.013833333334,1268531.7625000072,208754.20983333353,16.84317218014012,74.63262517397338,29.464066126146264,62.01173122796723
2024-08-17,47998.01,5063.12,12130.99,63475.8045386603,111473.8145386603,1264327.4000000074,211950.59000000008,119921.71133538267,7052.494833333333,16916.364333333335,1267924.834500007,208784.03216666685,17.004154440295018,74.95256129011057,29.604280059853078,62.35243567055251
2024-08-18,43571.88,4426.13,10713.59,63475.8045386603,107047.6845386603,1257891.2700000075,208212.0100000001,120424.26816414096,6990.980500000001,16771.47866666667,1267261.6911666738,208736.79050000018,17.22566214626703,75.56052250093832,29.85801355045979,62.92817109674556
2024-08-19,36557.53,7014.349999999999,17043.35,49916.1235968203,86473.6535968203,1256173.0100000075,210553.3200000001,120494.50663348992,6965.336666666667,16714.628333333334,1266425.7458333406,208709.70650000017,17.29916476401331,75.76750859052946,29.964051486384268,63.10262186815851
2024-08-20,30557.8,5999.73,14721.85,46466.421853040294,77024.22185304029,1249617.3600000076,212112.1500000001,120431.74516929673,6920.440333333334,16614.213499999998,1265352.5568333408,208687.9398333335,17.402324038431377,76.16084606312185,30.155297897470035,63.40787220408319
2024-08-21,41770.45,7940.389999999999,19007.71,35594.17586268028,77364.62586268027,1247726.0300000075,212336.0100000001,120036.25348715819,6970.407166666667,16734.554666666667,1264396.1945000072,208729.4533333335,17.22083812566734,75.55601088199502,29.94508761719159,62.831761390470774
2024-08-22,59328.159999999996,8799.09,21213.86,37371.2063910725,96699.36639107249,1257332.6100000076,214883.31000000008,120037.10348049288,7042.962666666667,16909.315166666664,1263721.215166674,208879.99400000015,17.0435524312249,74.73520971788662,29.657972629700172,62.120789519411346
2024-08-23,55848.729999999996,9163.86,21977.45,37158.1884762925,93006.91847629249,1268107.9900000074,217405.1700000001,119154.40658655921,7075.03,16984.321333333333,1263255.2823333407,209030.10250000015,16.84154082548897,74.37773094024564,29.544765534563126,61.67450623117149
2024-08-24,58681.62,5455.55,12998.25,37621.2724827925,96302.8924827925,1260887.8500000075,213900.9100000001,118592.75435213587,7039.5143333333335,16900.954333333335,1262739.1515000074,209071.15266666684,16.84672389834884,74.71407392714731,29.699655795383254,61.8611420301129
2024-08-25,53345.63,5335.99,12760.64,38378.9374026925,91724.5674026925,1257050.4000000074,210049.34000000008,117810.85928081207,7016.492666666667,16842.747166666668,1262285.6388333407,209072.05566666683,16.790562589838864,74.94535341191364,29.7972314087789,61.938684592973615
2024-08-26,44683.61,8662.02,20790.11,116600.2224734425,161283.83247344248,1262658.7600000075,213324.63000000006,117933.2991215966,7026.900333333334,16867.6325,1261813.3680000075,209126.04850000015,16.783118235242263,74.80678559958,29.760781935097906,61.82912189972434
2024-08-27,35580.2,9103.41,21498.62,109280.0250789025,144860.2250789025,1266040.3100000075,217927.49000000008,117863.3508641263,7038.8121666666675,16891.24133333333,1261263.1601666738,209246.68116666682,16.744778532702657,74.6696548392619,29.727555759704078,61.686877612260474
2024-08-28,37470.88,8210.89,19710.41,99143.51331308248,136614.3933130825,1265612.6300000073,218285.89000000007,117589.93116839397,7089.604333333333,17014.758,1260832.1463333408,209453.7653333335,16.586247361579698,74.10226735715787,29.54378770456069,61.14472701417688
2024-08-29,47058.659999999996,9763.3,23389.21,95305.27940686248,142363.93940686248,1277567.1900000074,220101.42000000007,117482.49157422468,7182.171666666667,17235.016333333333,1260733.0303333404,209748.49650000015,16.35751650430123,73.14951178172215,29.204049448367886,60.3029788376555
2024-08-30,46056.0,9123.47,21935.7,95305.27940686248,141361.27940686248,1288072.3700000073,221103.19000000006,117692.30802722652,7212.902166666667,17310.051333333333,1260826.5416666742,210014.3636666668,16.31691451065615,72.8378279987389,29.116485821368315,60.038256688026735
2024-08-31,47598.14,4786.37,11566.35,95628.99566518249,143227.1356651825,1281278.9200000074,217137.54000000007,118242.62310952303,7177.0493333333325,17226.457833333334,1260926.0513333408,210174.64900000015,16.475102457545187,73.19705905490558,29.284269793696115,60.38789171875466
2024-09-01,43019.66,4578.48,11030.75,95628.99566518249,138648.6556651825,1275339.7100000074,213164.37000000008,118666.78423465966,7131.356499999999,17117.805666666667,1260993.7175000075,210266.98750000013,16.640141918954644,73.6656170805542,29.484851514575126,60.82090748493371
2024-09-02,34660.64,8359.02,19967.66,82167.09399617382,116827.73399617382,1275900.6400000073,217143.0300000001,118622.5782689733,7139.528666666666,17134.125,1260964.6283333406,210413.72583333348,16.61490328105319,73.59375680598458,29.471655014948254,60.73700507208952
2024-09-03,28323.059999999998,6337.58,15475.2,74058.4842996607,102381.5442996607,1270921.4700000072,219490.73000000007,118496.91350865387,7103.539166666667,17052.115333333335,1260724.9628333407,210588.85033333348,16.681390885363204,73.9336403835415,29.64562387739353,60.96940739151117
2024-09-04,39568.07,8094.28,19375.94,76016.18649907071,115584.2564990707,1269550.6700000071,220522.64000000007,118585.5357849913,7161.423166666666,17189.914833333332,1260604.3185000073,210851.99383333346,16.558934310285668,73.3339478829495,29.442750264327138,60.45013192890803
2024-09-05,56624.14,9096.039999999999,21963.5,76749.1637826007,133373.3037826007,1279726.9300000072,223040.96000000008,119020.36709324423,7245.369500000001,17392.292833333333,1260800.7003333408,211235.25933333347,16.42709417280157,72.49191997946029,29.154518528466138,59.764495623795725
2024-09-06,53043.8,9130.59,21938.33,76749.1637826007,129792.96378260071,1290937.0300000072,224979.62000000008,119719.26747460231,7261.754,17433.442166666668,1261181.3233333407,211595.85100000014,16.486274180398055,72.34264531790298,29.138394250204584,59.69052524809645
2024-09-07,57159.13,5126.1,12379.11,87575.9211986007,144735.0511986007,1285839.0600000073,221312.7300000001,120746.62929640972,7236.050333333334,17371.503,1261577.3746666738,211862.30883333346,16.686814454590312,72.62338639705924,29.278722379441728,60.03147847220781
2024-09-08,51810.26,5348.87,12781.79,87575.9211986007,139386.1811986007,1280620.5800000073,218482.9800000001,121527.81945155049,7205.892666666667,17295.8825,1261982.0133333406,212104.45383333348,16.865061009542814,72.96430311279813,29.43486166738169,60.39450245495926
2024-09-09,42850.94,8959.32,21484.05,65945.87296669072,108796.81296669072,1285851.5600000073,222276.4200000001,121675.56393765463,7204.527166666667,17294.243833333334,1262332.8745000074,212375.21566666677,16.888764678494578,72.99150437944891,29.478022742320626,60.40224631562287
2024-09-10,34619.67,8231.27,19697.3,63645.71011289071,98265.3801128907,1286251.8700000073,225890.6100000001,121728.54229947008,7186.091333333333,17252.369,1262524.0311666739,212654.29766666683,16.939464954309898,73.17974888936551,29.592484676649,60.52672916702641
2024-09-11,38345.84,8182.2,19658.92,53342.70933808071,91688.54933808072,1285828.7000000072,225851.35000000012,121610.46884473805,7246.464166666667,17396.674833333334,1262866.5395000072,212980.95633333348,16.7820423930528,72.59240927353888,29.391017665282064,59.98343400130962
2024-09-12,50057.45,9492.99,22787.06,46331.964496920715,96389.41449692071,1296316.3500000073,226470.25000000012,121659.50947598668,7315.914333333333,17565.667,1263475.3008333405,213369.32666666678,16.629433305646053,71.92868342735521,29.165093649948442,59.393023083052825
2024-09-13,47738.49,9923.61,23764.65,40809.417768370724,88547.90776837073,1309907.2900000073,228379.0600000001,120361.03641497696,7347.071,17638.968833333332,1264298.2128333405,213735.18883333346,16.382179567201263,71.67642421614389,29.09121047466854,58.967393308676606
2024-09-14,47593.96,5652.61,13442.380000000001,41001.17684357073,88595.13684357073,1305916.070000007,224278.0700000001,119244.45972485877,7311.5355,17554.202999999998,1265135.9390000072,213982.66083333347,16.30908578982606,72.07025798892764,29.266446266086444,59.112897512667246
2024-09-15,42404.69,5189.27,12425.98,41839.04719397073,84243.73719397074,1301760.090000007,220549.90000000008,118021.78304775356,7267.6939999999995,17448.255166666666,1265927.739166674,214165.31066666677,16.23923393689299,72.55325687723297,29.46812436883925,59.32436644528671
2024-09-16,33893.5,8511.19,20418.95,101556.88326618075,135450.38326618075,1304629.1600000071,223997.9700000001,117734.39506445735,7265.809333333334,17443.201,1266608.3680000072,214378.62516666678,16.203892734196533,72.61329890081569,29.505126728713144,59.31206490629908
2024-09-17,26782.92,7110.58,17260.63,96969.76960195076,123752.68960195075,1302901.290000007,226682.42000000007,117307.97430602064,7248.2405,17401.1745,1267111.929666674,214635.8851666668,16.18433802051969,72.81760950484544,29.612136237293285,59.38981128807184
2024-09-18,37433.08,8605.32,20539.65,90498.57810624076,127931.65810624076,1303045.160000007,228273.39000000007,116886.86419424944,7313.7785,17556.819666666666,1267728.856166674,214984.3270000001,15.981734228654783,72.20720382368458,29.39442683422804,58.794511218111325
2024-09-19,51037.72,10213.07,24407.89,86442.68609938075,137480.40609938075,1316345.0800000068,232486.73000000007,116698.91488236391,7409.981333333333,17785.857166666665,1268685.7595000074,215473.86800000013,15.748881087918699,71.33115641329408,29.078867854997764,58.00116964621502
2024-09-20,48855.4,9303.68,22521.54,86442.68609938075,135298.08609938074,1329045.8000000068,233850.02000000008,116870.67085449035,7436.4338333333335,17853.192166666668,1269862.8055000072,215939.89466666678,15.715956528870752,71.12805338369361,29.038098032786923,57.80591187977744
2024-09-21,52757.7,5728.53,13695.1,87497.74558397075,140255.44558397075,1323271.5300000068,230779.46000000008,117262.24445273349,7427.712833333333,17830.527833333337,1271045.9556666738,216324.64483333344,15.787126816009355,71.2848193585449,29.123991420687904,57.947954753866355
2024-09-22,47657.54,5100.16,12244.86,87497.74558397075,135155.28558397075,1319420.930000007,226715.76000000007,117391.91394348329,7402.0154999999995,17765.451833333333,1272257.776166674,216651.63033333342,15.859452596861395,71.61415246301452,29.26927542009787,58.20432963977805
2024-09-23,39564.69,8092.85,19553.05,80192.09249003076,119756.78249003076,1321654.960000007,229353.06000000008,117005.37502714028,7387.5661666666665,17734.123166666668,1273331.4745000075,216999.68216666675,15.83814918031849,71.80120846873224,29.373636360211293,58.265721288839444
2024-09-24,31863.44,7701.25,18439.81,77364.58086733075,109228.02086733075,1318512.400000007,231718.3200000001,116683.47325434592,7362.794333333333,17676.538500000002,1274180.764666674,217345.98383333342,15.847715958340535,72.08316066330939,29.519496809703103,58.411379811946816
2024-09-25,33929.39,8498.08,20237.010000000002,77743.83620625941,111673.22620625941,1316539.6200000069,231554.3800000001,116327.30932432144,7414.650166666667,17800.500500000002,1275099.3108333407,217733.73366666675,15.688846635986009,71.63277857458786,29.365341421704755,57.956283788869115
2024-09-26,47500.4,10756.66,25553.83,68092.41926091941,115592.81926091941,1331092.8800000069,233207.6300000001,116111.48111187463,7518.9186666666665,18046.260000000002,1276369.0475000073,218213.84016666675,15.442577085801872,70.72762154041929,29.02197108928253,57.148227536938634
2024-09-27,44511.82,10905.25,25942.44,61449.33942151941,105961.1594215194,1344387.7900000068,235901.9900000001,116112.68749411534,7569.798,18163.949666666667,1277847.3028333406,218694.0338333334,15.338941342175225,70.35074013546543,28.890339455997825,56.79934202164282
2024-09-28,44500.42,5527.08,13253.53,69756.57407479941,114256.99407479941,1338274.7800000068,231665.7700000001,116455.36811963114,7529.453166666667,18069.989333333335,1279252.1935000073,219041.31533333342,15.466643531987943,70.79429710233404,29.091264728631586,57.1696759056904
2024-09-29,39106.97,5393.45,12921.79,69756.57407479941,108863.54407479941,1332668.2400000067,227935.75000000012,116763.36951879378,7483.982333333333,17961.433000000005,1280623.4538333407,219312.3955000001,15.60176979557191,71.29851242010258,29.304237467690456,57.59604474798404
2024-09-30,32073.11,7033.86,17314.170000000002,112843.44078835941,144916.55078835943,1331199.5600000066,230183.2400000001,117773.12617918573,7455.346333333333,17901.788,1281827.5303333404,219590.6925000001,15.79713683489317,71.60332422288435,29.454123615719364,57.94633744205815
2024-10-01,24752.7,7320.41,17605.12,108890.0704844694,133642.7704844694,1328082.4800000067,232925.1700000001,118661.76178937865,7434.8256666666675,17852.470333333335,1282837.034000007,219894.16166666674,15.960261492261662,71.85767627938588,29.576236421055743,58.24170135059181
2024-10-02,36806.09,8258.66,19851.27,105193.09005930941,141999.1800593094,1328151.5300000068,232824.8100000001,119616.01213385191,7499.463999999999,18006.494499999997,1283963.2913333406,220254.0970000001,15.949941506999957,71.3055665184215,29.36931186015429,57.88619616526717
2024-10-03,54693.19,9848.16,23687.05,101628.00030966941,156321.19030966942,1340637.6400000069,236335.39000000013,120862.87021087551,7597.102,18239.329833333333,1285431.2821666738,220747.65983333343,15.909075620002932,70.475795652178,29.056824540901705,57.32804673127923
2024-10-04,51475.94,10217.31,24410.33,99181.59645462941,150657.53645462941,1354382.330000007,238458.42000000013,121090.00044503476,7649.684333333334,18360.0975,1287141.4776666737,221235.92100000012,15.829411406871747,70.10537267934845,28.92092161711424,57.01386246910595
2024-10-05,56590.34,5587.46,13447.42,100394.04111710942,156984.3811171094,1349348.310000007,234949.8400000001,121562.03089897693,7633.179999999999,18318.732166666665,1288845.0733333405,221623.7315000001,15.925476786735926,70.35667433789786,29.034259836660492,57.24789128797329
2024-10-06,51182.18,5408.16,12960.68,101139.00032030941,152321.18032030942,1347254.030000007,231227.41000000012,121821.22544659891,7603.450500000001,18244.75633333333,1290563.5375000068,221965.4280000001,16.021834487723552,70.73613447728737,29.192723487842798,57.56524547716812
2024-10-07,40884.19,10297.99,24423.23,86565.27080659941,127449.46080659941,1355527.840000007,236399.3000000001,121366.20551930006,7628.533833333334,18300.89683333333,1292257.036000007,222357.91150000007,15.909506095258198,70.61167809253395,29.148184481845504,57.37299970594664
2024-10-08,32503.69,8380.5,19984.65,82167.9743423094,114671.6643423094,1354079.720000007,239430.9300000001,120870.09481211104,7631.8985,18303.779,1293777.8586666738,222783.91733333343,15.837487200872895,70.68364727670028,29.191153070672183,57.329981406901
2024-10-09,34247.14,8779.09,20967.61,75762.73233699941,110009.87233699941,1353152.4400000072,239250.7000000001,120118.05058418786,7692.118666666666,18447.662666666667,1295402.1188333405,223271.5088333334,15.615730306490487,70.22039280748668,29.026009414138016,56.81011369983915
2024-10-10,42470.5,10464.93,25075.36,75762.73233699941,118233.23233699941,1365428.5100000072,241484.3600000001,119580.01368959802,7789.582833333333,18679.992833333334,1297358.7243333405,223875.00033333342,15.351273135948812,69.45177848346286,28.740306781940003,56.06274483747167
2024-10-11,39551.68,9770.14,23550.81,72483.08979651942,112034.76979651942,1378171.0600000073,243072.3000000001,119391.13356088966,7815.394166666666,18744.07416666667,1299509.0968333404,224443.93033333344,15.276405900306756,69.32906289627839,28.718184335552298,55.88728446103285
2024-10-12,39923.53,5183.95,12549.44,74829.39974521675,114752.92974521675,1371839.4400000072,238763.26000000013,119474.32976664543,7753.891833333333,18604.839500000002,1301598.8641666737,224881.90783333342,15.408304930568578,69.96023073279797,29.00245614293778,56.36607952042876
2024-10-13,35420.72,4502.81,10964.11,74829.39974521675,110250.11974521675,1363912.4000000074,233342.46000000014,119463.66837705189,7695.358666666667,18467.266333333337,1303547.3025000072,225230.1955000001,15.524119609203211,70.5869119430584,29.268316820060726,56.84271473220088
2024-10-14,27834.39,7586.33,18452.07,60469.608822216745,88303.99882221674,1362929.3000000075,235276.18000000014,119095.87176528765,7659.2375,18387.695,1305275.4663333406,225577.89750000008,15.549311764426635,70.98635616554118,29.45174340135034,57.08392452861747
2024-10-15,21633.67,6200.72,15106.5,49790.587128146246,71424.25712814624,1357142.9300000074,236287.63000000015,118478.57958268074,7613.958833333333,18282.8435,1306734.0210000074,225924.16233333343,15.560706614802083,71.47323779257901,29.672364571273306,57.36157983610779
2024-10-16,35103.92,6982.07,17051.73,52987.54127740625,88091.46127740626,1353630.4800000074,234758.51000000015,118088.87369499318,7645.941333333333,18364.85583333333,1308222.405666674,226304.29433333344,15.444648153415928,71.23510347912291,29.59796373884464,57.0817878936942
2024-10-17,55433.83,10826.8,25769.87,46718.42797943625,102152.25797943625,1368790.5300000075,238474.73000000016,118007.28325233945,7752.619166666666,18615.793833333337,1310070.7266666738,226808.6730000001,15.22160197933186,70.37415317314422,29.255748041280256,56.34000711119583
2024-10-18,53764.32,10397.869999999999,24997.84,40653.07622201625,94417.39622201625,1384071.4400000076,240267.28000000014,118139.6789627594,7809.011166666666,18748.36866666667,1312202.367166674,227303.90566666675,15.128634911811528,69.99021570872355,29.107898659042778,56.01095196149231
2024-10-19,57575.659999999996,6137.42,14619.97,42639.75627031625,100215.41627031624,1381527.1400000076,236191.63000000015,118526.19886971398,7811.306,18746.670666666665,1314400.863500007,227705.23033333343,15.173672478035552,70.1138291097808,29.15072464621581,56.136776941600544
2024-10-20,52078.08,5497.58,13164.539999999999,42639.75627031625,94717.83627031624,1378762.3400000075,232385.53000000014,118815.41904317458,7770.5925,18649.284499999998,1316584.8020000074,228039.38900000008,15.290393756097053,70.59706778563046,29.34646090372132,56.54100063800618
2024-10-21,41218.79,10859.29,25679.22,39654.60034102623,80873.39034102623,1387042.3300000075,237516.29000000015,118551.65277567382,7804.929166666667,18723.70716666667,1318746.6306666736,228416.60533333343,15.189331029676074,70.43191922027087,29.265685883333354,56.355564366613585
2024-10-22,31767.82,9450.97,22491.0,39526.22121127623,71294.04121127623,1388478.5300000075,241867.10000000015,118189.77148792354,7809.714333333333,18732.266333333337,1320752.8063333405,228824.30416666676,15.133686898567763,70.50683472202786,29.29995828272508,56.34056333787054
2024-10-23,33045.85,9210.73,21990.420000000002,37584.64124427623,70630.49124427623,1390657.2300000074,242984.98000000016,117761.89813394827,7872.300666666667,18882.135833333337,1322915.6293333406,229309.03866666678,14.959019366801149,70.06175789700382,29.128592564765704,55.892184699039255
2024-10-24,42749.72,9634.25,23404.2,40984.78875207623,83734.50875207623,1401726.8400000073,244917.98000000016,117628.73048977133,7943.938333333334,19059.5285,1325326.9033333403,229890.18266666678,14.807356949913968,69.53618518597352,28.939069391064013,55.40447274482348
2024-10-25,39060.57,9827.81,23629.69,40550.04557431623,79610.61557431624,1414220.9800000072,246247.71000000017,116267.51020811922,7963.368166666667,19106.854833333335,1327852.9403333403,230438.90066666677,14.60029321447119,69.49615475262846,28.937366180210734,55.15908178688892
2024-10-26,41579.35,5133.49,12362.22,40550.04557431623,82129.39557431624,1406877.2700000072,240624.54000000015,115221.99638304279,7897.202833333333,18954.581499999997,1330200.2230000072,230817.18483333345,14.590228820855637,70.17829557460857,29.22771387599117,55.54081051947304
2024-10-27,36851.6,4727.75,11447.45,40550.04557431623,77401.64557431624,1397421.2000000072,234447.04000000015,114235.11725406336,7839.150500000001,18816.865500000004,1332397.032500007,231086.53733333343,14.572384757004391,70.80866005552342,29.478517772216954,55.90252704031085
2024-10-28,28266.809999999998,8584.789999999999,20588.91,39214.223938926225,67481.03393892622,1398791.610000007,237504.75000000017,112987.06882959775,7819.508666666666,18770.193833333335,1334417.4395000073,231376.59283333347,14.44938213461465,71.0923633154103,29.58965872365555,55.9520867263694
2024-10-29,20922.53,7344.28,17724.19,39602.948612469336,60525.478612469335,1393289.450000007,239455.58000000016,111639.80548302452,7789.855500000001,18700.001999999997,1336171.057500007,231682.4660000001,14.331434708002545,71.45299008524209,29.741561444881754,56.042863348362886
2024-10-30,33686.29,8248.35,19920.79,39229.84324905934,72916.13324905935,1391812.650000007,240670.07000000018,110467.9554427558,7847.555166666667,18839.24266666667,1338013.2863333405,232074.67483333347,14.076735122803635,71.02266848023369,29.572863128009036,55.5265404750283
2024-10-31,53012.54,10367.07,24929.41,104039.81871379934,157052.35871379933,1404611.0700000068,243716.73000000019,110774.68382689942,7944.031666666667,19070.887,1340167.809000007,232583.88083333345,13.944391018947275,70.27296680012876,29.27781391019129,54.93954390888474
2024-11-01,52790.86,10092.26,24265.510000000002,101883.46975468933,154674.32975468933,1418162.9900000067,245550.3300000002,111405.46042287468,7972.919,19142.51783333333,1342538.848166674,233057.33583333343,13.972982846417313,70.13386952832707,29.231117967375994,54.875734407368384
2024-11-02,55979.78,6032.08,14473.46,101883.46975468933,157863.24975468934,1415593.1000000066,241734.25000000017,112330.15551379183,7967.827333333334,19125.82216666667,1344950.0420000071,233428.0611666668,14.09796558264505,70.32116215866765,29.296325259223757,55.122802482088936
2024-11-03,50006.6,5973.18,14241.61,102094.97471170934,152101.57471170934,1415112.8600000066,237490.12000000017,112938.77748400248,7932.475666666667,19040.25,1347376.078500007,233710.85250000012,14.237519562598402,70.76462118407096,29.462536327982026,55.53960441868735
2024-11-04,40156.56,9850.04,23623.6,75689.32973161933,115845.88973161933,1419728.7500000068,241752.7000000002,112646.65391648612,7945.042333333333,19067.918333333335,1349709.442166674,234022.71483333348,14.178232058484873,70.78430998979039,29.45518790397049,55.50735414430476
2024-11-05,30924.25,9232.31,21935.68,72439.74608999933,103363.99608999933,1420450.5700000066,245576.85000000018,112206.17112160941,7946.737666666667,19067.874166666665,1351868.0011666738,234366.00200000015,14.119777930038973,70.89767791366748,29.49210252441958,55.52535331928688
2024-11-06,33800.32,8803.41,21101.36,68551.18068948356,102351.50068948357,1419574.4800000067,244082.2700000002,111499.77861312414,8008.026166666666,19213.245000000003,1354096.9248333403,234745.49433333345,13.923503281899968,70.47726320219932,29.313777134053257,55.08698935004604
2024-11-07,41926.13,11566.289999999999,27604.55,73845.67510775356,115771.80510775355,1434180.7800000068,247268.0600000002,111106.2056782767,8111.649833333333,19460.291,1356656.261500007,235225.2456666668,13.697115625197009,69.71407886449421,28.998446740150435,54.41274774954079
2024-11-08,36319.87,10322.16,24755.86,69384.59143924357,105704.46143924358,1446176.000000007,248811.1300000002,111054.66648615258,8134.363833333333,19514.82116666667,1359328.335500007,235667.4908333335,13.652532485831058,69.65620252886971,28.971840412105184,54.33689460259559
2024-11-09,39470.27,5230.02,12622.66,69708.55381252356,109178.82381252357,1438008.5500000068,243576.2200000002,111236.55721447979,8084.343,19396.910499999998,1361857.613500007,235962.25100000013,13.759504911466497,70.2100271844842,29.187560572331,54.781971523619696
2024-11-10,34784.2,4686.07,11435.33,69708.55381252356,104492.75381252356,1427945.2600000068,238492.1500000002,111449.96062238717,8026.074166666667,19259.85066666667,1364226.2228333403,236172.93100000013,13.885986885749622,70.83264800149404,29.42571001659281,55.29292487065084
2024-11-11,26909.51,7874.69,19000.79,61299.15997325356,88208.66997325356,1427235.6400000069,241182.8900000002,111313.61488032604,7999.1025,19196.746166666668,1366408.211000007,236418.14166666678,13.915763034706211,71.17915708926994,29.55558347535449,55.53933664862166
2024-11-12,20779.87,6129.64,14946.33,55572.05775921356,76351.92775921356,1418792.760000007,242809.7200000002,111110.34854684009,7935.869666666667,19049.77416666667,1368222.9688333406,236658.6526666668,14.00102990772909,71.82357947463018,29.82138853170851,56.00322085065076
2024-11-13,34262.57,8225.55,19810.66,51385.971719363566,85648.54171936357,1416667.720000007,243448.9400000002,111061.23862810331,7978.7519999999995,19155.912166666665,1370068.829666674,236978.16716666677,13.919625353451682,71.52198327839173,29.701157169274943,55.740451462568466
2024-11-14,55912.409999999996,9983.9,24057.46,50529.726749163565,106442.13674916356,1429158.8300000068,247232.1200000002,111431.2119540232,8058.6625,19349.770166666665,1372192.142000007,237422.8708333335,13.82750697823903,70.91516489244125,29.461820845994417,55.280851024685866
2024-11-15,55075.67,11111.91,26572.47,49231.790787203565,104307.46078720357,1444700.5500000068,251361.9600000002,110912.16324604023,8102.007833333334,19452.328833333333,1374526.6651666737,237878.93733333348,13.689466306083373,70.66129083790202,29.360492143027855,54.990265000957535
2024-11-16,56965.229999999996,6610.32,15674.85,49878.54158360356,106843.77158360355,1440407.740000007,247145.4800000002,110630.34794573445,8093.670166666667,19425.899166666666,1376818.4393333406,238219.98833333346,13.668749240778235,70.87540337364945,29.432875744607102,55.111276869820585
2024-11-17,50838.82,6126.41,14680.9,49878.54158360356,100717.36158360356,1439613.440000007,242874.02000000022,110176.77633702382,8052.355,19328.253333333334,1379094.5773333402,238463.3321666668,13.682553282489884,71.35122628773527,29.6141106752828,55.41966889494236
2024-11-18,41170.32,9668.5,23205.66,101219.87796175356,142390.19796175355,1443443.160000007,246405.1000000002,110258.6062013967,8043.278833333333,19308.21616666667,1381212.8786666736,238695.30500000014,13.708166593014012,71.53498110566903,29.67636830029911,55.566779398383936
2024-11-19,31786.9,9383.42,22476.08,99509.80311844357,131296.70311844358,1443955.740000007,250290.94000000024,110191.91648504774,8044.607833333333,19307.4585,1383128.0443333404,238969.32033333348,13.69761196169945,71.63698134238332,29.705527638420016,55.62906566566276
2024-11-20,33534.74,10818.3,25734.27,96481.04262172355,130015.78262172354,1447751.680000007,250249.95000000022,110021.25543567697,8129.437333333334,19508.11133333333,1385202.713500007,239293.82850000015,13.533686394820228,71.00650031318634,29.43547243040028,55.10471427760628
2024-11-21,42955.09,9802.52,23775.34,95433.09220303355,138388.18220303353,1459147.910000007,250601.5000000002,110075.13704599468,8207.81,19700.286000000004,1387531.4965000069,239691.9241666668,13.411024018099187,70.432048372293,29.202908469697377,54.6401639206948
2024-11-22,36083.46,12474.34,29625.0,86210.74990677355,122294.20990677355,1475991.1200000069,253865.1100000002,110117.4275029404,8280.834833333334,19868.151833333333,1390103.7658333404,240100.45833333352,13.29786545912958,69.96643560480175,28.994716494868722,54.2695845690626
2024-11-23,39115.69,5543.84,13349.08,97627.59796604356,136743.28796604357,1467856.150000007,249774.7000000002,110576.01528791894,8244.878,19783.30633333333,1392592.8283333404,240401.39800000016,13.411479865186475,70.39231991201238,29.15766588662684,54.64613389057202
2024-11-24,34029.06,5086.63,12332.33,97627.59796604356,131656.65796604357,1460491.180000007,245033.5200000002,110909.07248391534,8188.0205,19651.561666666665,1394992.021000007,240626.0503333335,13.54528514967877,70.98631878026355,29.387573020039888,55.14403090990243
2024-11-25,25747.45,8281.61,20078.23,88136.37600352356,113883.82600352356,1460910.490000007,248181.6400000002,110880.58926295875,8146.769666666665,19560.301666666663,1397155.64783334,240875.6171666668,13.610374884739645,71.4281237397416,29.567009627415125,55.47148899706611
2024-11-26,18875.67,6871.78,16689.24,80554.37724132356,99430.04724132355,1454812.670000007,250325.6700000002,110771.73739328881,8079.545166666666,19406.081666666665,1398996.062500007,241116.0118333335,13.710145201031077,72.09059956204487,29.84277046040816,55.95797430266779
2024-11-27,33049.79,8416.9,20376.95,81462.72427231356,114512.51427231357,1451424.970000007,250157.78000000017,110775.99606324738,8127.708833333334,19524.80533333333,1400881.899000007,241424.21200000017,13.629424765923357,71.74882796953574,29.70384605928204,55.67440667617706
2024-11-28,54633.81,10586.539999999999,25490.8,74868.25512620356,129502.06512620355,1463473.390000007,253400.04000000018,111119.97141410412,8214.260333333334,19734.288833333332,1403061.9848333404,241848.61683333348,13.527690492494022,71.09767150379486,29.442531283299576,55.1828307129893
2024-11-29,52416.22,11414.39,27184.14,64304.52279397356,116720.74279397356,1478231.550000007,256566.08000000016,110650.04128086435,8287.269166666667,19898.788333333334,1405512.518000007,242288.3308333335,13.351809752472462,70.63307043904634,29.236208690780042,54.74867150073875
2024-11-30,55074.729999999996,6737.39,15889.42,65600.62019880356,120675.35019880356,1473702.020000007,252936.40000000014,110433.9176094366,8277.552166666666,19870.193333333336,1407939.5103333404,242621.8513333335,13.341373800596397,70.85686015804612,29.310821176139594,54.88741278250292
2024-12-01,48154.4,6920.33,16393.53,65600.62019880356,113755.02019880357,1472834.9200000071,249764.47000000012,109963.18161176148,8255.246666666666,19812.564333333336,1410350.9001666738,242904.17900000015,13.320399262662228,71.18467233410323,29.424218173977458,55.08085342278799
2024-12-02,37301.14,10853.26,25913.8,55143.73259720467,92444.87259720467,1478209.0700000073,254585.65000000014,108898.57631655374,8271.998333333333,19849.676833333335,1412643.7573333406,243208.35000000018,13.164724160754433,71.16709099067569,29.401402200475967,54.93041295095415
2024-12-03,27430.72,9870.42,23446.54,50945.53106664467,78376.25106664468,1477247.7200000074,258482.89000000013,107693.888226754,8266.216833333332,19833.613666666668,1414691.5138333403,243542.09116666683,13.02819541249884,71.32797570878066,29.46234003741456,54.89383108386494
2024-12-04,31153.989999999998,10090.97,24135.5,46679.13204510467,77833.12204510467,1478861.6800000074,258723.8200000001,106374.70057555391,8341.275333333333,20011.748333333337,1416850.070000007,243938.3241666668,12.752810130899318,70.80091386318188,29.244727504898748,54.30899648918245
2024-12-05,41508.35,11365.6,27447.8,44249.998342324674,85758.34834232467,1492614.3800000073,260857.1100000001,105265.32004258751,8440.565999999999,20253.200333333334,1419272.7425000072,244432.15250000017,12.47135796848073,70.0764678737772,28.95921345796007,53.58861238429786
2024-12-06,36113.65,11047.539999999999,26491.46,49292.36213021467,85406.01213021467,1506860.9800000072,263101.2400000001,104564.59589798111,8453.058500000001,20287.670833333334,1421794.961500007,244877.1848333335,12.370031024626305,70.08172466816394,28.969063071470934,53.48269262131931
2024-12-07,38396.409999999996,5644.14,13530.64,49603.78269743467,88000.19269743466,1500838.570000007,257179.0900000001,104120.07137056653,8407.4525,20180.104,1424240.9423333404,245172.98750000016,12.384259247443447,70.57649169366721,29.161388363478732,53.799362577631925
2024-12-08,33344.7,5051.71,12174.03,49603.78269743467,82948.48269743467,1494572.790000007,251908.6400000001,103669.04820990711,8345.3295,20033.544333333335,1426597.9481666735,245383.95316666685,12.422403238830427,71.21046203456825,29.40374651074794,54.22911876265074
2024-12-09,25921.6,7423.1,18028.76,122045.38228771467,147966.98228771467,1492364.540000007,254101.72000000012,104164.61070908568,8294.632333333333,19916.101000000002,1428713.5486666737,245594.24250000017,12.558074489990737,71.73660892092651,29.608815994536567,54.68586741638069
2024-12-10,20288.66,5632.94,13809.82,112427.74993534468,132716.40993534468,1480620.530000007,255048.5900000001,104509.30471139945,8225.679,19753.751166666665,1430421.0398333406,245793.84733333348,12.705249586252934,72.41262825296164,29.881283640333336,55.236594198881235
2024-12-11,33801.29,8852.43,21276.38,111812.70186254468,145613.99186254467,1475954.470000007,256026.33000000013,105023.65574668827,8286.820333333333,19899.200166666666,1432156.2903333404,246081.56516666684,12.673577020155209,71.97054546606142,29.695535231627463,54.94858725458917
2024-12-12,56504.65,11344.76,27166.329999999998,109244.34778815912,165748.99778815912,1489867.270000007,261241.45000000013,105948.63704740394,8400.852833333332,20169.237166666666,1434255.5381666736,246546.54833333349,12.611652548776421,71.1110453169266,29.347799946580842,54.37489791912218
2024-12-13,55338.409999999996,11993.34,28763.03,106767.57423072912,162105.9842307291,1505708.510000007,265009.24000000017,107178.67013754582,8474.303,20341.086499999998,1436635.1916666736,247042.0993333335,12.6474909072222,70.62725934854433,29.15190775375078,54.12284250201576
2024-12-14,58747.12,6550.84,15593.42,107469.62851820562,166216.74851820563,1503987.760000007,261576.1800000002,108758.54499404682,8480.138333333332,20349.201833333336,1439082.6055000068,247463.57516666682,12.825090902885842,70.7193637021524,29.181549337933383,54.36290526710487
2024-12-15,52018.5,6728.62,15945.17,108494.36099384562,160512.86099384562,1502327.8100000068,257192.89000000022,109965.56832265413,8475.914166666666,20330.759166666667,1441560.8943333402,247837.48150000017,12.973888852616879,70.90541393539569,29.240206616847743,54.63909617116482
2024-12-16,39648.97,12369.53,29137.78,83238.03249134563,122887.00249134563,1511614.3200000068,262952.1000000002,110311.14739785263,8501.626333333334,20386.891,1443941.2908333403,248245.4376666668,12.975299439513432,70.8269490837686,29.1997587206746,54.60248980260744
2024-12-17,30100.46,9548.51,22686.13,83238.03249134563,113338.49249134562,1510613.4000000067,266374.20000000024,110626.49900234144,8487.470333333335,20348.3625,1446050.323500007,248680.5530000002,13.03409551464016,71.06470230712702,29.299725740818513,54.79907208094866
2024-12-18,32576.69,10662.49,25415.06,81272.50205780561,113849.19205780562,1511618.1300000066,267368.19000000024,110853.72859879961,8562.888166666666,20528.280666666666,1448218.5066666738,249200.1623333335,12.945833980446858,70.54748179755047,29.10234928717297,54.39096649082437
2024-12-19,41250.56,9757.26,23749.58,83785.61539253562,125036.17539253562,1521920.2900000068,267742.03000000026,111359.0342508366,8633.882833333333,20704.698,1450604.472500007,249789.4373333335,12.897908901532263,70.06160980952279,28.931298021436763,54.028220689618294
2024-12-20,34764.97,10981.97,26295.86,82520.90074637561,117285.87074637561,1535255.470000007,267905.70000000024,111965.90892425907,8635.9275,20714.975333333332,1453074.6915000072,250295.92750000017,12.965128403898605,70.14609808208674,28.98309735694286,54.12812912904248
2024-12-21,36827.45,5623.44,13592.04,82895.57663867561,119723.02663867561,1524424.280000007,263726.6200000002,112773.0586813824,8572.135333333334,20566.65933333333,1455340.454000007,250660.2528333335,13.15577207966569,70.76212186007622,29.241285057484333,54.67660888225758
2024-12-22,31861.43,4966.0199999999995,12041.34,82895.57663867561,114757.00663867561,1516480.9700000072,256218.30000000025,113508.50060462239,8501.390166666666,20400.841333333334,1457437.5163333404,250880.80816666686,13.351757580740262,71.44006918734301,29.510562772468944,55.281263995614324
2024-12-23,23769.9,8091.53,19569.95,54886.38648228562,78656.28648228562,1515083.310000007,258765.99000000025,113423.86356679256,8475.678166666667,20336.937166666667,1459326.7908333403,251111.6083333335,13.38227588830218,71.75745191489578,29.627317530874492,55.512410272323464
2024-12-24,17241.96,6527.94,15984.0,51171.83809781451,68413.7980978145,1505991.950000007,260207.30000000022,113237.2499421842,8420.680333333332,20209.509000000002,1460856.307000007,251344.26816666685,13.447517951006121,72.28559125310798,29.848451457267473,55.88465774684663
2024-12-25,32671.12,7852.24,19008.51,51171.83809781451,83842.95809781451,1501449.650000007,259777.93000000023,113265.80931757583,8465.992833333334,20320.2805,1462432.5133333402,251663.4913333335,13.378916276849651,71.96911053138957,29.72640023299494,55.621626575244285
2024-12-26,55873.979999999996,10316.49,24886.18,45718.66136932451,101592.6413693245,1513786.3900000069,263222.6400000002,113668.99258082596,8559.1385,20544.25933333333,1464371.9331666739,252143.08466666687,13.280424493753193,71.27888669078038,29.458932656209136,55.100378528324434
2024-12-27,55117.67,11035.289999999999,26366.64,39978.86759115451,95096.53759115451,1529188.9200000067,265841.03000000014,114129.25097502978,8599.980166666666,20640.554833333335,1466545.2216666737,252615.35600000017,13.270873741940969,71.05163758961972,29.373946346891792,54.9485649846689
2024-12-28,58812.52,6457.04,15437.61,43205.34570730984,102017.86570730983,1526174.4600000067,261711.53000000012,114820.79075994379,8585.192833333333,20602.445166666665,1468759.9718333404,252986.28850000017,13.37428209115285,71.29056575331614,29.467746783478404,55.19710106099059
2024-12-29,52623.24,6189.28,14810.83,43477.30948180984,96100.54948180984,1525878.7900000068,256486.4200000001,115207.1976971563,8550.875,20517.279166666667,1470994.407500007,253249.8943333335,13.473147215595631,71.6953936996604,29.616839719132077,55.55170119612396
2024-12-30,41609.77,11013.47,26227.21,98634.36285757984,140244.13285757983,1535054.2700000068,260762.50000000006,114927.06059955264,8561.648333333333,20538.909166666668,1473168.4608333404,253533.9905000002,13.423473626229605,71.72574010036513,29.612754533832977,55.53645919276176
2024-12-31,31299.43,10310.34,24510.56,139248.32553342872,170547.75553342872,1533794.9600000067,264152.51000000007,115191.61769586496,8565.283,20542.993333333336,1475095.6603333403,253844.0268333335,13.44866453284322,71.80529324029085,29.63638525817927,55.6175725149548
