date,product_id,center_id,units_ordered
2023-01-01,SKU-001,DC-01,262
2023-01-02,SKU-001,DC-01,275
2023-01-03,SKU-001,DC-01,671
2023-01-04,SKU-001,DC-01,495
2023-01-05,SKU-001,DC-01,294
2023-01-06,SKU-001,DC-01,235
2023-01-07,SKU-001,DC-01,119
2023-01-08,SKU-001,DC-01,228
2023-01-09,SKU-001,DC-01,306
2023-01-10,SKU-001,DC-01,440
2023-01-11,SKU-001,DC-01,392
2023-01-12,SKU-001,DC-01,448
2023-01-13,SKU-001,DC-01,676
2023-01-14,SKU-001,DC-01,276
2023-01-15,SKU-001,DC-01,143
2023-01-16,SKU-001,DC-01,285
2023-01-17,SKU-001,DC-01,190
2023-01-18,SKU-001,DC-01,459
2023-01-19,SKU-001,DC-01,511
2023-01-20,SKU-001,DC-01,300
2023-01-21,SKU-001,DC-01,216
2023-01-22,SKU-001,DC-01,181
2023-01-23,SKU-001,DC-01,562
2023-01-24,SKU-001,DC-01,502
2023-01-25,SKU-001,DC-01,339
2023-01-26,SKU-001,DC-01,298
2023-01-27,SKU-001,DC-01,275
2023-01-28,SKU-001,DC-01,143
2023-01-29,SKU-001,DC-01,314
2023-01-30,SKU-001,DC-01,484
2023-01-31,SKU-001,DC-01,371
2023-02-01,SKU-001,DC-01,270
2023-02-02,SKU-001,DC-01,320
2023-02-03,SKU-001,DC-01,457
2023-02-04,SKU-001,DC-01,161
2023-02-05,SKU-001,DC-01,183
2023-02-06,SKU-001,DC-01,466
2023-02-07,SKU-001,DC-01,353
2023-02-08,SKU-001,DC-01,546
2023-02-09,SKU-001,DC-01,305
2023-02-10,SKU-001,DC-01,302
2023-02-11,SKU-001,DC-01,133
2023-02-12,SKU-001,DC-01,218
2023-02-13,SKU-001,DC-01,253
2023-02-14,SKU-001,DC-01,763
2023-02-15,SKU-001,DC-01,319
2023-02-16,SKU-001,DC-01,384
2023-02-17,SKU-001,DC-01,291
2023-02-18,SKU-001,DC-01,151
2023-02-19,SKU-001,DC-01,55
2023-02-20,SKU-001,DC-01,320
2023-02-21,SKU-001,DC-01,172
2023-02-22,SKU-001,DC-01,156
2023-02-23,SKU-001,DC-01,394
2023-02-24,SKU-001,DC-01,293
2023-02-25,SKU-001,DC-01,187
2023-02-26,SKU-001,DC-01,188
2023-02-27,SKU-001,DC-01,221
2023-02-28,SKU-001,DC-01,189
2023-03-01,SKU-001,DC-01,326
2023-03-02,SKU-001,DC-01,483
2023-03-03,SKU-001,DC-01,260
2023-03-04,SKU-001,DC-01,39
2023-03-05,SKU-001,DC-01,166
2023-03-06,SKU-001,DC-01,281
2023-03-07,SKU-001,DC-01,513
2023-03-08,SKU-001,DC-01,658
2023-03-09,SKU-001,DC-01,155
2023-03-10,SKU-001,DC-01,305
2023-03-11,SKU-001,DC-01,132
2023-03-12,SKU-001,DC-01,197
2023-03-13,SKU-001,DC-01,439
2023-03-14,SKU-001,DC-01,496
2023-03-15,SKU-001,DC-01,282
2023-03-16,SKU-001,DC-01,472
2023-03-17,SKU-001,DC-01,322
2023-03-18,SKU-001,DC-01,290
2023-03-19,SKU-001,DC-01,155
2023-03-20,SKU-001,DC-01,318
2023-03-21,SKU-001,DC-01,379
2023-03-22,SKU-001,DC-01,140
2023-03-23,SKU-001,DC-01,268
2023-03-24,SKU-001,DC-01,600
2023-03-25,SKU-001,DC-01,66
2023-03-26,SKU-001,DC-01,145
2023-03-27,SKU-001,DC-01,73
2023-03-28,SKU-001,DC-01,334
2023-03-29,SKU-001,DC-01,411
2023-03-30,SKU-001,DC-01,316
2023-03-31,SKU-001,DC-01,355
2023-04-01,SKU-001,DC-01,139
2023-04-02,SKU-001,DC-01,245
2023-04-03,SKU-001,DC-01,180
2023-04-04,SKU-001,DC-01,146
2023-04-05,SKU-001,DC-01,286
2023-04-06,SKU-001,DC-01,127
2023-04-07,SKU-001,DC-01,255
2023-04-08,SKU-001,DC-01,102
2023-04-09,SKU-001,DC-01,214
2023-04-10,SKU-001,DC-01,255
2023-04-11,SKU-001,DC-01,118
2023-04-12,SKU-001,DC-01,625
2023-04-13,SKU-001,DC-01,240
2023-04-14,SKU-001,DC-01,645
2023-04-15,SKU-001,DC-01,201
2023-04-16,SKU-001,DC-01,177
2023-04-17,SKU-001,DC-01,663
2023-04-18,SKU-001,DC-01,302
2023-04-19,SKU-001,DC-01,366
2023-04-20,SKU-001,DC-01,446
2023-04-21,SKU-001,DC-01,265
2023-04-22,SKU-001,DC-01,171
2023-04-23,SKU-001,DC-01,89
2023-04-24,SKU-001,DC-01,309
2023-04-25,SKU-001,DC-01,114
2023-04-26,SKU-001,DC-01,305
2023-04-27,SKU-001,DC-01,144
2023-04-28,SKU-001,DC-01,461
2023-04-29,SKU-001,DC-01,131
2023-04-30,SKU-001,DC-01,147
2023-05-01,SKU-001,DC-01,141
2023-05-02,SKU-001,DC-01,132
2023-05-03,SKU-001,DC-01,260
2023-05-04,SKU-001,DC-01,228
2023-05-05,SKU-001,DC-01,409
2023-05-06,SKU-001,DC-01,143
2023-05-07,SKU-001,DC-01,118
2023-05-08,SKU-001,DC-01,297
2023-05-09,SKU-001,DC-01,162
2023-05-10,SKU-001,DC-01,257
2023-05-11,SKU-001,DC-01,185
2023-05-12,SKU-001,DC-01,265
2023-05-13,SKU-001,DC-01,108
2023-05-14,SKU-001,DC-01,274
2023-05-15,SKU-001,DC-01,315
2023-05-16,SKU-001,DC-01,39
2023-05-17,SKU-001,DC-01,228
2023-05-18,SKU-001,DC-01,378
2023-05-19,SKU-001,DC-01,175
2023-05-20,SKU-001,DC-01,87
2023-05-21,SKU-001,DC-01,140
2023-05-22,SKU-001,DC-01,193
2023-05-23,SKU-001,DC-01,220
2023-05-24,SKU-001,DC-01,279
2023-05-25,SKU-001,DC-01,285
2023-05-26,SKU-001,DC-01,188
2023-05-27,SKU-001,DC-01,189
2023-05-28,SKU-001,DC-01,102
2023-05-29,SKU-001,DC-01,170
2023-05-30,SKU-001,DC-01,252
2023-05-31,SKU-001,DC-01,217
2023-06-01,SKU-001,DC-01,212
2023-06-02,SKU-001,DC-01,219
2023-06-03,SKU-001,DC-01,259
2023-06-04,SKU-001,DC-01,182
2023-06-05,SKU-001,DC-01,316
2023-06-06,SKU-001,DC-01,311
2023-06-07,SKU-001,DC-01,415
2023-06-08,SKU-001,DC-01,473
2023-06-09,SKU-001,DC-01,356
2023-06-10,SKU-001,DC-01,109
2023-06-11,SKU-001,DC-01,341
2023-06-12,SKU-001,DC-01,123
2023-06-13,SKU-001,DC-01,148
2023-06-14,SKU-001,DC-01,71
2023-06-15,SKU-001,DC-01,244
2023-06-16,SKU-001,DC-01,47
2023-06-17,SKU-001,DC-01,147
2023-06-18,SKU-001,DC-01,67
2023-06-19,SKU-001,DC-01,213
2023-06-20,SKU-001,DC-01,284
2023-06-21,SKU-001,DC-01,154
2023-06-22,SKU-001,DC-01,148
2023-06-23,SKU-001,DC-01,270
2023-06-24,SKU-001,DC-01,55
2023-06-25,SKU-001,DC-01,148
2023-06-26,SKU-001,DC-01,157
2023-06-27,SKU-001,DC-01,214
2023-06-28,SKU-001,DC-01,113
2023-06-29,SKU-001,DC-01,186
2023-06-30,SKU-001,DC-01,283
2023-07-01,SKU-001,DC-01,126
2023-07-02,SKU-001,DC-01,59
2023-07-03,SKU-001,DC-01,303
2023-07-04,SKU-001,DC-01,146
2023-07-05,SKU-001,DC-01,59
2023-07-06,SKU-001,DC-01,134
2023-07-07,SKU-001,DC-01,180
2023-07-08,SKU-001,DC-01,174
2023-07-09,SKU-001,DC-01,224
2023-07-10,SKU-001,DC-01,243
2023-07-11,SKU-001,DC-01,530
2023-07-12,SKU-001,DC-01,279
2023-07-13,SKU-001,DC-01,324
2023-07-14,SKU-001,DC-01,237
2023-07-15,SKU-001,DC-01,149
2023-07-16,SKU-001,DC-01,97
2023-07-17,SKU-001,DC-01,285
2023-07-18,SKU-001,DC-01,290
2023-07-19,SKU-001,DC-01,165
2023-07-20,SKU-001,DC-01,476
2023-07-21,SKU-001,DC-01,230
2023-07-22,SKU-001,DC-01,132
2023-07-23,SKU-001,DC-01,160
2023-07-24,SKU-001,DC-01,303
2023-07-25,SKU-001,DC-01,311
2023-07-26,SKU-001,DC-01,194
2023-07-27,SKU-001,DC-01,216
2023-07-28,SKU-001,DC-01,176
2023-07-29,SKU-001,DC-01,122
2023-07-30,SKU-001,DC-01,136
2023-07-31,SKU-001,DC-01,643
2023-08-01,SKU-001,DC-01,163
2023-08-02,SKU-001,DC-01,130
2023-08-03,SKU-001,DC-01,217
2023-08-04,SKU-001,DC-01,278
2023-08-05,SKU-001,DC-01,105
2023-08-06,SKU-001,DC-01,237
2023-08-07,SKU-001,DC-01,267
2023-08-08,SKU-001,DC-01,244
2023-08-09,SKU-001,DC-01,187
2023-08-10,SKU-001,DC-01,222
2023-08-11,SKU-001,DC-01,211
2023-08-12,SKU-001,DC-01,78
2023-08-13,SKU-001,DC-01,163
2023-08-14,SKU-001,DC-01,244
2023-08-15,SKU-001,DC-01,401
2023-08-16,SKU-001,DC-01,260
2023-08-17,SKU-001,DC-01,185
2023-08-18,SKU-001,DC-01,331
2023-08-19,SKU-001,DC-01,168
2023-08-20,SKU-001,DC-01,92
2023-08-21,SKU-001,DC-01,231
2023-08-22,SKU-001,DC-01,114
2023-08-23,SKU-001,DC-01,474
2023-08-24,SKU-001,DC-01,273
2023-08-25,SKU-001,DC-01,363
2023-08-26,SKU-001,DC-01,74
2023-08-27,SKU-001,DC-01,171
2023-08-28,SKU-001,DC-01,318
2023-08-29,SKU-001,DC-01,337
2023-08-30,SKU-001,DC-01,498
2023-08-31,SKU-001,DC-01,131
2023-09-01,SKU-001,DC-01,446
2023-09-02,SKU-001,DC-01,94
2023-09-03,SKU-001,DC-01,142
2023-09-04,SKU-001,DC-01,156
2023-09-05,SKU-001,DC-01,449
2023-09-06,SKU-001,DC-01,289
2023-09-07,SKU-001,DC-01,274
2023-09-08,SKU-001,DC-01,375
2023-09-09,SKU-001,DC-01,151
2023-09-10,SKU-001,DC-01,164
2023-09-11,SKU-001,DC-01,113
2023-09-12,SKU-001,DC-01,308
2023-09-13,SKU-001,DC-01,535
2023-09-14,SKU-001,DC-01,248
2023-09-15,SKU-001,DC-01,303
2023-09-16,SKU-001,DC-01,132
2023-09-17,SKU-001,DC-01,233
2023-09-18,SKU-001,DC-01,402
2023-09-19,SKU-001,DC-01,31
2023-09-20,SKU-001,DC-01,337
2023-09-21,SKU-001,DC-01,441
2023-09-22,SKU-001,DC-01,147
2023-09-23,SKU-001,DC-01,110
2023-09-24,SKU-001,DC-01,209
2023-09-25,SKU-001,DC-01,134
2023-09-26,SKU-001,DC-01,128
2023-09-27,SKU-001,DC-01,484
2023-09-28,SKU-001,DC-01,216
2023-09-29,SKU-001,DC-01,264
2023-09-30,SKU-001,DC-01,211
2023-10-01,SKU-001,DC-01,147
2023-10-02,SKU-001,DC-01,297
2023-10-03,SKU-001,DC-01,326
2023-10-04,SKU-001,DC-01,257
2023-10-05,SKU-001,DC-01,259
2023-10-06,SKU-001,DC-01,278
2023-10-07,SKU-001,DC-01,206
2023-10-08,SKU-001,DC-01,172
2023-10-09,SKU-001,DC-01,507
2023-10-10,SKU-001,DC-01,216
2023-10-11,SKU-001,DC-01,326
2023-10-12,SKU-001,DC-01,112
2023-10-13,SKU-001,DC-01,242
2023-10-14,SKU-001,DC-01,122
2023-10-15,SKU-001,DC-01,170
2023-10-16,SKU-001,DC-01,522
2023-10-17,SKU-001,DC-01,276
2023-10-18,SKU-001,DC-01,140
2023-10-19,SKU-001,DC-01,325
2023-10-20,SKU-001,DC-01,284
2023-10-21,SKU-001,DC-01,218
2023-10-22,SKU-001,DC-01,125
2023-10-23,SKU-001,DC-01,182
2023-10-24,SKU-001,DC-01,243
2023-10-25,SKU-001,DC-01,376
2023-10-26,SKU-001,DC-01,112
2023-10-27,SKU-001,DC-01,389
2023-10-28,SKU-001,DC-01,129
2023-10-29,SKU-001,DC-01,135
2023-10-30,SKU-001,DC-01,378
2023-10-31,SKU-001,DC-01,505
2023-11-01,SKU-001,DC-01,495
2023-11-02,SKU-001,DC-01,198
2023-11-03,SKU-001,DC-01,604
2023-11-04,SKU-001,DC-01,168
2023-11-05,SKU-001,DC-01,315
2023-11-06,SKU-001,DC-01,115
2023-11-07,SKU-001,DC-01,255
2023-11-08,SKU-001,DC-01,358
2023-11-09,SKU-001,DC-01,254
2023-11-10,SKU-001,DC-01,236
2023-11-11,SKU-001,DC-01,234
2023-11-12,SKU-001,DC-01,198
2023-11-13,SKU-001,DC-01,282
2023-11-14,SKU-001,DC-01,123
2023-11-15,SKU-001,DC-01,709
2023-11-16,SKU-001,DC-01,483
2023-11-17,SKU-001,DC-01,308
2023-11-18,SKU-001,DC-01,195
2023-11-19,SKU-001,DC-01,178
2023-11-20,SKU-001,DC-01,368
2023-11-21,SKU-001,DC-01,390
2023-11-22,SKU-001,DC-01,576
2023-11-23,SKU-001,DC-01,573
2023-11-24,SKU-001,DC-01,552
2023-11-25,SKU-001,DC-01,153
2023-11-26,SKU-001,DC-01,78
2023-11-27,SKU-001,DC-01,386
2023-11-28,SKU-001,DC-01,203
2023-11-29,SKU-001,DC-01,194
2023-11-30,SKU-001,DC-01,170
2023-12-01,SKU-001,DC-01,382
2023-12-02,SKU-001,DC-01,366
2023-12-03,SKU-001,DC-01,179
2023-12-04,SKU-001,DC-01,385
2023-12-05,SKU-001,DC-01,279
2023-12-06,SKU-001,DC-01,310
2023-12-07,SKU-001,DC-01,183
2023-12-08,SKU-001,DC-01,342
2023-12-09,SKU-001,DC-01,198
2023-12-10,SKU-001,DC-01,131
2023-12-11,SKU-001,DC-01,803
2023-12-12,SKU-001,DC-01,327
2023-12-13,SKU-001,DC-01,330
2023-12-14,SKU-001,DC-01,440
2023-12-15,SKU-001,DC-01,464
2023-12-16,SKU-001,DC-01,163
2023-12-17,SKU-001,DC-01,110
2023-12-18,SKU-001,DC-01,517
2023-12-19,SKU-001,DC-01,291
2023-12-20,SKU-001,DC-01,706
2023-12-21,SKU-001,DC-01,266
2023-12-22,SKU-001,DC-01,241
2023-12-23,SKU-001,DC-01,166
2023-12-24,SKU-001,DC-01,207
2023-12-25,SKU-001,DC-01,297
2023-12-26,SKU-001,DC-01,374
2023-12-27,SKU-001,DC-01,248
2023-12-28,SKU-001,DC-01,127
2023-12-29,SKU-001,DC-01,164
2023-12-30,SKU-001,DC-01,190
2023-12-31,SKU-001,DC-01,185
2024-01-01,SKU-001,DC-01,256
2024-01-02,SKU-001,DC-01,489
2024-01-03,SKU-001,DC-01,228
2024-01-04,SKU-001,DC-01,386
2024-01-05,SKU-001,DC-01,328
2024-01-06,SKU-001,DC-01,181
2024-01-07,SKU-001,DC-01,117
2024-01-08,SKU-001,DC-01,300
2024-01-09,SKU-001,DC-01,506
2024-01-10,SKU-001,DC-01,576
2024-01-11,SKU-001,DC-01,354
2024-01-12,SKU-001,DC-01,188
2024-01-13,SKU-001,DC-01,295
2024-01-14,SKU-001,DC-01,155
2024-01-15,SKU-001,DC-01,435
2024-01-16,SKU-001,DC-01,690
2024-01-17,SKU-001,DC-01,430
2024-01-18,SKU-001,DC-01,226
2024-01-19,SKU-001,DC-01,322
2024-01-20,SKU-001,DC-01,169
2024-01-21,SKU-001,DC-01,161
2024-01-22,SKU-001,DC-01,303
2024-01-23,SKU-001,DC-01,451
2024-01-24,SKU-001,DC-01,482
2024-01-25,SKU-001,DC-01,677
2024-01-26,SKU-001,DC-01,423
2024-01-27,SKU-001,DC-01,220
2024-01-28,SKU-001,DC-01,91
2024-01-29,SKU-001,DC-01,380
2024-01-30,SKU-001,DC-01,639
2024-01-31,SKU-001,DC-01,189
2024-02-01,SKU-001,DC-01,213
2024-02-02,SKU-001,DC-01,220
2024-02-03,SKU-001,DC-01,347
2024-02-04,SKU-001,DC-01,281
2024-02-05,SKU-001,DC-01,847
2024-02-06,SKU-001,DC-01,223
2024-02-07,SKU-001,DC-01,980
2024-02-08,SKU-001,DC-01,365
2024-02-09,SKU-001,DC-01,378
2024-02-10,SKU-001,DC-01,241
2024-02-11,SKU-001,DC-01,119
2024-02-12,SKU-001,DC-01,406
2024-02-13,SKU-001,DC-01,545
2024-02-14,SKU-001,DC-01,308
2024-02-15,SKU-001,DC-01,533
2024-02-16,SKU-001,DC-01,104
2024-02-17,SKU-001,DC-01,264
2024-02-18,SKU-001,DC-01,241
2024-02-19,SKU-001,DC-01,352
2024-02-20,SKU-001,DC-01,193
2024-02-21,SKU-001,DC-01,405
2024-02-22,SKU-001,DC-01,318
2024-02-23,SKU-001,DC-01,399
2024-02-24,SKU-001,DC-01,138
2024-02-25,SKU-001,DC-01,80
2024-02-26,SKU-001,DC-01,160
2024-02-27,SKU-001,DC-01,813
2024-02-28,SKU-001,DC-01,518
2024-02-29,SKU-001,DC-01,276
2024-03-01,SKU-001,DC-01,402
2024-03-02,SKU-001,DC-01,139
2024-03-03,SKU-001,DC-01,300
2024-03-04,SKU-001,DC-01,214
2024-03-05,SKU-001,DC-01,480
2024-03-06,SKU-001,DC-01,345
2024-03-07,SKU-001,DC-01,224
2024-03-08,SKU-001,DC-01,458
2024-03-09,SKU-001,DC-01,172
2024-03-10,SKU-001,DC-01,316
2024-03-11,SKU-001,DC-01,210
2024-03-12,SKU-001,DC-01,173
2024-03-13,SKU-001,DC-01,176
2024-03-14,SKU-001,DC-01,501
2024-03-15,SKU-001,DC-01,401
2024-03-16,SKU-001,DC-01,206
2024-03-17,SKU-001,DC-01,192
2024-03-18,SKU-001,DC-01,282
2024-03-19,SKU-001,DC-01,233
2024-03-20,SKU-001,DC-01,205
2024-03-21,SKU-001,DC-01,548
2024-03-22,SKU-001,DC-01,311
2024-03-23,SKU-001,DC-01,183
2024-03-24,SKU-001,DC-01,309
2024-03-25,SKU-001,DC-01,269
2024-03-26,SKU-001,DC-01,110
2024-03-27,SKU-001,DC-01,291
2024-03-28,SKU-001,DC-01,333
2024-03-29,SKU-001,DC-01,458
2024-03-30,SKU-001,DC-01,112
2024-03-31,SKU-001,DC-01,196
2024-04-01,SKU-001,DC-01,329
2024-04-02,SKU-001,DC-01,225
2024-04-03,SKU-001,DC-01,225
2024-04-04,SKU-001,DC-01,306
2024-04-05,SKU-001,DC-01,387
2024-04-06,SKU-001,DC-01,258
2024-04-07,SKU-001,DC-01,179
2024-04-08,SKU-001,DC-01,260
2024-04-09,SKU-001,DC-01,377
2024-04-10,SKU-001,DC-01,233
2024-04-11,SKU-001,DC-01,727
2024-04-12,SKU-001,DC-01,180
2024-04-13,SKU-001,DC-01,309
2024-04-14,SKU-001,DC-01,116
2024-04-15,SKU-001,DC-01,177
2024-04-16,SKU-001,DC-01,431
2024-04-17,SKU-001,DC-01,300
2024-04-18,SKU-001,DC-01,241
2024-04-19,SKU-001,DC-01,61
2024-04-20,SKU-001,DC-01,184
2024-04-21,SKU-001,DC-01,98
2024-04-22,SKU-001,DC-01,338
2024-04-23,SKU-001,DC-01,466
2024-04-24,SKU-001,DC-01,250
2024-04-25,SKU-001,DC-01,462
2024-04-26,SKU-001,DC-01,295
2024-04-27,SKU-001,DC-01,225
2024-04-28,SKU-001,DC-01,288
2024-04-29,SKU-001,DC-01,307
2024-04-30,SKU-001,DC-01,179
2024-05-01,SKU-001,DC-01,507
2024-05-02,SKU-001,DC-01,334
2024-05-03,SKU-001,DC-01,584
2024-05-04,SKU-001,DC-01,172
2024-05-05,SKU-001,DC-01,179
2024-05-06,SKU-001,DC-01,217
2024-05-07,SKU-001,DC-01,440
2024-05-08,SKU-001,DC-01,391
2024-05-09,SKU-001,DC-01,296
2024-05-10,SKU-001,DC-01,137
2024-05-11,SKU-001,DC-01,143
2024-05-12,SKU-001,DC-01,122
2024-05-13,SKU-001,DC-01,166
2024-05-14,SKU-001,DC-01,286
2024-05-15,SKU-001,DC-01,267
2024-05-16,SKU-001,DC-01,182
2024-05-17,SKU-001,DC-01,111
2024-05-18,SKU-001,DC-01,80
2024-05-19,SKU-001,DC-01,134
2024-05-20,SKU-001,DC-01,119
2024-05-21,SKU-001,DC-01,182
2024-05-22,SKU-001,DC-01,394
2024-05-23,SKU-001,DC-01,236
2024-05-24,SKU-001,DC-01,90
2024-05-25,SKU-001,DC-01,97
2024-05-26,SKU-001,DC-01,89
2024-05-27,SKU-001,DC-01,229
2024-05-28,SKU-001,DC-01,263
2024-05-29,SKU-001,DC-01,258
2024-05-30,SKU-001,DC-01,365
2024-05-31,SKU-001,DC-01,197
2024-06-01,SKU-001,DC-01,73
2024-06-02,SKU-001,DC-01,122
2024-06-03,SKU-001,DC-01,450
2024-06-04,SKU-001,DC-01,270
2024-06-05,SKU-001,DC-01,366
2024-06-06,SKU-001,DC-01,469
2024-06-07,SKU-001,DC-01,337
2024-06-08,SKU-001,DC-01,116
2024-06-09,SKU-001,DC-01,147
2024-06-10,SKU-001,DC-01,131
2024-06-11,SKU-001,DC-01,161
2024-06-12,SKU-001,DC-01,264
2024-06-13,SKU-001,DC-01,90
2024-06-14,SKU-001,DC-01,281
2024-06-15,SKU-001,DC-01,110
2024-06-16,SKU-001,DC-01,102
2024-06-17,SKU-001,DC-01,169
2024-06-18,SKU-001,DC-01,203
2024-06-19,SKU-001,DC-01,103
2024-06-20,SKU-001,DC-01,257
2024-06-21,SKU-001,DC-01,337
2024-06-22,SKU-001,DC-01,99
2024-06-23,SKU-001,DC-01,31
2024-06-24,SKU-001,DC-01,203
2024-06-25,SKU-001,DC-01,130
2024-06-26,SKU-001,DC-01,232
2024-06-27,SKU-001,DC-01,270
2024-06-28,SKU-001,DC-01,161
2024-06-29,SKU-001,DC-01,178
2024-06-30,SKU-001,DC-01,157
2024-07-01,SKU-001,DC-01,136
2024-07-02,SKU-001,DC-01,406
2024-07-03,SKU-001,DC-01,366
2024-07-04,SKU-001,DC-01,226
2024-07-05,SKU-001,DC-01,208
2024-07-06,SKU-001,DC-01,53
2024-07-07,SKU-001,DC-01,158
2024-07-08,SKU-001,DC-01,179
2024-07-09,SKU-001,DC-01,181
2024-07-10,SKU-001,DC-01,234
2024-07-11,SKU-001,DC-01,150
2024-07-12,SKU-001,DC-01,206
2024-07-13,SKU-001,DC-01,63
2024-07-14,SKU-001,DC-01,123
2024-07-15,SKU-001,DC-01,82
2024-07-16,SKU-001,DC-01,187
2024-07-17,SKU-001,DC-01,216
2024-07-18,SKU-001,DC-01,428
2024-07-19,SKU-001,DC-01,218
2024-07-20,SKU-001,DC-01,132
2024-07-21,SKU-001,DC-01,142
2024-07-22,SKU-001,DC-01,136
2024-07-23,SKU-001,DC-01,337
2024-07-24,SKU-001,DC-01,217
2024-07-25,SKU-001,DC-01,112
2024-07-26,SKU-001,DC-01,230
2024-07-27,SKU-001,DC-01,218
2024-07-28,SKU-001,DC-01,220
2024-07-29,SKU-001,DC-01,362
2024-07-30,SKU-001,DC-01,355
2024-07-31,SKU-001,DC-01,331
2024-08-01,SKU-001,DC-01,159
2024-08-02,SKU-001,DC-01,269
2024-08-03,SKU-001,DC-01,174
2024-08-04,SKU-001,DC-01,78
2024-08-05,SKU-001,DC-01,130
2024-08-06,SKU-001,DC-01,375
2024-08-07,SKU-001,DC-01,133
2024-08-08,SKU-001,DC-01,381
2024-08-09,SKU-001,DC-01,225
2024-08-10,SKU-001,DC-01,77
2024-08-11,SKU-001,DC-01,228
2024-08-12,SKU-001,DC-01,435
2024-08-13,SKU-001,DC-01,547
2024-08-14,SKU-001,DC-01,513
2024-08-15,SKU-001,DC-01,365
2024-08-16,SKU-001,DC-01,168
2024-08-17,SKU-001,DC-01,116
2024-08-18,SKU-001,DC-01,202
2024-08-19,SKU-001,DC-01,240
2024-08-20,SKU-001,DC-01,549
2024-08-21,SKU-001,DC-01,365
2024-08-22,SKU-001,DC-01,286
2024-08-23,SKU-001,DC-01,237
2024-08-24,SKU-001,DC-01,156
2024-08-25,SKU-001,DC-01,114
2024-08-26,SKU-001,DC-01,293
2024-08-27,SKU-001,DC-01,358
2024-08-28,SKU-001,DC-01,262
2024-08-29,SKU-001,DC-01,444
2024-08-30,SKU-001,DC-01,381
2024-08-31,SKU-001,DC-01,355
2024-09-01,SKU-001,DC-01,51
2024-09-02,SKU-001,DC-01,73
2024-09-03,SKU-001,DC-01,424
2024-09-04,SKU-001,DC-01,253
2024-09-05,SKU-001,DC-01,384
2024-09-06,SKU-001,DC-01,142
2024-09-07,SKU-001,DC-01,226
2024-09-08,SKU-001,DC-01,151
2024-09-09,SKU-001,DC-01,226
2024-09-10,SKU-001,DC-01,168
2024-09-11,SKU-001,DC-01,221
2024-09-12,SKU-001,DC-01,294
2024-09-13,SKU-001,DC-01,340
2024-09-14,SKU-001,DC-01,113
2024-09-15,SKU-001,DC-01,213
2024-09-16,SKU-001,DC-01,210
2024-09-17,SKU-001,DC-01,325
2024-09-18,SKU-001,DC-01,197
2024-09-19,SKU-001,DC-01,609
2024-09-20,SKU-001,DC-01,159
2024-09-21,SKU-001,DC-01,172
2024-09-22,SKU-001,DC-01,102
2024-09-23,SKU-001,DC-01,338
2024-09-24,SKU-001,DC-01,228
2024-09-25,SKU-001,DC-01,116
2024-09-26,SKU-001,DC-01,831
2024-09-27,SKU-001,DC-01,382
2024-09-28,SKU-001,DC-01,115
2024-09-29,SKU-001,DC-01,211
2024-09-30,SKU-001,DC-01,456
2024-10-01,SKU-001,DC-01,164
2024-10-02,SKU-001,DC-01,451
2024-10-03,SKU-001,DC-01,409
2024-10-04,SKU-001,DC-01,582
2024-10-05,SKU-001,DC-01,122
2024-10-06,SKU-001,DC-01,132
2024-10-07,SKU-001,DC-01,272
2024-10-08,SKU-001,DC-01,206
2024-10-09,SKU-001,DC-01,749
2024-10-10,SKU-001,DC-01,616
2024-10-11,SKU-001,DC-01,487
2024-10-12,SKU-001,DC-01,273
2024-10-13,SKU-001,DC-01,119
2024-10-14,SKU-001,DC-01,409
2024-10-15,SKU-001,DC-01,438
2024-10-16,SKU-001,DC-01,369
2024-10-17,SKU-001,DC-01,374
2024-10-18,SKU-001,DC-01,372
2024-10-19,SKU-001,DC-01,47
2024-10-20,SKU-001,DC-01,319
2024-10-21,SKU-001,DC-01,465
2024-10-22,SKU-001,DC-01,94
2024-10-23,SKU-001,DC-01,567
2024-10-24,SKU-001,DC-01,299
2024-10-25,SKU-001,DC-01,270
2024-10-26,SKU-001,DC-01,147
2024-10-27,SKU-001,DC-01,216
2024-10-28,SKU-001,DC-01,604
2024-10-29,SKU-001,DC-01,305
2024-10-30,SKU-001,DC-01,322
2024-10-31,SKU-001,DC-01,694
2024-11-01,SKU-001,DC-01,361
2024-11-02,SKU-001,DC-01,223
2024-11-03,SKU-001,DC-01,161
2024-11-04,SKU-001,DC-01,186
2024-11-05,SKU-001,DC-01,274
2024-11-06,SKU-001,DC-01,484
2024-11-07,SKU-001,DC-01,529
2024-11-08,SKU-001,DC-01,746
2024-11-09,SKU-001,DC-01,155
2024-11-10,SKU-001,DC-01,250
2024-11-11,SKU-001,DC-01,516
2024-11-12,SKU-001,DC-01,416
2024-11-13,SKU-001,DC-01,249
2024-11-14,SKU-001,DC-01,217
2024-11-15,SKU-001,DC-01,510
2024-11-16,SKU-001,DC-01,273
2024-11-17,SKU-001,DC-01,261
2024-11-18,SKU-001,DC-01,337
2024-11-19,SKU-001,DC-01,323
2024-11-20,SKU-001,DC-01,258
2024-11-21,SKU-001,DC-01,375
2024-11-22,SKU-001,DC-01,75
2024-11-23,SKU-001,DC-01,202
2024-11-24,SKU-001,DC-01,263
2024-11-25,SKU-001,DC-01,859
2024-11-26,SKU-001,DC-01,546
2024-11-27,SKU-001,DC-01,383
2024-11-28,SKU-001,DC-01,335
2024-11-29,SKU-001,DC-01,393
2024-11-30,SKU-001,DC-01,150
2024-12-01,SKU-001,DC-01,217
2024-12-02,SKU-001,DC-01,415
2024-12-03,SKU-001,DC-01,293
2024-12-04,SKU-001,DC-01,352
2024-12-05,SKU-001,DC-01,805
2024-12-06,SKU-001,DC-01,292
2024-12-07,SKU-001,DC-01,176
2024-12-08,SKU-001,DC-01,299
2024-12-09,SKU-001,DC-01,645
2024-12-10,SKU-001,DC-01,245
2024-12-11,SKU-001,DC-01,251
2024-12-12,SKU-001,DC-01,589
2024-12-13,SKU-001,DC-01,463
2024-12-14,SKU-001,DC-01,50
2024-12-15,SKU-001,DC-01,182
2024-12-16,SKU-001,DC-01,364
2024-12-17,SKU-001,DC-01,135
2024-12-18,SKU-001,DC-01,560
2024-12-19,SKU-001,DC-01,99
2024-12-20,SKU-001,DC-01,254
2024-12-21,SKU-001,DC-01,503
2024-12-22,SKU-001,DC-01,68
2024-12-23,SKU-001,DC-01,133
2024-12-24,SKU-001,DC-01,426
2024-12-25,SKU-001,DC-01,175
2024-12-26,SKU-001,DC-01,320
2024-12-27,SKU-001,DC-01,716
2024-12-28,SKU-001,DC-01,313
2024-12-29,SKU-001,DC-01,162
2024-12-30,SKU-001,DC-01,502
2024-12-31,SKU-001,DC-01,494
2023-01-01,SKU-001,DC-02,128
2023-01-02,SKU-001,DC-02,358
2023-01-03,SKU-001,DC-02,241
2023-01-04,SKU-001,DC-02,222
2023-01-05,SKU-001,DC-02,395
2023-01-06,SKU-001,DC-02,541
2023-01-07,SKU-001,DC-02,152
2023-01-08,SKU-001,DC-02,153
2023-01-09,SKU-001,DC-02,433
2023-01-10,SKU-001,DC-02,300
2023-01-11,SKU-001,DC-02,628
2023-01-12,SKU-001,DC-02,155
2023-01-13,SKU-001,DC-02,468
2023-01-14,SKU-001,DC-02,108
2023-01-15,SKU-001,DC-02,140
2023-01-16,SKU-001,DC-02,283
2023-01-17,SKU-001,DC-02,233
2023-01-18,SKU-001,DC-02,264
2023-01-19,SKU-001,DC-02,309
2023-01-20,SKU-001,DC-02,369
2023-01-21,SKU-001,DC-02,149
2023-01-22,SKU-001,DC-02,174
2023-01-23,SKU-001,DC-02,440
2023-01-24,SKU-001,DC-02,308
2023-01-25,SKU-001,DC-02,323
2023-01-26,SKU-001,DC-02,431
2023-01-27,SKU-001,DC-02,351
2023-01-28,SKU-001,DC-02,255
2023-01-29,SKU-001,DC-02,166
2023-01-30,SKU-001,DC-02,171
2023-01-31,SKU-001,DC-02,283
2023-02-01,SKU-001,DC-02,385
2023-02-02,SKU-001,DC-02,565
2023-02-03,SKU-001,DC-02,393
2023-02-04,SKU-001,DC-02,58
2023-02-05,SKU-001,DC-02,125
2023-02-06,SKU-001,DC-02,510
2023-02-07,SKU-001,DC-02,380
2023-02-08,SKU-001,DC-02,293
2023-02-09,SKU-001,DC-02,397
2023-02-10,SKU-001,DC-02,340
2023-02-11,SKU-001,DC-02,96
2023-02-12,SKU-001,DC-02,109
2023-02-13,SKU-001,DC-02,281
2023-02-14,SKU-001,DC-02,249
2023-02-15,SKU-001,DC-02,221
2023-02-16,SKU-001,DC-02,300
2023-02-17,SKU-001,DC-02,638
2023-02-18,SKU-001,DC-02,329
2023-02-19,SKU-001,DC-02,152
2023-02-20,SKU-001,DC-02,280
2023-02-21,SKU-001,DC-02,194
2023-02-22,SKU-001,DC-02,604
2023-02-23,SKU-001,DC-02,315
2023-02-24,SKU-001,DC-02,326
2023-02-25,SKU-001,DC-02,226
2023-02-26,SKU-001,DC-02,240
2023-02-27,SKU-001,DC-02,553
2023-02-28,SKU-001,DC-02,279
2023-03-01,SKU-001,DC-02,276
2023-03-02,SKU-001,DC-02,401
2023-03-03,SKU-001,DC-02,653
2023-03-04,SKU-001,DC-02,81
2023-03-05,SKU-001,DC-02,96
2023-03-06,SKU-001,DC-02,119
2023-03-07,SKU-001,DC-02,256
2023-03-08,SKU-001,DC-02,241
2023-03-09,SKU-001,DC-02,356
2023-03-10,SKU-001,DC-02,240
2023-03-11,SKU-001,DC-02,217
2023-03-12,SKU-001,DC-02,166
2023-03-13,SKU-001,DC-02,254
2023-03-14,SKU-001,DC-02,310
2023-03-15,SKU-001,DC-02,114
2023-03-16,SKU-001,DC-02,453
2023-03-17,SKU-001,DC-02,174
2023-03-18,SKU-001,DC-02,86
2023-03-19,SKU-001,DC-02,266
2023-03-20,SKU-001,DC-02,288
2023-03-21,SKU-001,DC-02,152
2023-03-22,SKU-001,DC-02,271
2023-03-23,SKU-001,DC-02,55
2023-03-24,SKU-001,DC-02,380
2023-03-25,SKU-001,DC-02,91
2023-03-26,SKU-001,DC-02,152
2023-03-27,SKU-001,DC-02,237
2023-03-28,SKU-001,DC-02,410
2023-03-29,SKU-001,DC-02,271
2023-03-30,SKU-001,DC-02,218
2023-03-31,SKU-001,DC-02,269
2023-04-01,SKU-001,DC-02,86
2023-04-02,SKU-001,DC-02,94
2023-04-03,SKU-001,DC-02,183
2023-04-04,SKU-001,DC-02,313
2023-04-05,SKU-001,DC-02,348
2023-04-06,SKU-001,DC-02,71
2023-04-07,SKU-001,DC-02,221
2023-04-08,SKU-001,DC-02,158
2023-04-09,SKU-001,DC-02,175
2023-04-10,SKU-001,DC-02,200
2023-04-11,SKU-001,DC-02,359
2023-04-12,SKU-001,DC-02,462
2023-04-13,SKU-001,DC-02,344
2023-04-14,SKU-001,DC-02,174
2023-04-15,SKU-001,DC-02,250
2023-04-16,SKU-001,DC-02,97
2023-04-17,SKU-001,DC-02,357
2023-04-18,SKU-001,DC-02,164
2023-04-19,SKU-001,DC-02,290
2023-04-20,SKU-001,DC-02,244
2023-04-21,SKU-001,DC-02,207
2023-04-22,SKU-001,DC-02,188
2023-04-23,SKU-001,DC-02,184
2023-04-24,SKU-001,DC-02,175
2023-04-25,SKU-001,DC-02,385
2023-04-26,SKU-001,DC-02,109
2023-04-27,SKU-001,DC-02,186
2023-04-28,SKU-001,DC-02,221
2023-04-29,SKU-001,DC-02,66
2023-04-30,SKU-001,DC-02,167
2023-05-01,SKU-001,DC-02,162
2023-05-02,SKU-001,DC-02,295
2023-05-03,SKU-001,DC-02,272
2023-05-04,SKU-001,DC-02,301
2023-05-05,SKU-001,DC-02,152
2023-05-06,SKU-001,DC-02,99
2023-05-07,SKU-001,DC-02,119
2023-05-08,SKU-001,DC-02,341
2023-05-09,SKU-001,DC-02,323
2023-05-10,SKU-001,DC-02,81
2023-05-11,SKU-001,DC-02,170
2023-05-12,SKU-001,DC-02,223
2023-05-13,SKU-001,DC-02,120
2023-05-14,SKU-001,DC-02,65
2023-05-15,SKU-001,DC-02,162
2023-05-16,SKU-001,DC-02,142
2023-05-17,SKU-001,DC-02,89
2023-05-18,SKU-001,DC-02,238
2023-05-19,SKU-001,DC-02,278
2023-05-20,SKU-001,DC-02,151
2023-05-21,SKU-001,DC-02,85
2023-05-22,SKU-001,DC-02,190
2023-05-23,SKU-001,DC-02,101
2023-05-24,SKU-001,DC-02,317
2023-05-25,SKU-001,DC-02,279
2023-05-26,SKU-001,DC-02,263
2023-05-27,SKU-001,DC-02,110
2023-05-28,SKU-001,DC-02,161
2023-05-29,SKU-001,DC-02,107
2023-05-30,SKU-001,DC-02,291
2023-05-31,SKU-001,DC-02,115
2023-06-01,SKU-001,DC-02,88
2023-06-02,SKU-001,DC-02,192
2023-06-03,SKU-001,DC-02,262
2023-06-04,SKU-001,DC-02,296
2023-06-05,SKU-001,DC-02,209
2023-06-06,SKU-001,DC-02,128
2023-06-07,SKU-001,DC-02,252
2023-06-08,SKU-001,DC-02,372
2023-06-09,SKU-001,DC-02,183
2023-06-10,SKU-001,DC-02,125
2023-06-11,SKU-001,DC-02,198
2023-06-12,SKU-001,DC-02,380
2023-06-13,SKU-001,DC-02,229
2023-06-14,SKU-001,DC-02,99
2023-06-15,SKU-001,DC-02,121
2023-06-16,SKU-001,DC-02,138
2023-06-17,SKU-001,DC-02,152
2023-06-18,SKU-001,DC-02,70
2023-06-19,SKU-001,DC-02,330
2023-06-20,SKU-001,DC-02,221
2023-06-21,SKU-001,DC-02,114
2023-06-22,SKU-001,DC-02,162
2023-06-23,SKU-001,DC-02,233
2023-06-24,SKU-001,DC-02,116
2023-06-25,SKU-001,DC-02,101
2023-06-26,SKU-001,DC-02,201
2023-06-27,SKU-001,DC-02,113
2023-06-28,SKU-001,DC-02,175
2023-06-29,SKU-001,DC-02,332
2023-06-30,SKU-001,DC-02,128
2023-07-01,SKU-001,DC-02,63
2023-07-02,SKU-001,DC-02,159
2023-07-03,SKU-001,DC-02,180
2023-07-04,SKU-001,DC-02,133
2023-07-05,SKU-001,DC-02,235
2023-07-06,SKU-001,DC-02,175
2023-07-07,SKU-001,DC-02,229
2023-07-08,SKU-001,DC-02,116
2023-07-09,SKU-001,DC-02,46
2023-07-10,SKU-001,DC-02,192
2023-07-11,SKU-001,DC-02,161
2023-07-12,SKU-001,DC-02,267
2023-07-13,SKU-001,DC-02,269
2023-07-14,SKU-001,DC-02,131
2023-07-15,SKU-001,DC-02,66
2023-07-16,SKU-001,DC-02,103
2023-07-17,SKU-001,DC-02,126
2023-07-18,SKU-001,DC-02,97
2023-07-19,SKU-001,DC-02,119
2023-07-20,SKU-001,DC-02,324
2023-07-21,SKU-001,DC-02,98
2023-07-22,SKU-001,DC-02,146
2023-07-23,SKU-001,DC-02,116
2023-07-24,SKU-001,DC-02,147
2023-07-25,SKU-001,DC-02,141
2023-07-26,SKU-001,DC-02,188
2023-07-27,SKU-001,DC-02,178
2023-07-28,SKU-001,DC-02,140
2023-07-29,SKU-001,DC-02,75
2023-07-30,SKU-001,DC-02,134
2023-07-31,SKU-001,DC-02,175
2023-08-01,SKU-001,DC-02,135
2023-08-02,SKU-001,DC-02,205
2023-08-03,SKU-001,DC-02,110
2023-08-04,SKU-001,DC-02,61
2023-08-05,SKU-001,DC-02,38
2023-08-06,SKU-001,DC-02,80
2023-08-07,SKU-001,DC-02,178
2023-08-08,SKU-001,DC-02,105
2023-08-09,SKU-001,DC-02,213
2023-08-10,SKU-001,DC-02,134
2023-08-11,SKU-001,DC-02,343
2023-08-12,SKU-001,DC-02,186
2023-08-13,SKU-001,DC-02,104
2023-08-14,SKU-001,DC-02,89
2023-08-15,SKU-001,DC-02,354
2023-08-16,SKU-001,DC-02,212
2023-08-17,SKU-001,DC-02,156
2023-08-18,SKU-001,DC-02,147
2023-08-19,SKU-001,DC-02,79
2023-08-20,SKU-001,DC-02,33
2023-08-21,SKU-001,DC-02,89
2023-08-22,SKU-001,DC-02,255
2023-08-23,SKU-001,DC-02,268
2023-08-24,SKU-001,DC-02,168
2023-08-25,SKU-001,DC-02,331
2023-08-26,SKU-001,DC-02,35
2023-08-27,SKU-001,DC-02,64
2023-08-28,SKU-001,DC-02,164
2023-08-29,SKU-001,DC-02,224
2023-08-30,SKU-001,DC-02,161
2023-08-31,SKU-001,DC-02,149
2023-09-01,SKU-001,DC-02,311
2023-09-02,SKU-001,DC-02,97
2023-09-03,SKU-001,DC-02,171
2023-09-04,SKU-001,DC-02,221
2023-09-05,SKU-001,DC-02,220
2023-09-06,SKU-001,DC-02,129
2023-09-07,SKU-001,DC-02,197
2023-09-08,SKU-001,DC-02,211
2023-09-09,SKU-001,DC-02,104
2023-09-10,SKU-001,DC-02,158
2023-09-11,SKU-001,DC-02,240
2023-09-12,SKU-001,DC-02,239
2023-09-13,SKU-001,DC-02,248
2023-09-14,SKU-001,DC-02,177
2023-09-15,SKU-001,DC-02,128
2023-09-16,SKU-001,DC-02,149
2023-09-17,SKU-001,DC-02,106
2023-09-18,SKU-001,DC-02,114
2023-09-19,SKU-001,DC-02,183
2023-09-20,SKU-001,DC-02,138
2023-09-21,SKU-001,DC-02,243
2023-09-22,SKU-001,DC-02,202
2023-09-23,SKU-001,DC-02,186
2023-09-24,SKU-001,DC-02,245
2023-09-25,SKU-001,DC-02,287
2023-09-26,SKU-001,DC-02,281
2023-09-27,SKU-001,DC-02,125
2023-09-28,SKU-001,DC-02,244
2023-09-29,SKU-001,DC-02,187
2023-09-30,SKU-001,DC-02,114
2023-10-01,SKU-001,DC-02,111
2023-10-02,SKU-001,DC-02,223
2023-10-03,SKU-001,DC-02,115
2023-10-04,SKU-001,DC-02,171
2023-10-05,SKU-001,DC-02,222
2023-10-06,SKU-001,DC-02,177
2023-10-07,SKU-001,DC-02,94
2023-10-08,SKU-001,DC-02,138
2023-10-09,SKU-001,DC-02,168
2023-10-10,SKU-001,DC-02,226
2023-10-11,SKU-001,DC-02,109
2023-10-12,SKU-001,DC-02,252
2023-10-13,SKU-001,DC-02,215
2023-10-14,SKU-001,DC-02,265
2023-10-15,SKU-001,DC-02,90
2023-10-16,SKU-001,DC-02,114
2023-10-17,SKU-001,DC-02,134
2023-10-18,SKU-001,DC-02,471
2023-10-19,SKU-001,DC-02,312
2023-10-20,SKU-001,DC-02,155
2023-10-21,SKU-001,DC-02,272
2023-10-22,SKU-001,DC-02,95
2023-10-23,SKU-001,DC-02,278
2023-10-24,SKU-001,DC-02,161
2023-10-25,SKU-001,DC-02,155
2023-10-26,SKU-001,DC-02,423
2023-10-27,SKU-001,DC-02,466
2023-10-28,SKU-001,DC-02,88
2023-10-29,SKU-001,DC-02,163
2023-10-30,SKU-001,DC-02,338
2023-10-31,SKU-001,DC-02,389
2023-11-01,SKU-001,DC-02,318
2023-11-02,SKU-001,DC-02,343
2023-11-03,SKU-001,DC-02,473
2023-11-04,SKU-001,DC-02,117
2023-11-05,SKU-001,DC-02,159
2023-11-06,SKU-001,DC-02,232
2023-11-07,SKU-001,DC-02,239
2023-11-08,SKU-001,DC-02,273
2023-11-09,SKU-001,DC-02,250
2023-11-10,SKU-001,DC-02,368
2023-11-11,SKU-001,DC-02,136
2023-11-12,SKU-001,DC-02,108
2023-11-13,SKU-001,DC-02,302
2023-11-14,SKU-001,DC-02,504
2023-11-15,SKU-001,DC-02,265
2023-11-16,SKU-001,DC-02,319
2023-11-17,SKU-001,DC-02,198
2023-11-18,SKU-001,DC-02,98
2023-11-19,SKU-001,DC-02,238
2023-11-20,SKU-001,DC-02,297
2023-11-21,SKU-001,DC-02,215
2023-11-22,SKU-001,DC-02,50
2023-11-23,SKU-001,DC-02,274
2023-11-24,SKU-001,DC-02,138
2023-11-25,SKU-001,DC-02,169
2023-11-26,SKU-001,DC-02,252
2023-11-27,SKU-001,DC-02,354
2023-11-28,SKU-001,DC-02,497
2023-11-29,SKU-001,DC-02,214
2023-11-30,SKU-001,DC-02,284
2023-12-01,SKU-001,DC-02,434
2023-12-02,SKU-001,DC-02,189
2023-12-03,SKU-001,DC-02,145
2023-12-04,SKU-001,DC-02,248
2023-12-05,SKU-001,DC-02,215
2023-12-06,SKU-001,DC-02,206
2023-12-07,SKU-001,DC-02,234
2023-12-08,SKU-001,DC-02,111
2023-12-09,SKU-001,DC-02,89
2023-12-10,SKU-001,DC-02,68
2023-12-11,SKU-001,DC-02,511
2023-12-12,SKU-001,DC-02,115
2023-12-13,SKU-001,DC-02,340
2023-12-14,SKU-001,DC-02,263
2023-12-15,SKU-001,DC-02,484
2023-12-16,SKU-001,DC-02,225
2023-12-17,SKU-001,DC-02,128
2023-12-18,SKU-001,DC-02,497
2023-12-19,SKU-001,DC-02,168
2023-12-20,SKU-001,DC-02,264
2023-12-21,SKU-001,DC-02,189
2023-12-22,SKU-001,DC-02,310
2023-12-23,SKU-001,DC-02,71
2023-12-24,SKU-001,DC-02,126
2023-12-25,SKU-001,DC-02,380
2023-12-26,SKU-001,DC-02,552
2023-12-27,SKU-001,DC-02,274
2023-12-28,SKU-001,DC-02,228
2023-12-29,SKU-001,DC-02,564
2023-12-30,SKU-001,DC-02,149
2023-12-31,SKU-001,DC-02,133
2024-01-01,SKU-001,DC-02,262
2024-01-02,SKU-001,DC-02,226
2024-01-03,SKU-001,DC-02,146
2024-01-04,SKU-001,DC-02,320
2024-01-05,SKU-001,DC-02,196
2024-01-06,SKU-001,DC-02,216
2024-01-07,SKU-001,DC-02,118
2024-01-08,SKU-001,DC-02,373
2024-01-09,SKU-001,DC-02,311
2024-01-10,SKU-001,DC-02,298
2024-01-11,SKU-001,DC-02,450
2024-01-12,SKU-001,DC-02,236
2024-01-13,SKU-001,DC-02,197
2024-01-14,SKU-001,DC-02,150
2024-01-15,SKU-001,DC-02,425
2024-01-16,SKU-001,DC-02,241
2024-01-17,SKU-001,DC-02,394
2024-01-18,SKU-001,DC-02,197
2024-01-19,SKU-001,DC-02,469
2024-01-20,SKU-001,DC-02,91
2024-01-21,SKU-001,DC-02,120
2024-01-22,SKU-001,DC-02,383
2024-01-23,SKU-001,DC-02,279
2024-01-24,SKU-001,DC-02,277
2024-01-25,SKU-001,DC-02,126
2024-01-26,SKU-001,DC-02,511
2024-01-27,SKU-001,DC-02,244
2024-01-28,SKU-001,DC-02,164
2024-01-29,SKU-001,DC-02,288
2024-01-30,SKU-001,DC-02,309
2024-01-31,SKU-001,DC-02,225
2024-02-01,SKU-001,DC-02,138
2024-02-02,SKU-001,DC-02,456
2024-02-03,SKU-001,DC-02,164
2024-02-04,SKU-001,DC-02,118
2024-02-05,SKU-001,DC-02,406
2024-02-06,SKU-001,DC-02,161
2024-02-07,SKU-001,DC-02,335
2024-02-08,SKU-001,DC-02,218
2024-02-09,SKU-001,DC-02,795
2024-02-10,SKU-001,DC-02,273
2024-02-11,SKU-001,DC-02,404
2024-02-12,SKU-001,DC-02,321
2024-02-13,SKU-001,DC-02,398
2024-02-14,SKU-001,DC-02,485
2024-02-15,SKU-001,DC-02,257
2024-02-16,SKU-001,DC-02,114
2024-02-17,SKU-001,DC-02,112
2024-02-18,SKU-001,DC-02,159
2024-02-19,SKU-001,DC-02,578
2024-02-20,SKU-001,DC-02,318
2024-02-21,SKU-001,DC-02,330
2024-02-22,SKU-001,DC-02,176
2024-02-23,SKU-001,DC-02,371
2024-02-24,SKU-001,DC-02,84
2024-02-25,SKU-001,DC-02,321
2024-02-26,SKU-001,DC-02,368
2024-02-27,SKU-001,DC-02,291
2024-02-28,SKU-001,DC-02,261
2024-02-29,SKU-001,DC-02,250
2024-03-01,SKU-001,DC-02,283
2024-03-02,SKU-001,DC-02,111
2024-03-03,SKU-001,DC-02,147
2024-03-04,SKU-001,DC-02,360
2024-03-05,SKU-001,DC-02,487
2024-03-06,SKU-001,DC-02,269
2024-03-07,SKU-001,DC-02,141
2024-03-08,SKU-001,DC-02,272
2024-03-09,SKU-001,DC-02,170
2024-03-10,SKU-001,DC-02,205
2024-03-11,SKU-001,DC-02,155
2024-03-12,SKU-001,DC-02,128
2024-03-13,SKU-001,DC-02,313
2024-03-14,SKU-001,DC-02,158
2024-03-15,SKU-001,DC-02,267
2024-03-16,SKU-001,DC-02,140
2024-03-17,SKU-001,DC-02,237
2024-03-18,SKU-001,DC-02,251
2024-03-19,SKU-001,DC-02,248
2024-03-20,SKU-001,DC-02,392
2024-03-21,SKU-001,DC-02,378
2024-03-22,SKU-001,DC-02,333
2024-03-23,SKU-001,DC-02,143
2024-03-24,SKU-001,DC-02,198
2024-03-25,SKU-001,DC-02,423
2024-03-26,SKU-001,DC-02,206
2024-03-27,SKU-001,DC-02,160
2024-03-28,SKU-001,DC-02,158
2024-03-29,SKU-001,DC-02,120
2024-03-30,SKU-001,DC-02,141
2024-03-31,SKU-001,DC-02,248
2024-04-01,SKU-001,DC-02,141
2024-04-02,SKU-001,DC-02,242
2024-04-03,SKU-001,DC-02,264
2024-04-04,SKU-001,DC-02,189
2024-04-05,SKU-001,DC-02,148
2024-04-06,SKU-001,DC-02,75
2024-04-07,SKU-001,DC-02,178
2024-04-08,SKU-001,DC-02,337
2024-04-09,SKU-001,DC-02,335
2024-04-10,SKU-001,DC-02,301
2024-04-11,SKU-001,DC-02,238
2024-04-12,SKU-001,DC-02,304
2024-04-13,SKU-001,DC-02,59
2024-04-14,SKU-001,DC-02,64
2024-04-15,SKU-001,DC-02,232
2024-04-16,SKU-001,DC-02,445
2024-04-17,SKU-001,DC-02,220
2024-04-18,SKU-001,DC-02,154
2024-04-19,SKU-001,DC-02,303
2024-04-20,SKU-001,DC-02,177
2024-04-21,SKU-001,DC-02,123
2024-04-22,SKU-001,DC-02,93
2024-04-23,SKU-001,DC-02,269
2024-04-24,SKU-001,DC-02,241
2024-04-25,SKU-001,DC-02,242
2024-04-26,SKU-001,DC-02,90
2024-04-27,SKU-001,DC-02,97
2024-04-28,SKU-001,DC-02,70
2024-04-29,SKU-001,DC-02,241
2024-04-30,SKU-001,DC-02,453
2024-05-01,SKU-001,DC-02,359
2024-05-02,SKU-001,DC-02,423
2024-05-03,SKU-001,DC-02,380
2024-05-04,SKU-001,DC-02,85
2024-05-05,SKU-001,DC-02,115
2024-05-06,SKU-001,DC-02,179
2024-05-07,SKU-001,DC-02,81
2024-05-08,SKU-001,DC-02,91
2024-05-09,SKU-001,DC-02,218
2024-05-10,SKU-001,DC-02,141
2024-05-11,SKU-001,DC-02,112
2024-05-12,SKU-001,DC-02,107
2024-05-13,SKU-001,DC-02,169
2024-05-14,SKU-001,DC-02,278
2024-05-15,SKU-001,DC-02,285
2024-05-16,SKU-001,DC-02,325
2024-05-17,SKU-001,DC-02,248
2024-05-18,SKU-001,DC-02,184
2024-05-19,SKU-001,DC-02,80
2024-05-20,SKU-001,DC-02,275
2024-05-21,SKU-001,DC-02,185
2024-05-22,SKU-001,DC-02,204
2024-05-23,SKU-001,DC-02,204
2024-05-24,SKU-001,DC-02,208
2024-05-25,SKU-001,DC-02,26
2024-05-26,SKU-001,DC-02,91
2024-05-27,SKU-001,DC-02,209
2024-05-28,SKU-001,DC-02,172
2024-05-29,SKU-001,DC-02,172
2024-05-30,SKU-001,DC-02,191
2024-05-31,SKU-001,DC-02,132
2024-06-01,SKU-001,DC-02,162
2024-06-02,SKU-001,DC-02,67
2024-06-03,SKU-001,DC-02,141
2024-06-04,SKU-001,DC-02,247
2024-06-05,SKU-001,DC-02,114
2024-06-06,SKU-001,DC-02,139
2024-06-07,SKU-001,DC-02,146
2024-06-08,SKU-001,DC-02,158
2024-06-09,SKU-001,DC-02,180
2024-06-10,SKU-001,DC-02,217
2024-06-11,SKU-001,DC-02,68
2024-06-12,SKU-001,DC-02,189
2024-06-13,SKU-001,DC-02,173
2024-06-14,SKU-001,DC-02,275
2024-06-15,SKU-001,DC-02,179
2024-06-16,SKU-001,DC-02,91
2024-06-17,SKU-001,DC-02,175
2024-06-18,SKU-001,DC-02,125
2024-06-19,SKU-001,DC-02,148
2024-06-20,SKU-001,DC-02,115
2024-06-21,SKU-001,DC-02,178
2024-06-22,SKU-001,DC-02,82
2024-06-23,SKU-001,DC-02,130
2024-06-24,SKU-001,DC-02,151
2024-06-25,SKU-001,DC-02,76
2024-06-26,SKU-001,DC-02,243
2024-06-27,SKU-001,DC-02,384
2024-06-28,SKU-001,DC-02,173
2024-06-29,SKU-001,DC-02,58
2024-06-30,SKU-001,DC-02,130
2024-07-01,SKU-001,DC-02,98
2024-07-02,SKU-001,DC-02,164
2024-07-03,SKU-001,DC-02,219
2024-07-04,SKU-001,DC-02,243
2024-07-05,SKU-001,DC-02,81
2024-07-06,SKU-001,DC-02,111
2024-07-07,SKU-001,DC-02,109
2024-07-08,SKU-001,DC-02,206
2024-07-09,SKU-001,DC-02,159
2024-07-10,SKU-001,DC-02,177
2024-07-11,SKU-001,DC-02,345
2024-07-12,SKU-001,DC-02,275
2024-07-13,SKU-001,DC-02,69
2024-07-14,SKU-001,DC-02,83
2024-07-15,SKU-001,DC-02,279
2024-07-16,SKU-001,DC-02,286
2024-07-17,SKU-001,DC-02,136
2024-07-18,SKU-001,DC-02,282
2024-07-19,SKU-001,DC-02,423
2024-07-20,SKU-001,DC-02,123
2024-07-21,SKU-001,DC-02,152
2024-07-22,SKU-001,DC-02,262
2024-07-23,SKU-001,DC-02,53
2024-07-24,SKU-001,DC-02,171
2024-07-25,SKU-001,DC-02,259
2024-07-26,SKU-001,DC-02,158
2024-07-27,SKU-001,DC-02,93
2024-07-28,SKU-001,DC-02,135
2024-07-29,SKU-001,DC-02,199
2024-07-30,SKU-001,DC-02,316
2024-07-31,SKU-001,DC-02,244
2024-08-01,SKU-001,DC-02,204
2024-08-02,SKU-001,DC-02,213
2024-08-03,SKU-001,DC-02,28
2024-08-04,SKU-001,DC-02,78
2024-08-05,SKU-001,DC-02,106
2024-08-06,SKU-001,DC-02,65
2024-08-07,SKU-001,DC-02,284
2024-08-08,SKU-001,DC-02,231
2024-08-09,SKU-001,DC-02,206
2024-08-10,SKU-001,DC-02,228
2024-08-11,SKU-001,DC-02,115
2024-08-12,SKU-001,DC-02,203
2024-08-13,SKU-001,DC-02,106
2024-08-14,SKU-001,DC-02,143
2024-08-15,SKU-001,DC-02,131
2024-08-16,SKU-001,DC-02,360
2024-08-17,SKU-001,DC-02,146
2024-08-18,SKU-001,DC-02,271
2024-08-19,SKU-001,DC-02,251
2024-08-20,SKU-001,DC-02,88
2024-08-21,SKU-001,DC-02,52
2024-08-22,SKU-001,DC-02,137
2024-08-23,SKU-001,DC-02,214
2024-08-24,SKU-001,DC-02,72
2024-08-25,SKU-001,DC-02,54
2024-08-26,SKU-001,DC-02,176
2024-08-27,SKU-001,DC-02,130
2024-08-28,SKU-001,DC-02,80
2024-08-29,SKU-001,DC-02,188
2024-08-30,SKU-001,DC-02,184
2024-08-31,SKU-001,DC-02,126
2024-09-01,SKU-001,DC-02,85
2024-09-02,SKU-001,DC-02,281
2024-09-03,SKU-001,DC-02,253
2024-09-04,SKU-001,DC-02,144
2024-09-05,SKU-001,DC-02,457
2024-09-06,SKU-001,DC-02,289
2024-09-07,SKU-001,DC-02,123
2024-09-08,SKU-001,DC-02,226
2024-09-09,SKU-001,DC-02,168
2024-09-10,SKU-001,DC-02,207
2024-09-11,SKU-001,DC-02,375
2024-09-12,SKU-001,DC-02,294
2024-09-13,SKU-001,DC-02,117
2024-09-14,SKU-001,DC-02,87
2024-09-15,SKU-001,DC-02,71
2024-09-16,SKU-001,DC-02,229
2024-09-17,SKU-001,DC-02,95
2024-09-18,SKU-001,DC-02,283
2024-09-19,SKU-001,DC-02,325
2024-09-20,SKU-001,DC-02,145
2024-09-21,SKU-001,DC-02,232
2024-09-22,SKU-001,DC-02,109
2024-09-23,SKU-001,DC-02,242
2024-09-24,SKU-001,DC-02,257
2024-09-25,SKU-001,DC-02,340
2024-09-26,SKU-001,DC-02,282
2024-09-27,SKU-001,DC-02,335
2024-09-28,SKU-001,DC-02,140
2024-09-29,SKU-001,DC-02,119
2024-09-30,SKU-001,DC-02,229
2024-10-01,SKU-001,DC-02,106
2024-10-02,SKU-001,DC-02,227
2024-10-03,SKU-001,DC-02,323
2024-10-04,SKU-001,DC-02,375
2024-10-05,SKU-001,DC-02,211
2024-10-06,SKU-001,DC-02,156
2024-10-07,SKU-001,DC-02,211
2024-10-08,SKU-001,DC-02,98
2024-10-09,SKU-001,DC-02,362
2024-10-10,SKU-001,DC-02,239
2024-10-11,SKU-001,DC-02,162
2024-10-12,SKU-001,DC-02,161
2024-10-13,SKU-001,DC-02,145
2024-10-14,SKU-001,DC-02,185
2024-10-15,SKU-001,DC-02,295
2024-10-16,SKU-001,DC-02,145
2024-10-17,SKU-001,DC-02,261
2024-10-18,SKU-001,DC-02,364
2024-10-19,SKU-001,DC-02,101
2024-10-20,SKU-001,DC-02,222
2024-10-21,SKU-001,DC-02,264
2024-10-22,SKU-001,DC-02,232
2024-10-23,SKU-001,DC-02,215
2024-10-24,SKU-001,DC-02,214
2024-10-25,SKU-001,DC-02,111
2024-10-26,SKU-001,DC-02,205
2024-10-27,SKU-001,DC-02,186
2024-10-28,SKU-001,DC-02,123
2024-10-29,SKU-001,DC-02,393
2024-10-30,SKU-001,DC-02,202
2024-10-31,SKU-001,DC-02,227
2024-11-01,SKU-001,DC-02,226
2024-11-02,SKU-001,DC-02,171
2024-11-03,SKU-001,DC-02,102
2024-11-04,SKU-001,DC-02,525
2024-11-05,SKU-001,DC-02,160
2024-11-06,SKU-001,DC-02,323
2024-11-07,SKU-001,DC-02,484
2024-11-08,SKU-001,DC-02,237
2024-11-09,SKU-001,DC-02,328
2024-11-10,SKU-001,DC-02,79
2024-11-11,SKU-001,DC-02,265
2024-11-12,SKU-001,DC-02,304
2024-11-13,SKU-001,DC-02,333
2024-11-14,SKU-001,DC-02,399
2024-11-15,SKU-001,DC-02,339
2024-11-16,SKU-001,DC-02,152
2024-11-17,SKU-001,DC-02,210
2024-11-18,SKU-001,DC-02,155
2024-11-19,SKU-001,DC-02,309
2024-11-20,SKU-001,DC-02,217
2024-11-21,SKU-001,DC-02,399
2024-11-22,SKU-001,DC-02,304
2024-11-23,SKU-001,DC-02,126
2024-11-24,SKU-001,DC-02,165
2024-11-25,SKU-001,DC-02,607
2024-11-26,SKU-001,DC-02,249
2024-11-27,SKU-001,DC-02,285
2024-11-28,SKU-001,DC-02,379
2024-11-29,SKU-001,DC-02,233
2024-11-30,SKU-001,DC-02,308
2024-12-01,SKU-001,DC-02,218
2024-12-02,SKU-001,DC-02,432
2024-12-03,SKU-001,DC-02,703
2024-12-04,SKU-001,DC-02,226
2024-12-05,SKU-001,DC-02,144
2024-12-06,SKU-001,DC-02,318
2024-12-07,SKU-001,DC-02,151
2024-12-08,SKU-001,DC-02,161
2024-12-09,SKU-001,DC-02,267
2024-12-10,SKU-001,DC-02,357
2024-12-11,SKU-001,DC-02,372
2024-12-12,SKU-001,DC-02,247
2024-12-13,SKU-001,DC-02,169
2024-12-14,SKU-001,DC-02,246
2024-12-15,SKU-001,DC-02,69
2024-12-16,SKU-001,DC-02,212
2024-12-17,SKU-001,DC-02,228
2024-12-18,SKU-001,DC-02,284
2024-12-19,SKU-001,DC-02,283
2024-12-20,SKU-001,DC-02,476
2024-12-21,SKU-001,DC-02,141
2024-12-22,SKU-001,DC-02,101
2024-12-23,SKU-001,DC-02,157
2024-12-24,SKU-001,DC-02,241
2024-12-25,SKU-001,DC-02,215
2024-12-26,SKU-001,DC-02,275
2024-12-27,SKU-001,DC-02,226
2024-12-28,SKU-001,DC-02,109
2024-12-29,SKU-001,DC-02,224
2024-12-30,SKU-001,DC-02,509
2024-12-31,SKU-001,DC-02,158
2023-01-01,SKU-001,DC-03,104
2023-01-02,SKU-001,DC-03,112
2023-01-03,SKU-001,DC-03,173
2023-01-04,SKU-001,DC-03,369
2023-01-05,SKU-001,DC-03,81
2023-01-06,SKU-001,DC-03,338
2023-01-07,SKU-001,DC-03,37
2023-01-08,SKU-001,DC-03,82
2023-01-09,SKU-001,DC-03,309
2023-01-10,SKU-001,DC-03,234
2023-01-11,SKU-001,DC-03,250
2023-01-12,SKU-001,DC-03,200
2023-01-13,SKU-001,DC-03,161
2023-01-14,SKU-001,DC-03,61
2023-01-15,SKU-001,DC-03,219
2023-01-16,SKU-001,DC-03,98
2023-01-17,SKU-001,DC-03,102
2023-01-18,SKU-001,DC-03,271
2023-01-19,SKU-001,DC-03,254
2023-01-20,SKU-001,DC-03,216
2023-01-21,SKU-001,DC-03,96
2023-01-22,SKU-001,DC-03,81
2023-01-23,SKU-001,DC-03,286
2023-01-24,SKU-001,DC-03,261
2023-01-25,SKU-001,DC-03,240
2023-01-26,SKU-001,DC-03,146
2023-01-27,SKU-001,DC-03,322
2023-01-28,SKU-001,DC-03,132
2023-01-29,SKU-001,DC-03,317
2023-01-30,SKU-001,DC-03,229
2023-01-31,SKU-001,DC-03,366
2023-02-01,SKU-001,DC-03,172
2023-02-02,SKU-001,DC-03,122
2023-02-03,SKU-001,DC-03,314
2023-02-04,SKU-001,DC-03,107
2023-02-05,SKU-001,DC-03,105
2023-02-06,SKU-001,DC-03,159
2023-02-07,SKU-001,DC-03,158
2023-02-08,SKU-001,DC-03,411
2023-02-09,SKU-001,DC-03,189
2023-02-10,SKU-001,DC-03,239
2023-02-11,SKU-001,DC-03,103
2023-02-12,SKU-001,DC-03,106
2023-02-13,SKU-001,DC-03,577
2023-02-14,SKU-001,DC-03,222
2023-02-15,SKU-001,DC-03,136
2023-02-16,SKU-001,DC-03,204
2023-02-17,SKU-001,DC-03,199
2023-02-18,SKU-001,DC-03,82
2023-02-19,SKU-001,DC-03,173
2023-02-20,SKU-001,DC-03,308
2023-02-21,SKU-001,DC-03,219
2023-02-22,SKU-001,DC-03,148
2023-02-23,SKU-001,DC-03,228
2023-02-24,SKU-001,DC-03,213
2023-02-25,SKU-001,DC-03,166
2023-02-26,SKU-001,DC-03,121
2023-02-27,SKU-001,DC-03,314
2023-02-28,SKU-001,DC-03,336
2023-03-01,SKU-001,DC-03,187
2023-03-02,SKU-001,DC-03,255
2023-03-03,SKU-001,DC-03,315
2023-03-04,SKU-001,DC-03,105
2023-03-05,SKU-001,DC-03,100
2023-03-06,SKU-001,DC-03,196
2023-03-07,SKU-001,DC-03,214
2023-03-08,SKU-001,DC-03,266
2023-03-09,SKU-001,DC-03,113
2023-03-10,SKU-001,DC-03,138
2023-03-11,SKU-001,DC-03,166
2023-03-12,SKU-001,DC-03,171
2023-03-13,SKU-001,DC-03,182
2023-03-14,SKU-001,DC-03,111
2023-03-15,SKU-001,DC-03,256
2023-03-16,SKU-001,DC-03,325
2023-03-17,SKU-001,DC-03,204
2023-03-18,SKU-001,DC-03,134
2023-03-19,SKU-001,DC-03,66
2023-03-20,SKU-001,DC-03,48
2023-03-21,SKU-001,DC-03,73
2023-03-22,SKU-001,DC-03,192
2023-03-23,SKU-001,DC-03,133
2023-03-24,SKU-001,DC-03,100
2023-03-25,SKU-001,DC-03,313
2023-03-26,SKU-001,DC-03,79
2023-03-27,SKU-001,DC-03,52
2023-03-28,SKU-001,DC-03,84
2023-03-29,SKU-001,DC-03,219
2023-03-30,SKU-001,DC-03,180
2023-03-31,SKU-001,DC-03,239
2023-04-01,SKU-001,DC-03,113
2023-04-02,SKU-001,DC-03,121
2023-04-03,SKU-001,DC-03,254
2023-04-04,SKU-001,DC-03,173
2023-04-05,SKU-001,DC-03,90
2023-04-06,SKU-001,DC-03,44
2023-04-07,SKU-001,DC-03,74
2023-04-08,SKU-001,DC-03,48
2023-04-09,SKU-001,DC-03,130
2023-04-10,SKU-001,DC-03,68
2023-04-11,SKU-001,DC-03,198
2023-04-12,SKU-001,DC-03,459
2023-04-13,SKU-001,DC-03,230
2023-04-14,SKU-001,DC-03,266
2023-04-15,SKU-001,DC-03,306
2023-04-16,SKU-001,DC-03,63
2023-04-17,SKU-001,DC-03,209
2023-04-18,SKU-001,DC-03,430
2023-04-19,SKU-001,DC-03,147
2023-04-20,SKU-001,DC-03,214
2023-04-21,SKU-001,DC-03,295
2023-04-22,SKU-001,DC-03,132
2023-04-23,SKU-001,DC-03,32
2023-04-24,SKU-001,DC-03,110
2023-04-25,SKU-001,DC-03,197
2023-04-26,SKU-001,DC-03,192
2023-04-27,SKU-001,DC-03,231
2023-04-28,SKU-001,DC-03,173
2023-04-29,SKU-001,DC-03,58
2023-04-30,SKU-001,DC-03,67
2023-05-01,SKU-001,DC-03,147
2023-05-02,SKU-001,DC-03,166
2023-05-03,SKU-001,DC-03,172
2023-05-04,SKU-001,DC-03,254
2023-05-05,SKU-001,DC-03,183
2023-05-06,SKU-001,DC-03,53
2023-05-07,SKU-001,DC-03,61
2023-05-08,SKU-001,DC-03,262
2023-05-09,SKU-001,DC-03,63
2023-05-10,SKU-001,DC-03,70
2023-05-11,SKU-001,DC-03,178
2023-05-12,SKU-001,DC-03,249
2023-05-13,SKU-001,DC-03,89
2023-05-14,SKU-001,DC-03,89
2023-05-15,SKU-001,DC-03,208
2023-05-16,SKU-001,DC-03,222
2023-05-17,SKU-001,DC-03,97
2023-05-18,SKU-001,DC-03,90
2023-05-19,SKU-001,DC-03,83
2023-05-20,SKU-001,DC-03,72
2023-05-21,SKU-001,DC-03,13
2023-05-22,SKU-001,DC-03,185
2023-05-23,SKU-001,DC-03,98
2023-05-24,SKU-001,DC-03,225
2023-05-25,SKU-001,DC-03,82
2023-05-26,SKU-001,DC-03,254
2023-05-27,SKU-001,DC-03,15
2023-05-28,SKU-001,DC-03,99
2023-05-29,SKU-001,DC-03,87
2023-05-30,SKU-001,DC-03,217
2023-05-31,SKU-001,DC-03,291
2023-06-01,SKU-001,DC-03,121
2023-06-02,SKU-001,DC-03,68
2023-06-03,SKU-001,DC-03,111
2023-06-04,SKU-001,DC-03,255
2023-06-05,SKU-001,DC-03,387
2023-06-06,SKU-001,DC-03,324
2023-06-07,SKU-001,DC-03,192
2023-06-08,SKU-001,DC-03,407
2023-06-09,SKU-001,DC-03,173
2023-06-10,SKU-001,DC-03,124
2023-06-11,SKU-001,DC-03,133
2023-06-12,SKU-001,DC-03,526
2023-06-13,SKU-001,DC-03,226
2023-06-14,SKU-001,DC-03,66
2023-06-15,SKU-001,DC-03,168
2023-06-16,SKU-001,DC-03,163
2023-06-17,SKU-001,DC-03,60
2023-06-18,SKU-001,DC-03,56
2023-06-19,SKU-001,DC-03,131
2023-06-20,SKU-001,DC-03,170
2023-06-21,SKU-001,DC-03,68
2023-06-22,SKU-001,DC-03,114
2023-06-23,SKU-001,DC-03,200
2023-06-24,SKU-001,DC-03,47
2023-06-25,SKU-001,DC-03,82
2023-06-26,SKU-001,DC-03,137
2023-06-27,SKU-001,DC-03,252
2023-06-28,SKU-001,DC-03,123
2023-06-29,SKU-001,DC-03,123
2023-06-30,SKU-001,DC-03,361
2023-07-01,SKU-001,DC-03,68
2023-07-02,SKU-001,DC-03,56
2023-07-03,SKU-001,DC-03,87
2023-07-04,SKU-001,DC-03,138
2023-07-05,SKU-001,DC-03,88
2023-07-06,SKU-001,DC-03,60
2023-07-07,SKU-001,DC-03,271
2023-07-08,SKU-001,DC-03,92
2023-07-09,SKU-001,DC-03,87
2023-07-10,SKU-001,DC-03,88
2023-07-11,SKU-001,DC-03,103
2023-07-12,SKU-001,DC-03,212
2023-07-13,SKU-001,DC-03,135
2023-07-14,SKU-001,DC-03,73
2023-07-15,SKU-001,DC-03,31
2023-07-16,SKU-001,DC-03,114
2023-07-17,SKU-001,DC-03,139
2023-07-18,SKU-001,DC-03,127
2023-07-19,SKU-001,DC-03,115
2023-07-20,SKU-001,DC-03,134
2023-07-21,SKU-001,DC-03,250
2023-07-22,SKU-001,DC-03,47
2023-07-23,SKU-001,DC-03,151
2023-07-24,SKU-001,DC-03,154
2023-07-25,SKU-001,DC-03,293
2023-07-26,SKU-001,DC-03,156
2023-07-27,SKU-001,DC-03,227
2023-07-28,SKU-001,DC-03,100
2023-07-29,SKU-001,DC-03,88
2023-07-30,SKU-001,DC-03,95
2023-07-31,SKU-001,DC-03,126
2023-08-01,SKU-001,DC-03,56
2023-08-02,SKU-001,DC-03,167
2023-08-03,SKU-001,DC-03,115
2023-08-04,SKU-001,DC-03,148
2023-08-05,SKU-001,DC-03,95
2023-08-06,SKU-001,DC-03,220
2023-08-07,SKU-001,DC-03,207
2023-08-08,SKU-001,DC-03,87
2023-08-09,SKU-001,DC-03,163
2023-08-10,SKU-001,DC-03,185
2023-08-11,SKU-001,DC-03,234
2023-08-12,SKU-001,DC-03,109
2023-08-13,SKU-001,DC-03,61
2023-08-14,SKU-001,DC-03,88
2023-08-15,SKU-001,DC-03,240
2023-08-16,SKU-001,DC-03,111
2023-08-17,SKU-001,DC-03,158
2023-08-18,SKU-001,DC-03,42
2023-08-19,SKU-001,DC-03,26
2023-08-20,SKU-001,DC-03,44
2023-08-21,SKU-001,DC-03,163
2023-08-22,SKU-001,DC-03,212
2023-08-23,SKU-001,DC-03,148
2023-08-24,SKU-001,DC-03,103
2023-08-25,SKU-001,DC-03,180
2023-08-26,SKU-001,DC-03,81
2023-08-27,SKU-001,DC-03,63
2023-08-28,SKU-001,DC-03,175
2023-08-29,SKU-001,DC-03,222
2023-08-30,SKU-001,DC-03,251
2023-08-31,SKU-001,DC-03,100
2023-09-01,SKU-001,DC-03,163
2023-09-02,SKU-001,DC-03,178
2023-09-03,SKU-001,DC-03,129
2023-09-04,SKU-001,DC-03,188
2023-09-05,SKU-001,DC-03,134
2023-09-06,SKU-001,DC-03,119
2023-09-07,SKU-001,DC-03,80
2023-09-08,SKU-001,DC-03,63
2023-09-09,SKU-001,DC-03,130
2023-09-10,SKU-001,DC-03,113
2023-09-11,SKU-001,DC-03,120
2023-09-12,SKU-001,DC-03,92
2023-09-13,SKU-001,DC-03,290
2023-09-14,SKU-001,DC-03,216
2023-09-15,SKU-001,DC-03,204
2023-09-16,SKU-001,DC-03,29
2023-09-17,SKU-001,DC-03,20
2023-09-18,SKU-001,DC-03,144
2023-09-19,SKU-001,DC-03,162
2023-09-20,SKU-001,DC-03,164
2023-09-21,SKU-001,DC-03,128
2023-09-22,SKU-001,DC-03,87
2023-09-23,SKU-001,DC-03,89
2023-09-24,SKU-001,DC-03,68
2023-09-25,SKU-001,DC-03,136
2023-09-26,SKU-001,DC-03,229
2023-09-27,SKU-001,DC-03,129
2023-09-28,SKU-001,DC-03,127
2023-09-29,SKU-001,DC-03,170
2023-09-30,SKU-001,DC-03,70
2023-10-01,SKU-001,DC-03,172
2023-10-02,SKU-001,DC-03,177
2023-10-03,SKU-001,DC-03,197
2023-10-04,SKU-001,DC-03,266
2023-10-05,SKU-001,DC-03,180
2023-10-06,SKU-001,DC-03,189
2023-10-07,SKU-001,DC-03,75
2023-10-08,SKU-001,DC-03,81
2023-10-09,SKU-001,DC-03,57
2023-10-10,SKU-001,DC-03,231
2023-10-11,SKU-001,DC-03,308
2023-10-12,SKU-001,DC-03,420
2023-10-13,SKU-001,DC-03,138
2023-10-14,SKU-001,DC-03,189
2023-10-15,SKU-001,DC-03,108
2023-10-16,SKU-001,DC-03,250
2023-10-17,SKU-001,DC-03,203
2023-10-18,SKU-001,DC-03,260
2023-10-19,SKU-001,DC-03,278
2023-10-20,SKU-001,DC-03,127
2023-10-21,SKU-001,DC-03,98
2023-10-22,SKU-001,DC-03,116
2023-10-23,SKU-001,DC-03,323
2023-10-24,SKU-001,DC-03,213
2023-10-25,SKU-001,DC-03,248
2023-10-26,SKU-001,DC-03,193
2023-10-27,SKU-001,DC-03,319
2023-10-28,SKU-001,DC-03,72
2023-10-29,SKU-001,DC-03,165
2023-10-30,SKU-001,DC-03,507
2023-10-31,SKU-001,DC-03,182
2023-11-01,SKU-001,DC-03,253
2023-11-02,SKU-001,DC-03,351
2023-11-03,SKU-001,DC-03,258
2023-11-04,SKU-001,DC-03,131
2023-11-05,SKU-001,DC-03,181
2023-11-06,SKU-001,DC-03,120
2023-11-07,SKU-001,DC-03,252
2023-11-08,SKU-001,DC-03,190
2023-11-09,SKU-001,DC-03,118
2023-11-10,SKU-001,DC-03,371
2023-11-11,SKU-001,DC-03,63
2023-11-12,SKU-001,DC-03,76
2023-11-13,SKU-001,DC-03,291
2023-11-14,SKU-001,DC-03,378
2023-11-15,SKU-001,DC-03,167
2023-11-16,SKU-001,DC-03,121
2023-11-17,SKU-001,DC-03,180
2023-11-18,SKU-001,DC-03,48
2023-11-19,SKU-001,DC-03,181
2023-11-20,SKU-001,DC-03,256
2023-11-21,SKU-001,DC-03,179
2023-11-22,SKU-001,DC-03,284
2023-11-23,SKU-001,DC-03,195
2023-11-24,SKU-001,DC-03,62
2023-11-25,SKU-001,DC-03,166
2023-11-26,SKU-001,DC-03,143
2023-11-27,SKU-001,DC-03,341
2023-11-28,SKU-001,DC-03,138
2023-11-29,SKU-001,DC-03,237
2023-11-30,SKU-001,DC-03,145
2023-12-01,SKU-001,DC-03,223
2023-12-02,SKU-001,DC-03,133
2023-12-03,SKU-001,DC-03,142
2023-12-04,SKU-001,DC-03,236
2023-12-05,SKU-001,DC-03,506
2023-12-06,SKU-001,DC-03,206
2023-12-07,SKU-001,DC-03,339
2023-12-08,SKU-001,DC-03,114
2023-12-09,SKU-001,DC-03,120
2023-12-10,SKU-001,DC-03,90
2023-12-11,SKU-001,DC-03,197
2023-12-12,SKU-001,DC-03,305
2023-12-13,SKU-001,DC-03,164
2023-12-14,SKU-001,DC-03,263
2023-12-15,SKU-001,DC-03,285
2023-12-16,SKU-001,DC-03,118
2023-12-17,SKU-001,DC-03,105
2023-12-18,SKU-001,DC-03,143
2023-12-19,SKU-001,DC-03,269
2023-12-20,SKU-001,DC-03,241
2023-12-21,SKU-001,DC-03,444
2023-12-22,SKU-001,DC-03,273
2023-12-23,SKU-001,DC-03,47
2023-12-24,SKU-001,DC-03,131
2023-12-25,SKU-001,DC-03,172
2023-12-26,SKU-001,DC-03,321
2023-12-27,SKU-001,DC-03,192
2023-12-28,SKU-001,DC-03,295
2023-12-29,SKU-001,DC-03,278
2023-12-30,SKU-001,DC-03,129
2023-12-31,SKU-001,DC-03,133
2024-01-01,SKU-001,DC-03,141
2024-01-02,SKU-001,DC-03,272
2024-01-03,SKU-001,DC-03,184
2024-01-04,SKU-001,DC-03,90
2024-01-05,SKU-001,DC-03,198
2024-01-06,SKU-001,DC-03,149
2024-01-07,SKU-001,DC-03,117
2024-01-08,SKU-001,DC-03,83
2024-01-09,SKU-001,DC-03,229
2024-01-10,SKU-001,DC-03,123
2024-01-11,SKU-001,DC-03,286
2024-01-12,SKU-001,DC-03,266
2024-01-13,SKU-001,DC-03,147
2024-01-14,SKU-001,DC-03,95
2024-01-15,SKU-001,DC-03,259
2024-01-16,SKU-001,DC-03,158
2024-01-17,SKU-001,DC-03,473
2024-01-18,SKU-001,DC-03,214
2024-01-19,SKU-001,DC-03,232
2024-01-20,SKU-001,DC-03,212
2024-01-21,SKU-001,DC-03,104
2024-01-22,SKU-001,DC-03,531
2024-01-23,SKU-001,DC-03,267
2024-01-24,SKU-001,DC-03,306
2024-01-25,SKU-001,DC-03,420
2024-01-26,SKU-001,DC-03,269
2024-01-27,SKU-001,DC-03,102
2024-01-28,SKU-001,DC-03,107
2024-01-29,SKU-001,DC-03,242
2024-01-30,SKU-001,DC-03,268
2024-01-31,SKU-001,DC-03,177
2024-02-01,SKU-001,DC-03,213
2024-02-02,SKU-001,DC-03,244
2024-02-03,SKU-001,DC-03,144
2024-02-04,SKU-001,DC-03,161
2024-02-05,SKU-001,DC-03,238
2024-02-06,SKU-001,DC-03,417
2024-02-07,SKU-001,DC-03,194
2024-02-08,SKU-001,DC-03,261
2024-02-09,SKU-001,DC-03,350
2024-02-10,SKU-001,DC-03,114
2024-02-11,SKU-001,DC-03,126
2024-02-12,SKU-001,DC-03,238
2024-02-13,SKU-001,DC-03,391
2024-02-14,SKU-001,DC-03,185
2024-02-15,SKU-001,DC-03,361
2024-02-16,SKU-001,DC-03,266
2024-02-17,SKU-001,DC-03,87
2024-02-18,SKU-001,DC-03,157
2024-02-19,SKU-001,DC-03,271
2024-02-20,SKU-001,DC-03,341
2024-02-21,SKU-001,DC-03,204
2024-02-22,SKU-001,DC-03,261
2024-02-23,SKU-001,DC-03,190
2024-02-24,SKU-001,DC-03,181
2024-02-25,SKU-001,DC-03,107
2024-02-26,SKU-001,DC-03,365
2024-02-27,SKU-001,DC-03,295
2024-02-28,SKU-001,DC-03,269
2024-02-29,SKU-001,DC-03,227
2024-03-01,SKU-001,DC-03,414
2024-03-02,SKU-001,DC-03,74
2024-03-03,SKU-001,DC-03,171
2024-03-04,SKU-001,DC-03,242
2024-03-05,SKU-001,DC-03,235
2024-03-06,SKU-001,DC-03,325
2024-03-07,SKU-001,DC-03,351
2024-03-08,SKU-001,DC-03,115
2024-03-09,SKU-001,DC-03,79
2024-03-10,SKU-001,DC-03,66
2024-03-11,SKU-001,DC-03,161
2024-03-12,SKU-001,DC-03,402
2024-03-13,SKU-001,DC-03,343
2024-03-14,SKU-001,DC-03,424
2024-03-15,SKU-001,DC-03,121
2024-03-16,SKU-001,DC-03,185
2024-03-17,SKU-001,DC-03,112
2024-03-18,SKU-001,DC-03,182
2024-03-19,SKU-001,DC-03,310
2024-03-20,SKU-001,DC-03,139
2024-03-21,SKU-001,DC-03,167
2024-03-22,SKU-001,DC-03,123
2024-03-23,SKU-001,DC-03,115
2024-03-24,SKU-001,DC-03,146
2024-03-25,SKU-001,DC-03,132
2024-03-26,SKU-001,DC-03,305
2024-03-27,SKU-001,DC-03,154
2024-03-28,SKU-001,DC-03,91
2024-03-29,SKU-001,DC-03,198
2024-03-30,SKU-001,DC-03,104
2024-03-31,SKU-001,DC-03,99
2024-04-01,SKU-001,DC-03,82
2024-04-02,SKU-001,DC-03,213
2024-04-03,SKU-001,DC-03,122
2024-04-04,SKU-001,DC-03,154
2024-04-05,SKU-001,DC-03,253
2024-04-06,SKU-001,DC-03,110
2024-04-07,SKU-001,DC-03,92
2024-04-08,SKU-001,DC-03,272
2024-04-09,SKU-001,DC-03,439
2024-04-10,SKU-001,DC-03,114
2024-04-11,SKU-001,DC-03,239
2024-04-12,SKU-001,DC-03,147
2024-04-13,SKU-001,DC-03,160
2024-04-14,SKU-001,DC-03,126
2024-04-15,SKU-001,DC-03,101
2024-04-16,SKU-001,DC-03,104
2024-04-17,SKU-001,DC-03,181
2024-04-18,SKU-001,DC-03,271
2024-04-19,SKU-001,DC-03,114
2024-04-20,SKU-001,DC-03,106
2024-04-21,SKU-001,DC-03,48
2024-04-22,SKU-001,DC-03,249
2024-04-23,SKU-001,DC-03,301
2024-04-24,SKU-001,DC-03,256
2024-04-25,SKU-001,DC-03,235
2024-04-26,SKU-001,DC-03,286
2024-04-27,SKU-001,DC-03,80
2024-04-28,SKU-001,DC-03,93
2024-04-29,SKU-001,DC-03,210
2024-04-30,SKU-001,DC-03,244
2024-05-01,SKU-001,DC-03,329
2024-05-02,SKU-001,DC-03,224
2024-05-03,SKU-001,DC-03,327
2024-05-04,SKU-001,DC-03,100
2024-05-05,SKU-001,DC-03,81
2024-05-06,SKU-001,DC-03,137
2024-05-07,SKU-001,DC-03,150
2024-05-08,SKU-001,DC-03,75
2024-05-09,SKU-001,DC-03,101
2024-05-10,SKU-001,DC-03,132
2024-05-11,SKU-001,DC-03,65
2024-05-12,SKU-001,DC-03,39
2024-05-13,SKU-001,DC-03,105
2024-05-14,SKU-001,DC-03,110
2024-05-15,SKU-001,DC-03,289
2024-05-16,SKU-001,DC-03,160
2024-05-17,SKU-001,DC-03,127
2024-05-18,SKU-001,DC-03,43
2024-05-19,SKU-001,DC-03,70
2024-05-20,SKU-001,DC-03,259
2024-05-21,SKU-001,DC-03,176
2024-05-22,SKU-001,DC-03,191
2024-05-23,SKU-001,DC-03,217
2024-05-24,SKU-001,DC-03,285
2024-05-25,SKU-001,DC-03,30
2024-05-26,SKU-001,DC-03,59
2024-05-27,SKU-001,DC-03,252
2024-05-28,SKU-001,DC-03,357
2024-05-29,SKU-001,DC-03,143
2024-05-30,SKU-001,DC-03,205
2024-05-31,SKU-001,DC-03,208
2024-06-01,SKU-001,DC-03,95
2024-06-02,SKU-001,DC-03,88
2024-06-03,SKU-001,DC-03,154
2024-06-04,SKU-001,DC-03,162
2024-06-05,SKU-001,DC-03,129
2024-06-06,SKU-001,DC-03,129
2024-06-07,SKU-001,DC-03,175
2024-06-08,SKU-001,DC-03,59
2024-06-09,SKU-001,DC-03,96
2024-06-10,SKU-001,DC-03,135
2024-06-11,SKU-001,DC-03,75
2024-06-12,SKU-001,DC-03,95
2024-06-13,SKU-001,DC-03,53
2024-06-14,SKU-001,DC-03,149
2024-06-15,SKU-001,DC-03,128
2024-06-16,SKU-001,DC-03,59
2024-06-17,SKU-001,DC-03,165
2024-06-18,SKU-001,DC-03,78
2024-06-19,SKU-001,DC-03,246
2024-06-20,SKU-001,DC-03,89
2024-06-21,SKU-001,DC-03,126
2024-06-22,SKU-001,DC-03,85
2024-06-23,SKU-001,DC-03,67
2024-06-24,SKU-001,DC-03,192
2024-06-25,SKU-001,DC-03,127
2024-06-26,SKU-001,DC-03,148
2024-06-27,SKU-001,DC-03,113
2024-06-28,SKU-001,DC-03,53
2024-06-29,SKU-001,DC-03,42
2024-06-30,SKU-001,DC-03,155
2024-07-01,SKU-001,DC-03,89
2024-07-02,SKU-001,DC-03,163
2024-07-03,SKU-001,DC-03,218
2024-07-04,SKU-001,DC-03,219
2024-07-05,SKU-001,DC-03,176
2024-07-06,SKU-001,DC-03,175
2024-07-07,SKU-001,DC-03,31
2024-07-08,SKU-001,DC-03,112
2024-07-09,SKU-001,DC-03,198
2024-07-10,SKU-001,DC-03,81
2024-07-11,SKU-001,DC-03,183
2024-07-12,SKU-001,DC-03,314
2024-07-13,SKU-001,DC-03,107
2024-07-14,SKU-001,DC-03,117
2024-07-15,SKU-001,DC-03,97
2024-07-16,SKU-001,DC-03,113
2024-07-17,SKU-001,DC-03,161
2024-07-18,SKU-001,DC-03,177
2024-07-19,SKU-001,DC-03,173
2024-07-20,SKU-001,DC-03,54
2024-07-21,SKU-001,DC-03,160
2024-07-22,SKU-001,DC-03,142
2024-07-23,SKU-001,DC-03,224
2024-07-24,SKU-001,DC-03,233
2024-07-25,SKU-001,DC-03,168
2024-07-26,SKU-001,DC-03,95
2024-07-27,SKU-001,DC-03,102
2024-07-28,SKU-001,DC-03,75
2024-07-29,SKU-001,DC-03,138
2024-07-30,SKU-001,DC-03,144
2024-07-31,SKU-001,DC-03,193
2024-08-01,SKU-001,DC-03,179
2024-08-02,SKU-001,DC-03,211
2024-08-03,SKU-001,DC-03,58
2024-08-04,SKU-001,DC-03,87
2024-08-05,SKU-001,DC-03,194
2024-08-06,SKU-001,DC-03,245
2024-08-07,SKU-001,DC-03,187
2024-08-08,SKU-001,DC-03,150
2024-08-09,SKU-001,DC-03,156
2024-08-10,SKU-001,DC-03,58
2024-08-11,SKU-001,DC-03,237
2024-08-12,SKU-001,DC-03,108
2024-08-13,SKU-001,DC-03,123
2024-08-14,SKU-001,DC-03,176
2024-08-15,SKU-001,DC-03,140
2024-08-16,SKU-001,DC-03,47
2024-08-17,SKU-001,DC-03,83
2024-08-18,SKU-001,DC-03,80
2024-08-19,SKU-001,DC-03,62
2024-08-20,SKU-001,DC-03,157
2024-08-21,SKU-001,DC-03,110
2024-08-22,SKU-001,DC-03,104
2024-08-23,SKU-001,DC-03,124
2024-08-24,SKU-001,DC-03,101
2024-08-25,SKU-001,DC-03,120
2024-08-26,SKU-001,DC-03,150
2024-08-27,SKU-001,DC-03,155
2024-08-28,SKU-001,DC-03,97
2024-08-29,SKU-001,DC-03,210
2024-08-30,SKU-001,DC-03,253
2024-08-31,SKU-001,DC-03,92
2024-09-01,SKU-001,DC-03,131
2024-09-02,SKU-001,DC-03,234
2024-09-03,SKU-001,DC-03,76
2024-09-04,SKU-001,DC-03,130
2024-09-05,SKU-001,DC-03,265
2024-09-06,SKU-001,DC-03,294
2024-09-07,SKU-001,DC-03,116
2024-09-08,SKU-001,DC-03,154
2024-09-09,SKU-001,DC-03,225
2024-09-10,SKU-001,DC-03,260
2024-09-11,SKU-001,DC-03,221
2024-09-12,SKU-001,DC-03,165
2024-09-13,SKU-001,DC-03,174
2024-09-14,SKU-001,DC-03,46
2024-09-15,SKU-001,DC-03,108
2024-09-16,SKU-001,DC-03,108
2024-09-17,SKU-001,DC-03,293
2024-09-18,SKU-001,DC-03,99
2024-09-19,SKU-001,DC-03,187
2024-09-20,SKU-001,DC-03,132
2024-09-21,SKU-001,DC-03,90
2024-09-22,SKU-001,DC-03,167
2024-09-23,SKU-001,DC-03,143
2024-09-24,SKU-001,DC-03,172
2024-09-25,SKU-001,DC-03,218
2024-09-26,SKU-001,DC-03,198
2024-09-27,SKU-001,DC-03,193
2024-09-28,SKU-001,DC-03,107
2024-09-29,SKU-001,DC-03,101
2024-09-30,SKU-001,DC-03,187
2024-10-01,SKU-001,DC-03,91
2024-10-02,SKU-001,DC-03,262
2024-10-03,SKU-001,DC-03,124
2024-10-04,SKU-001,DC-03,125
2024-10-05,SKU-001,DC-03,104
2024-10-06,SKU-001,DC-03,72
2024-10-07,SKU-001,DC-03,235
2024-10-08,SKU-001,DC-03,203
2024-10-09,SKU-001,DC-03,191
2024-10-10,SKU-001,DC-03,370
2024-10-11,SKU-001,DC-03,218
2024-10-12,SKU-001,DC-03,125
2024-10-13,SKU-001,DC-03,142
2024-10-14,SKU-001,DC-03,319
2024-10-15,SKU-001,DC-03,158
2024-10-16,SKU-001,DC-03,357
2024-10-17,SKU-001,DC-03,299
2024-10-18,SKU-001,DC-03,141
2024-10-19,SKU-001,DC-03,297
2024-10-20,SKU-001,DC-03,107
2024-10-21,SKU-001,DC-03,451
2024-10-22,SKU-001,DC-03,287
2024-10-23,SKU-001,DC-03,298
2024-10-24,SKU-001,DC-03,182
2024-10-25,SKU-001,DC-03,429
2024-10-26,SKU-001,DC-03,64
2024-10-27,SKU-001,DC-03,149
2024-10-28,SKU-001,DC-03,225
2024-10-29,SKU-001,DC-03,414
2024-10-30,SKU-001,DC-03,120
2024-10-31,SKU-001,DC-03,319
2024-11-01,SKU-001,DC-03,187
2024-11-02,SKU-001,DC-03,200
2024-11-03,SKU-001,DC-03,299
2024-11-04,SKU-001,DC-03,371
2024-11-05,SKU-001,DC-03,257
2024-11-06,SKU-001,DC-03,235
2024-11-07,SKU-001,DC-03,298
2024-11-08,SKU-001,DC-03,372
2024-11-09,SKU-001,DC-03,134
2024-11-10,SKU-001,DC-03,109
2024-11-11,SKU-001,DC-03,375
2024-11-12,SKU-001,DC-03,300
2024-11-13,SKU-001,DC-03,323
2024-11-14,SKU-001,DC-03,184
2024-11-15,SKU-001,DC-03,504
2024-11-16,SKU-001,DC-03,69
2024-11-17,SKU-001,DC-03,153
2024-11-18,SKU-001,DC-03,241
2024-11-19,SKU-001,DC-03,347
2024-11-20,SKU-001,DC-03,299
2024-11-21,SKU-001,DC-03,280
2024-11-22,SKU-001,DC-03,145
2024-11-23,SKU-001,DC-03,223
2024-11-24,SKU-001,DC-03,66
2024-11-25,SKU-001,DC-03,204
2024-11-26,SKU-001,DC-03,257
2024-11-27,SKU-001,DC-03,145
2024-11-28,SKU-001,DC-03,137
2024-11-29,SKU-001,DC-03,422
2024-11-30,SKU-001,DC-03,84
2024-12-01,SKU-001,DC-03,159
2024-12-02,SKU-001,DC-03,387
2024-12-03,SKU-001,DC-03,220
2024-12-04,SKU-001,DC-03,156
2024-12-05,SKU-001,DC-03,62
2024-12-06,SKU-001,DC-03,97
2024-12-07,SKU-001,DC-03,129
2024-12-08,SKU-001,DC-03,185
2024-12-09,SKU-001,DC-03,82
2024-12-10,SKU-001,DC-03,410
2024-12-11,SKU-001,DC-03,420
2024-12-12,SKU-001,DC-03,368
2024-12-13,SKU-001,DC-03,357
2024-12-14,SKU-001,DC-03,133
2024-12-15,SKU-001,DC-03,131
2024-12-16,SKU-001,DC-03,165
2024-12-17,SKU-001,DC-03,388
2024-12-18,SKU-001,DC-03,146
2024-12-19,SKU-001,DC-03,155
2024-12-20,SKU-001,DC-03,296
2024-12-21,SKU-001,DC-03,160
2024-12-22,SKU-001,DC-03,84
2024-12-23,SKU-001,DC-03,424
2024-12-24,SKU-001,DC-03,378
2024-12-25,SKU-001,DC-03,320
2024-12-26,SKU-001,DC-03,383
2024-12-27,SKU-001,DC-03,151
2024-12-28,SKU-001,DC-03,117
2024-12-29,SKU-001,DC-03,226
2024-12-30,SKU-001,DC-03,267
2024-12-31,SKU-001,DC-03,114
2023-01-01,SKU-001,DC-04,85
2023-01-02,SKU-001,DC-04,60
2023-01-03,SKU-001,DC-04,386
2023-01-04,SKU-001,DC-04,197
2023-01-05,SKU-001,DC-04,180
2023-01-06,SKU-001,DC-04,159
2023-01-07,SKU-001,DC-04,149
2023-01-08,SKU-001,DC-04,45
2023-01-09,SKU-001,DC-04,153
2023-01-10,SKU-001,DC-04,221
2023-01-11,SKU-001,DC-04,80
2023-01-12,SKU-001,DC-04,86
2023-01-13,SKU-001,DC-04,56
2023-01-14,SKU-001,DC-04,104
2023-01-15,SKU-001,DC-04,93
2023-01-16,SKU-001,DC-04,236
2023-01-17,SKU-001,DC-04,127
2023-01-18,SKU-001,DC-04,145
2023-01-19,SKU-001,DC-04,88
2023-01-20,SKU-001,DC-04,272
2023-01-21,SKU-001,DC-04,82
2023-01-22,SKU-001,DC-04,121
2023-01-23,SKU-001,DC-04,429
2023-01-24,SKU-001,DC-04,132
2023-01-25,SKU-001,DC-04,424
2023-01-26,SKU-001,DC-04,159
2023-01-27,SKU-001,DC-04,308
2023-01-28,SKU-001,DC-04,82
2023-01-29,SKU-001,DC-04,175
2023-01-30,SKU-001,DC-04,148
2023-01-31,SKU-001,DC-04,228
2023-02-01,SKU-001,DC-04,375
2023-02-02,SKU-001,DC-04,341
2023-02-03,SKU-001,DC-04,269
2023-02-04,SKU-001,DC-04,85
2023-02-05,SKU-001,DC-04,75
2023-02-06,SKU-001,DC-04,170
2023-02-07,SKU-001,DC-04,145
2023-02-08,SKU-001,DC-04,101
2023-02-09,SKU-001,DC-04,50
2023-02-10,SKU-001,DC-04,238
2023-02-11,SKU-001,DC-04,45
2023-02-12,SKU-001,DC-04,66
2023-02-13,SKU-001,DC-04,118
2023-02-14,SKU-001,DC-04,147
2023-02-15,SKU-001,DC-04,103
2023-02-16,SKU-001,DC-04,90
2023-02-17,SKU-001,DC-04,192
2023-02-18,SKU-001,DC-04,104
2023-02-19,SKU-001,DC-04,63
2023-02-20,SKU-001,DC-04,266
2023-02-21,SKU-001,DC-04,188
2023-02-22,SKU-001,DC-04,199
2023-02-23,SKU-001,DC-04,68
2023-02-24,SKU-001,DC-04,97
2023-02-25,SKU-001,DC-04,105
2023-02-26,SKU-001,DC-04,91
2023-02-27,SKU-001,DC-04,142
2023-02-28,SKU-001,DC-04,181
2023-03-01,SKU-001,DC-04,166
2023-03-02,SKU-001,DC-04,126
2023-03-03,SKU-001,DC-04,189
2023-03-04,SKU-001,DC-04,124
2023-03-05,SKU-001,DC-04,83
2023-03-06,SKU-001,DC-04,140
2023-03-07,SKU-001,DC-04,151
2023-03-08,SKU-001,DC-04,94
2023-03-09,SKU-001,DC-04,145
2023-03-10,SKU-001,DC-04,152
2023-03-11,SKU-001,DC-04,49
2023-03-12,SKU-001,DC-04,122
2023-03-13,SKU-001,DC-04,159
2023-03-14,SKU-001,DC-04,132
2023-03-15,SKU-001,DC-04,127
2023-03-16,SKU-001,DC-04,80
2023-03-17,SKU-001,DC-04,172
2023-03-18,SKU-001,DC-04,29
2023-03-19,SKU-001,DC-04,125
2023-03-20,SKU-001,DC-04,161
2023-03-21,SKU-001,DC-04,314
2023-03-22,SKU-001,DC-04,80
2023-03-23,SKU-001,DC-04,160
2023-03-24,SKU-001,DC-04,175
2023-03-25,SKU-001,DC-04,36
2023-03-26,SKU-001,DC-04,58
2023-03-27,SKU-001,DC-04,203
2023-03-28,SKU-001,DC-04,245
2023-03-29,SKU-001,DC-04,97
2023-03-30,SKU-001,DC-04,187
2023-03-31,SKU-001,DC-04,150
2023-04-01,SKU-001,DC-04,68
2023-04-02,SKU-001,DC-04,77
2023-04-03,SKU-001,DC-04,117
2023-04-04,SKU-001,DC-04,119
2023-04-05,SKU-001,DC-04,201
2023-04-06,SKU-001,DC-04,153
2023-04-07,SKU-001,DC-04,111
2023-04-08,SKU-001,DC-04,32
2023-04-09,SKU-001,DC-04,74
2023-04-10,SKU-001,DC-04,123
2023-04-11,SKU-001,DC-04,96
2023-04-12,SKU-001,DC-04,166
2023-04-13,SKU-001,DC-04,378
2023-04-14,SKU-001,DC-04,391
2023-04-15,SKU-001,DC-04,106
2023-04-16,SKU-001,DC-04,154
2023-04-17,SKU-001,DC-04,102
2023-04-18,SKU-001,DC-04,222
2023-04-19,SKU-001,DC-04,158
2023-04-20,SKU-001,DC-04,100
2023-04-21,SKU-001,DC-04,144
2023-04-22,SKU-001,DC-04,74
2023-04-23,SKU-001,DC-04,28
2023-04-24,SKU-001,DC-04,132
2023-04-25,SKU-001,DC-04,102
2023-04-26,SKU-001,DC-04,50
2023-04-27,SKU-001,DC-04,172
2023-04-28,SKU-001,DC-04,139
2023-04-29,SKU-001,DC-04,58
2023-04-30,SKU-001,DC-04,52
2023-05-01,SKU-001,DC-04,81
2023-05-02,SKU-001,DC-04,115
2023-05-03,SKU-001,DC-04,54
2023-05-04,SKU-001,DC-04,107
2023-05-05,SKU-001,DC-04,108
2023-05-06,SKU-001,DC-04,145
2023-05-07,SKU-001,DC-04,70
2023-05-08,SKU-001,DC-04,244
2023-05-09,SKU-001,DC-04,176
2023-05-10,SKU-001,DC-04,103
2023-05-11,SKU-001,DC-04,259
2023-05-12,SKU-001,DC-04,153
2023-05-13,SKU-001,DC-04,61
2023-05-14,SKU-001,DC-04,145
2023-05-15,SKU-001,DC-04,76
2023-05-16,SKU-001,DC-04,289
2023-05-17,SKU-001,DC-04,113
2023-05-18,SKU-001,DC-04,155
2023-05-19,SKU-001,DC-04,215
2023-05-20,SKU-001,DC-04,117
2023-05-21,SKU-001,DC-04,70
2023-05-22,SKU-001,DC-04,77
2023-05-23,SKU-001,DC-04,156
2023-05-24,SKU-001,DC-04,72
2023-05-25,SKU-001,DC-04,100
2023-05-26,SKU-001,DC-04,58
2023-05-27,SKU-001,DC-04,91
2023-05-28,SKU-001,DC-04,102
2023-05-29,SKU-001,DC-04,139
2023-05-30,SKU-001,DC-04,118
2023-05-31,SKU-001,DC-04,59
2023-06-01,SKU-001,DC-04,111
2023-06-02,SKU-001,DC-04,108
2023-06-03,SKU-001,DC-04,191
2023-06-04,SKU-001,DC-04,94
2023-06-05,SKU-001,DC-04,274
2023-06-06,SKU-001,DC-04,214
2023-06-07,SKU-001,DC-04,228
2023-06-08,SKU-001,DC-04,330
2023-06-09,SKU-001,DC-04,217
2023-06-10,SKU-001,DC-04,74
2023-06-11,SKU-001,DC-04,181
2023-06-12,SKU-001,DC-04,231
2023-06-13,SKU-001,DC-04,266
2023-06-14,SKU-001,DC-04,81
2023-06-15,SKU-001,DC-04,169
2023-06-16,SKU-001,DC-04,104
2023-06-17,SKU-001,DC-04,83
2023-06-18,SKU-001,DC-04,77
2023-06-19,SKU-001,DC-04,77
2023-06-20,SKU-001,DC-04,81
2023-06-21,SKU-001,DC-04,80
2023-06-22,SKU-001,DC-04,123
2023-06-23,SKU-001,DC-04,117
2023-06-24,SKU-001,DC-04,58
2023-06-25,SKU-001,DC-04,22
2023-06-26,SKU-001,DC-04,89
2023-06-27,SKU-001,DC-04,96
2023-06-28,SKU-001,DC-04,40
2023-06-29,SKU-001,DC-04,117
2023-06-30,SKU-001,DC-04,164
2023-07-01,SKU-001,DC-04,52
2023-07-02,SKU-001,DC-04,79
2023-07-03,SKU-001,DC-04,67
2023-07-04,SKU-001,DC-04,71
2023-07-05,SKU-001,DC-04,174
2023-07-06,SKU-001,DC-04,45
2023-07-07,SKU-001,DC-04,132
2023-07-08,SKU-001,DC-04,71
2023-07-09,SKU-001,DC-04,64
2023-07-10,SKU-001,DC-04,130
2023-07-11,SKU-001,DC-04,121
2023-07-12,SKU-001,DC-04,117
2023-07-13,SKU-001,DC-04,96
2023-07-14,SKU-001,DC-04,187
2023-07-15,SKU-001,DC-04,63
2023-07-16,SKU-001,DC-04,102
2023-07-17,SKU-001,DC-04,107
2023-07-18,SKU-001,DC-04,152
2023-07-19,SKU-001,DC-04,100
2023-07-20,SKU-001,DC-04,70
2023-07-21,SKU-001,DC-04,120
2023-07-22,SKU-001,DC-04,98
2023-07-23,SKU-001,DC-04,36
2023-07-24,SKU-001,DC-04,133
2023-07-25,SKU-001,DC-04,120
2023-07-26,SKU-001,DC-04,126
2023-07-27,SKU-001,DC-04,54
2023-07-28,SKU-001,DC-04,153
2023-07-29,SKU-001,DC-04,60
2023-07-30,SKU-001,DC-04,43
2023-07-31,SKU-001,DC-04,97
2023-08-01,SKU-001,DC-04,244
2023-08-02,SKU-001,DC-04,87
2023-08-03,SKU-001,DC-04,139
2023-08-04,SKU-001,DC-04,145
2023-08-05,SKU-001,DC-04,33
2023-08-06,SKU-001,DC-04,38
2023-08-07,SKU-001,DC-04,66
2023-08-08,SKU-001,DC-04,73
2023-08-09,SKU-001,DC-04,143
2023-08-10,SKU-001,DC-04,137
2023-08-11,SKU-001,DC-04,121
2023-08-12,SKU-001,DC-04,133
2023-08-13,SKU-001,DC-04,33
2023-08-14,SKU-001,DC-04,69
2023-08-15,SKU-001,DC-04,100
2023-08-16,SKU-001,DC-04,127
2023-08-17,SKU-001,DC-04,239
2023-08-18,SKU-001,DC-04,25
2023-08-19,SKU-001,DC-04,72
2023-08-20,SKU-001,DC-04,47
2023-08-21,SKU-001,DC-04,86
2023-08-22,SKU-001,DC-04,118
2023-08-23,SKU-001,DC-04,94
2023-08-24,SKU-001,DC-04,130
2023-08-25,SKU-001,DC-04,141
2023-08-26,SKU-001,DC-04,94
2023-08-27,SKU-001,DC-04,84
2023-08-28,SKU-001,DC-04,53
2023-08-29,SKU-001,DC-04,94
2023-08-30,SKU-001,DC-04,221
2023-08-31,SKU-001,DC-04,110
2023-09-01,SKU-001,DC-04,169
2023-09-02,SKU-001,DC-04,80
2023-09-03,SKU-001,DC-04,56
2023-09-04,SKU-001,DC-04,108
2023-09-05,SKU-001,DC-04,150
2023-09-06,SKU-001,DC-04,124
2023-09-07,SKU-001,DC-04,85
2023-09-08,SKU-001,DC-04,75
2023-09-09,SKU-001,DC-04,71
2023-09-10,SKU-001,DC-04,53
2023-09-11,SKU-001,DC-04,164
2023-09-12,SKU-001,DC-04,91
2023-09-13,SKU-001,DC-04,96
2023-09-14,SKU-001,DC-04,181
2023-09-15,SKU-001,DC-04,108
2023-09-16,SKU-001,DC-04,43
2023-09-17,SKU-001,DC-04,126
2023-09-18,SKU-001,DC-04,269
2023-09-19,SKU-001,DC-04,70
2023-09-20,SKU-001,DC-04,209
2023-09-21,SKU-001,DC-04,107
2023-09-22,SKU-001,DC-04,181
2023-09-23,SKU-001,DC-04,194
2023-09-24,SKU-001,DC-04,53
2023-09-25,SKU-001,DC-04,55
2023-09-26,SKU-001,DC-04,74
2023-09-27,SKU-001,DC-04,80
2023-09-28,SKU-001,DC-04,128
2023-09-29,SKU-001,DC-04,173
2023-09-30,SKU-001,DC-04,51
2023-10-01,SKU-001,DC-04,135
2023-10-02,SKU-001,DC-04,147
2023-10-03,SKU-001,DC-04,164
2023-10-04,SKU-001,DC-04,189
2023-10-05,SKU-001,DC-04,86
2023-10-06,SKU-001,DC-04,201
2023-10-07,SKU-001,DC-04,63
2023-10-08,SKU-001,DC-04,94
2023-10-09,SKU-001,DC-04,137
2023-10-10,SKU-001,DC-04,140
2023-10-11,SKU-001,DC-04,131
2023-10-12,SKU-001,DC-04,246
2023-10-13,SKU-001,DC-04,311
2023-10-14,SKU-001,DC-04,133
2023-10-15,SKU-001,DC-04,63
2023-10-16,SKU-001,DC-04,149
2023-10-17,SKU-001,DC-04,142
2023-10-18,SKU-001,DC-04,137
2023-10-19,SKU-001,DC-04,97
2023-10-20,SKU-001,DC-04,176
2023-10-21,SKU-001,DC-04,39
2023-10-22,SKU-001,DC-04,63
2023-10-23,SKU-001,DC-04,65
2023-10-24,SKU-001,DC-04,300
2023-10-25,SKU-001,DC-04,156
2023-10-26,SKU-001,DC-04,98
2023-10-27,SKU-001,DC-04,102
2023-10-28,SKU-001,DC-04,107
2023-10-29,SKU-001,DC-04,63
2023-10-30,SKU-001,DC-04,134
2023-10-31,SKU-001,DC-04,242
2023-11-01,SKU-001,DC-04,143
2023-11-02,SKU-001,DC-04,269
2023-11-03,SKU-001,DC-04,117
2023-11-04,SKU-001,DC-04,52
2023-11-05,SKU-001,DC-04,122
2023-11-06,SKU-001,DC-04,226
2023-11-07,SKU-001,DC-04,113
2023-11-08,SKU-001,DC-04,251
2023-11-09,SKU-001,DC-04,120
2023-11-10,SKU-001,DC-04,92
2023-11-11,SKU-001,DC-04,85
2023-11-12,SKU-001,DC-04,129
2023-11-13,SKU-001,DC-04,287
2023-11-14,SKU-001,DC-04,278
2023-11-15,SKU-001,DC-04,113
2023-11-16,SKU-001,DC-04,244
2023-11-17,SKU-001,DC-04,323
2023-11-18,SKU-001,DC-04,118
2023-11-19,SKU-001,DC-04,72
2023-11-20,SKU-001,DC-04,169
2023-11-21,SKU-001,DC-04,126
2023-11-22,SKU-001,DC-04,109
2023-11-23,SKU-001,DC-04,152
2023-11-24,SKU-001,DC-04,302
2023-11-25,SKU-001,DC-04,145
2023-11-26,SKU-001,DC-04,228
2023-11-27,SKU-001,DC-04,233
2023-11-28,SKU-001,DC-04,155
2023-11-29,SKU-001,DC-04,103
2023-11-30,SKU-001,DC-04,208
2023-12-01,SKU-001,DC-04,208
2023-12-02,SKU-001,DC-04,45
2023-12-03,SKU-001,DC-04,98
2023-12-04,SKU-001,DC-04,341
2023-12-05,SKU-001,DC-04,104
2023-12-06,SKU-001,DC-04,270
2023-12-07,SKU-001,DC-04,463
2023-12-08,SKU-001,DC-04,125
2023-12-09,SKU-001,DC-04,139
2023-12-10,SKU-001,DC-04,119
2023-12-11,SKU-001,DC-04,76
2023-12-12,SKU-001,DC-04,70
2023-12-13,SKU-001,DC-04,144
2023-12-14,SKU-001,DC-04,128
2023-12-15,SKU-001,DC-04,103
2023-12-16,SKU-001,DC-04,109
2023-12-17,SKU-001,DC-04,91
2023-12-18,SKU-001,DC-04,154
2023-12-19,SKU-001,DC-04,165
2023-12-20,SKU-001,DC-04,177
2023-12-21,SKU-001,DC-04,284
2023-12-22,SKU-001,DC-04,349
2023-12-23,SKU-001,DC-04,188
2023-12-24,SKU-001,DC-04,181
2023-12-25,SKU-001,DC-04,182
2023-12-26,SKU-001,DC-04,100
2023-12-27,SKU-001,DC-04,356
2023-12-28,SKU-001,DC-04,212
2023-12-29,SKU-001,DC-04,162
2023-12-30,SKU-001,DC-04,115
2023-12-31,SKU-001,DC-04,87
2024-01-01,SKU-001,DC-04,342
2024-01-02,SKU-001,DC-04,222
2024-01-03,SKU-001,DC-04,354
2024-01-04,SKU-001,DC-04,201
2024-01-05,SKU-001,DC-04,219
2024-01-06,SKU-001,DC-04,116
2024-01-07,SKU-001,DC-04,182
2024-01-08,SKU-001,DC-04,165
2024-01-09,SKU-001,DC-04,192
2024-01-10,SKU-001,DC-04,95
2024-01-11,SKU-001,DC-04,190
2024-01-12,SKU-001,DC-04,112
2024-01-13,SKU-001,DC-04,75
2024-01-14,SKU-001,DC-04,73
2024-01-15,SKU-001,DC-04,146
2024-01-16,SKU-001,DC-04,304
2024-01-17,SKU-001,DC-04,228
2024-01-18,SKU-001,DC-04,203
2024-01-19,SKU-001,DC-04,86
2024-01-20,SKU-001,DC-04,47
2024-01-21,SKU-001,DC-04,94
2024-01-22,SKU-001,DC-04,185
2024-01-23,SKU-001,DC-04,213
2024-01-24,SKU-001,DC-04,111
2024-01-25,SKU-001,DC-04,94
2024-01-26,SKU-001,DC-04,303
2024-01-27,SKU-001,DC-04,112
2024-01-28,SKU-001,DC-04,98
2024-01-29,SKU-001,DC-04,147
2024-01-30,SKU-001,DC-04,165
2024-01-31,SKU-001,DC-04,167
2024-02-01,SKU-001,DC-04,230
2024-02-02,SKU-001,DC-04,121
2024-02-03,SKU-001,DC-04,97
2024-02-04,SKU-001,DC-04,53
2024-02-05,SKU-001,DC-04,73
2024-02-06,SKU-001,DC-04,247
2024-02-07,SKU-001,DC-04,46
2024-02-08,SKU-001,DC-04,145
2024-02-09,SKU-001,DC-04,215
2024-02-10,SKU-001,DC-04,123
2024-02-11,SKU-001,DC-04,60
2024-02-12,SKU-001,DC-04,273
2024-02-13,SKU-001,DC-04,224
2024-02-14,SKU-001,DC-04,97
2024-02-15,SKU-001,DC-04,138
2024-02-16,SKU-001,DC-04,287
2024-02-17,SKU-001,DC-04,34
2024-02-18,SKU-001,DC-04,79
2024-02-19,SKU-001,DC-04,185
2024-02-20,SKU-001,DC-04,199
2024-02-21,SKU-001,DC-04,128
2024-02-22,SKU-001,DC-04,133
2024-02-23,SKU-001,DC-04,203
2024-02-24,SKU-001,DC-04,75
2024-02-25,SKU-001,DC-04,102
2024-02-26,SKU-001,DC-04,116
2024-02-27,SKU-001,DC-04,213
2024-02-28,SKU-001,DC-04,93
2024-02-29,SKU-001,DC-04,66
2024-03-01,SKU-001,DC-04,248
2024-03-02,SKU-001,DC-04,76
2024-03-03,SKU-001,DC-04,92
2024-03-04,SKU-001,DC-04,159
2024-03-05,SKU-001,DC-04,197
2024-03-06,SKU-001,DC-04,144
2024-03-07,SKU-001,DC-04,143
2024-03-08,SKU-001,DC-04,271
2024-03-09,SKU-001,DC-04,90
2024-03-10,SKU-001,DC-04,19
2024-03-11,SKU-001,DC-04,51
2024-03-12,SKU-001,DC-04,142
2024-03-13,SKU-001,DC-04,128
2024-03-14,SKU-001,DC-04,94
2024-03-15,SKU-001,DC-04,169
2024-03-16,SKU-001,DC-04,78
2024-03-17,SKU-001,DC-04,66
2024-03-18,SKU-001,DC-04,318
2024-03-19,SKU-001,DC-04,151
2024-03-20,SKU-001,DC-04,153
2024-03-21,SKU-001,DC-04,182
2024-03-22,SKU-001,DC-04,107
2024-03-23,SKU-001,DC-04,91
2024-03-24,SKU-001,DC-04,166
2024-03-25,SKU-001,DC-04,131
2024-03-26,SKU-001,DC-04,159
2024-03-27,SKU-001,DC-04,110
2024-03-28,SKU-001,DC-04,135
2024-03-29,SKU-001,DC-04,166
2024-03-30,SKU-001,DC-04,84
2024-03-31,SKU-001,DC-04,66
2024-04-01,SKU-001,DC-04,159
2024-04-02,SKU-001,DC-04,240
2024-04-03,SKU-001,DC-04,244
2024-04-04,SKU-001,DC-04,191
2024-04-05,SKU-001,DC-04,93
2024-04-06,SKU-001,DC-04,67
2024-04-07,SKU-001,DC-04,93
2024-04-08,SKU-001,DC-04,105
2024-04-09,SKU-001,DC-04,211
2024-04-10,SKU-001,DC-04,221
2024-04-11,SKU-001,DC-04,136
2024-04-12,SKU-001,DC-04,204
2024-04-13,SKU-001,DC-04,115
2024-04-14,SKU-001,DC-04,67
2024-04-15,SKU-001,DC-04,71
2024-04-16,SKU-001,DC-04,207
2024-04-17,SKU-001,DC-04,92
2024-04-18,SKU-001,DC-04,78
2024-04-19,SKU-001,DC-04,84
2024-04-20,SKU-001,DC-04,68
2024-04-21,SKU-001,DC-04,97
2024-04-22,SKU-001,DC-04,152
2024-04-23,SKU-001,DC-04,212
2024-04-24,SKU-001,DC-04,174
2024-04-25,SKU-001,DC-04,202
2024-04-26,SKU-001,DC-04,128
2024-04-27,SKU-001,DC-04,113
2024-04-28,SKU-001,DC-04,36
2024-04-29,SKU-001,DC-04,124
2024-04-30,SKU-001,DC-04,155
2024-05-01,SKU-001,DC-04,333
2024-05-02,SKU-001,DC-04,246
2024-05-03,SKU-001,DC-04,46
2024-05-04,SKU-001,DC-04,64
2024-05-05,SKU-001,DC-04,79
2024-05-06,SKU-001,DC-04,98
2024-05-07,SKU-001,DC-04,54
2024-05-08,SKU-001,DC-04,193
2024-05-09,SKU-001,DC-04,179
2024-05-10,SKU-001,DC-04,75
2024-05-11,SKU-001,DC-04,85
2024-05-12,SKU-001,DC-04,92
2024-05-13,SKU-001,DC-04,91
2024-05-14,SKU-001,DC-04,129
2024-05-15,SKU-001,DC-04,171
2024-05-16,SKU-001,DC-04,188
2024-05-17,SKU-001,DC-04,83
2024-05-18,SKU-001,DC-04,96
2024-05-19,SKU-001,DC-04,73
2024-05-20,SKU-001,DC-04,186
2024-05-21,SKU-001,DC-04,137
2024-05-22,SKU-001,DC-04,139
2024-05-23,SKU-001,DC-04,95
2024-05-24,SKU-001,DC-04,127
2024-05-25,SKU-001,DC-04,86
2024-05-26,SKU-001,DC-04,39
2024-05-27,SKU-001,DC-04,114
2024-05-28,SKU-001,DC-04,134
2024-05-29,SKU-001,DC-04,103
2024-05-30,SKU-001,DC-04,260
2024-05-31,SKU-001,DC-04,51
2024-06-01,SKU-001,DC-04,60
2024-06-02,SKU-001,DC-04,59
2024-06-03,SKU-001,DC-04,160
2024-06-04,SKU-001,DC-04,310
2024-06-05,SKU-001,DC-04,71
2024-06-06,SKU-001,DC-04,139
2024-06-07,SKU-001,DC-04,113
2024-06-08,SKU-001,DC-04,50
2024-06-09,SKU-001,DC-04,84
2024-06-10,SKU-001,DC-04,176
2024-06-11,SKU-001,DC-04,170
2024-06-12,SKU-001,DC-04,108
2024-06-13,SKU-001,DC-04,103
2024-06-14,SKU-001,DC-04,68
2024-06-15,SKU-001,DC-04,119
2024-06-16,SKU-001,DC-04,66
2024-06-17,SKU-001,DC-04,153
2024-06-18,SKU-001,DC-04,163
2024-06-19,SKU-001,DC-04,149
2024-06-20,SKU-001,DC-04,83
2024-06-21,SKU-001,DC-04,117
2024-06-22,SKU-001,DC-04,77
2024-06-23,SKU-001,DC-04,46
2024-06-24,SKU-001,DC-04,60
2024-06-25,SKU-001,DC-04,111
2024-06-26,SKU-001,DC-04,60
2024-06-27,SKU-001,DC-04,95
2024-06-28,SKU-001,DC-04,142
2024-06-29,SKU-001,DC-04,63
2024-06-30,SKU-001,DC-04,55
2024-07-01,SKU-001,DC-04,143
2024-07-02,SKU-001,DC-04,103
2024-07-03,SKU-001,DC-04,41
2024-07-04,SKU-001,DC-04,84
2024-07-05,SKU-001,DC-04,87
2024-07-06,SKU-001,DC-04,38
2024-07-07,SKU-001,DC-04,91
2024-07-08,SKU-001,DC-04,87
2024-07-09,SKU-001,DC-04,180
2024-07-10,SKU-001,DC-04,96
2024-07-11,SKU-001,DC-04,91
2024-07-12,SKU-001,DC-04,281
2024-07-13,SKU-001,DC-04,18
2024-07-14,SKU-001,DC-04,65
2024-07-15,SKU-001,DC-04,122
2024-07-16,SKU-001,DC-04,77
2024-07-17,SKU-001,DC-04,175
2024-07-18,SKU-001,DC-04,104
2024-07-19,SKU-001,DC-04,205
2024-07-20,SKU-001,DC-04,80
2024-07-21,SKU-001,DC-04,114
2024-07-22,SKU-001,DC-04,137
2024-07-23,SKU-001,DC-04,96
2024-07-24,SKU-001,DC-04,131
2024-07-25,SKU-001,DC-04,168
2024-07-26,SKU-001,DC-04,58
2024-07-27,SKU-001,DC-04,74
2024-07-28,SKU-001,DC-04,122
2024-07-29,SKU-001,DC-04,266
2024-07-30,SKU-001,DC-04,110
2024-07-31,SKU-001,DC-04,193
2024-08-01,SKU-001,DC-04,129
2024-08-02,SKU-001,DC-04,139
2024-08-03,SKU-001,DC-04,41
2024-08-04,SKU-001,DC-04,66
2024-08-05,SKU-001,DC-04,160
2024-08-06,SKU-001,DC-04,110
2024-08-07,SKU-001,DC-04,111
2024-08-08,SKU-001,DC-04,173
2024-08-09,SKU-001,DC-04,133
2024-08-10,SKU-001,DC-04,46
2024-08-11,SKU-001,DC-04,88
2024-08-12,SKU-001,DC-04,90
2024-08-13,SKU-001,DC-04,158
2024-08-14,SKU-001,DC-04,107
2024-08-15,SKU-001,DC-04,92
2024-08-16,SKU-001,DC-04,225
2024-08-17,SKU-001,DC-04,66
2024-08-18,SKU-001,DC-04,95
2024-08-19,SKU-001,DC-04,159
2024-08-20,SKU-001,DC-04,163
2024-08-21,SKU-001,DC-04,207
2024-08-22,SKU-001,DC-04,74
2024-08-23,SKU-001,DC-04,195
2024-08-24,SKU-001,DC-04,38
2024-08-25,SKU-001,DC-04,59
2024-08-26,SKU-001,DC-04,152
2024-08-27,SKU-001,DC-04,200
2024-08-28,SKU-001,DC-04,125
2024-08-29,SKU-001,DC-04,160
2024-08-30,SKU-001,DC-04,91
2024-08-31,SKU-001,DC-04,144
2024-09-01,SKU-001,DC-04,68
2024-09-02,SKU-001,DC-04,99
2024-09-03,SKU-001,DC-04,81
2024-09-04,SKU-001,DC-04,221
2024-09-05,SKU-001,DC-04,80
2024-09-06,SKU-001,DC-04,140
2024-09-07,SKU-001,DC-04,157
2024-09-08,SKU-001,DC-04,70
2024-09-09,SKU-001,DC-04,182
2024-09-10,SKU-001,DC-04,95
2024-09-11,SKU-001,DC-04,243
2024-09-12,SKU-001,DC-04,68
2024-09-13,SKU-001,DC-04,94
2024-09-14,SKU-001,DC-04,101
2024-09-15,SKU-001,DC-04,54
2024-09-16,SKU-001,DC-04,111
2024-09-17,SKU-001,DC-04,190
2024-09-18,SKU-001,DC-04,103
2024-09-19,SKU-001,DC-04,191
2024-09-20,SKU-001,DC-04,192
2024-09-21,SKU-001,DC-04,45
2024-09-22,SKU-001,DC-04,116
2024-09-23,SKU-001,DC-04,201
2024-09-24,SKU-001,DC-04,71
2024-09-25,SKU-001,DC-04,205
2024-09-26,SKU-001,DC-04,244
2024-09-27,SKU-001,DC-04,151
2024-09-28,SKU-001,DC-04,113
2024-09-29,SKU-001,DC-04,132
2024-09-30,SKU-001,DC-04,43
2024-10-01,SKU-001,DC-04,74
2024-10-02,SKU-001,DC-04,149
2024-10-03,SKU-001,DC-04,175
2024-10-04,SKU-001,DC-04,183
2024-10-05,SKU-001,DC-04,154
2024-10-06,SKU-001,DC-04,68
2024-10-07,SKU-001,DC-04,115
2024-10-08,SKU-001,DC-04,82
2024-10-09,SKU-001,DC-04,267
2024-10-10,SKU-001,DC-04,115
2024-10-11,SKU-001,DC-04,86
2024-10-12,SKU-001,DC-04,61
2024-10-13,SKU-001,DC-04,66
2024-10-14,SKU-001,DC-04,281
2024-10-15,SKU-001,DC-04,223
2024-10-16,SKU-001,DC-04,212
2024-10-17,SKU-001,DC-04,308
2024-10-18,SKU-001,DC-04,418
2024-10-19,SKU-001,DC-04,117
2024-10-20,SKU-001,DC-04,94
2024-10-21,SKU-001,DC-04,195
2024-10-22,SKU-001,DC-04,195
2024-10-23,SKU-001,DC-04,175
2024-10-24,SKU-001,DC-04,197
2024-10-25,SKU-001,DC-04,296
2024-10-26,SKU-001,DC-04,143
2024-10-27,SKU-001,DC-04,125
2024-10-28,SKU-001,DC-04,122
2024-10-29,SKU-001,DC-04,169
2024-10-30,SKU-001,DC-04,97
2024-10-31,SKU-001,DC-04,458
2024-11-01,SKU-001,DC-04,199
2024-11-02,SKU-001,DC-04,144
2024-11-03,SKU-001,DC-04,122
2024-11-04,SKU-001,DC-04,150
2024-11-05,SKU-001,DC-04,175
2024-11-06,SKU-001,DC-04,246
2024-11-07,SKU-001,DC-04,272
2024-11-08,SKU-001,DC-04,174
2024-11-09,SKU-001,DC-04,117
2024-11-10,SKU-001,DC-04,80
2024-11-11,SKU-001,DC-04,148
2024-11-12,SKU-001,DC-04,303
2024-11-13,SKU-001,DC-04,242
2024-11-14,SKU-001,DC-04,242
2024-11-15,SKU-001,DC-04,143
2024-11-16,SKU-001,DC-04,63
2024-11-17,SKU-001,DC-04,215
2024-11-18,SKU-001,DC-04,226
2024-11-19,SKU-001,DC-04,181
2024-11-20,SKU-001,DC-04,197
2024-11-21,SKU-001,DC-04,390
2024-11-22,SKU-001,DC-04,88
2024-11-23,SKU-001,DC-04,277
2024-11-24,SKU-001,DC-04,147
2024-11-25,SKU-001,DC-04,262
2024-11-26,SKU-001,DC-04,212
2024-11-27,SKU-001,DC-04,151
2024-11-28,SKU-001,DC-04,91
2024-11-29,SKU-001,DC-04,186
2024-11-30,SKU-001,DC-04,131
2024-12-01,SKU-001,DC-04,81
2024-12-02,SKU-001,DC-04,318
2024-12-03,SKU-001,DC-04,159
2024-12-04,SKU-001,DC-04,203
2024-12-05,SKU-001,DC-04,145
2024-12-06,SKU-001,DC-04,152
2024-12-07,SKU-001,DC-04,98
2024-12-08,SKU-001,DC-04,47
2024-12-09,SKU-001,DC-04,133
2024-12-10,SKU-001,DC-04,221
2024-12-11,SKU-001,DC-04,157
2024-12-12,SKU-001,DC-04,207
2024-12-13,SKU-001,DC-04,276
2024-12-14,SKU-001,DC-04,110
2024-12-15,SKU-001,DC-04,83
2024-12-16,SKU-001,DC-04,282
2024-12-17,SKU-001,DC-04,314
2024-12-18,SKU-001,DC-04,144
2024-12-19,SKU-001,DC-04,102
2024-12-20,SKU-001,DC-04,167
2024-12-21,SKU-001,DC-04,61
2024-12-22,SKU-001,DC-04,173
2024-12-23,SKU-001,DC-04,271
2024-12-24,SKU-001,DC-04,186
2024-12-25,SKU-001,DC-04,188
2024-12-26,SKU-001,DC-04,137
2024-12-27,SKU-001,DC-04,113
2024-12-28,SKU-001,DC-04,205
2024-12-29,SKU-001,DC-04,202
2024-12-30,SKU-001,DC-04,271
2024-12-31,SKU-001,DC-04,158
2023-01-01,SKU-001,DC-05,98
2023-01-02,SKU-001,DC-05,721
2023-01-03,SKU-001,DC-05,402
2023-01-04,SKU-001,DC-05,270
2023-01-05,SKU-001,DC-05,687
2023-01-06,SKU-001,DC-05,270
2023-01-07,SKU-001,DC-05,111
2023-01-08,SKU-001,DC-05,113
2023-01-09,SKU-001,DC-05,239
2023-01-10,SKU-001,DC-05,250
2023-01-11,SKU-001,DC-05,350
2023-01-12,SKU-001,DC-05,360
2023-01-13,SKU-001,DC-05,210
2023-01-14,SKU-001,DC-05,211
2023-01-15,SKU-001,DC-05,152
2023-01-16,SKU-001,DC-05,616
2023-01-17,SKU-001,DC-05,427
2023-01-18,SKU-001,DC-05,255
2023-01-19,SKU-001,DC-05,172
2023-01-20,SKU-001,DC-05,360
2023-01-21,SKU-001,DC-05,115
2023-01-22,SKU-001,DC-05,165
2023-01-23,SKU-001,DC-05,438
2023-01-24,SKU-001,DC-05,295
2023-01-25,SKU-001,DC-05,310
2023-01-26,SKU-001,DC-05,88
2023-01-27,SKU-001,DC-05,219
2023-01-28,SKU-001,DC-05,130
2023-01-29,SKU-001,DC-05,96
2023-01-30,SKU-001,DC-05,227
2023-01-31,SKU-001,DC-05,167
2023-02-01,SKU-001,DC-05,215
2023-02-02,SKU-001,DC-05,253
2023-02-03,SKU-001,DC-05,213
2023-02-04,SKU-001,DC-05,263
2023-02-05,SKU-001,DC-05,229
2023-02-06,SKU-001,DC-05,222
2023-02-07,SKU-001,DC-05,638
2023-02-08,SKU-001,DC-05,406
2023-02-09,SKU-001,DC-05,163
2023-02-10,SKU-001,DC-05,373
2023-02-11,SKU-001,DC-05,234
2023-02-12,SKU-001,DC-05,257
2023-02-13,SKU-001,DC-05,123
2023-02-14,SKU-001,DC-05,237
2023-02-15,SKU-001,DC-05,499
2023-02-16,SKU-001,DC-05,156
2023-02-17,SKU-001,DC-05,337
2023-02-18,SKU-001,DC-05,413
2023-02-19,SKU-001,DC-05,97
2023-02-20,SKU-001,DC-05,173
2023-02-21,SKU-001,DC-05,154
2023-02-22,SKU-001,DC-05,387
2023-02-23,SKU-001,DC-05,285
2023-02-24,SKU-001,DC-05,159
2023-02-25,SKU-001,DC-05,337
2023-02-26,SKU-001,DC-05,94
2023-02-27,SKU-001,DC-05,347
2023-02-28,SKU-001,DC-05,428
2023-03-01,SKU-001,DC-05,498
2023-03-02,SKU-001,DC-05,191
2023-03-03,SKU-001,DC-05,348
2023-03-04,SKU-001,DC-05,84
2023-03-05,SKU-001,DC-05,77
2023-03-06,SKU-001,DC-05,359
2023-03-07,SKU-001,DC-05,105
2023-03-08,SKU-001,DC-05,308
2023-03-09,SKU-001,DC-05,233
2023-03-10,SKU-001,DC-05,201
2023-03-11,SKU-001,DC-05,196
2023-03-12,SKU-001,DC-05,156
2023-03-13,SKU-001,DC-05,459
2023-03-14,SKU-001,DC-05,337
2023-03-15,SKU-001,DC-05,524
2023-03-16,SKU-001,DC-05,125
2023-03-17,SKU-001,DC-05,182
2023-03-18,SKU-001,DC-05,128
2023-03-19,SKU-001,DC-05,207
2023-03-20,SKU-001,DC-05,377
2023-03-21,SKU-001,DC-05,295
2023-03-22,SKU-001,DC-05,133
2023-03-23,SKU-001,DC-05,287
2023-03-24,SKU-001,DC-05,529
2023-03-25,SKU-001,DC-05,151
2023-03-26,SKU-001,DC-05,117
2023-03-27,SKU-001,DC-05,180
2023-03-28,SKU-001,DC-05,108
2023-03-29,SKU-001,DC-05,513
2023-03-30,SKU-001,DC-05,141
2023-03-31,SKU-001,DC-05,243
2023-04-01,SKU-001,DC-05,185
2023-04-02,SKU-001,DC-05,108
2023-04-03,SKU-001,DC-05,152
2023-04-04,SKU-001,DC-05,267
2023-04-05,SKU-001,DC-05,510
2023-04-06,SKU-001,DC-05,268
2023-04-07,SKU-001,DC-05,120
2023-04-08,SKU-001,DC-05,113
2023-04-09,SKU-001,DC-05,206
2023-04-10,SKU-001,DC-05,491
2023-04-11,SKU-001,DC-05,73
2023-04-12,SKU-001,DC-05,442
2023-04-13,SKU-001,DC-05,465
2023-04-14,SKU-001,DC-05,339
2023-04-15,SKU-001,DC-05,115
2023-04-16,SKU-001,DC-05,131
2023-04-17,SKU-001,DC-05,214
2023-04-18,SKU-001,DC-05,231
2023-04-19,SKU-001,DC-05,146
2023-04-20,SKU-001,DC-05,143
2023-04-21,SKU-001,DC-05,173
2023-04-22,SKU-001,DC-05,185
2023-04-23,SKU-001,DC-05,250
2023-04-24,SKU-001,DC-05,257
2023-04-25,SKU-001,DC-05,186
2023-04-26,SKU-001,DC-05,405
2023-04-27,SKU-001,DC-05,247
2023-04-28,SKU-001,DC-05,246
2023-04-29,SKU-001,DC-05,76
2023-04-30,SKU-001,DC-05,88
2023-05-01,SKU-001,DC-05,221
2023-05-02,SKU-001,DC-05,102
2023-05-03,SKU-001,DC-05,154
2023-05-04,SKU-001,DC-05,210
2023-05-05,SKU-001,DC-05,217
2023-05-06,SKU-001,DC-05,102
2023-05-07,SKU-001,DC-05,170
2023-05-08,SKU-001,DC-05,185
2023-05-09,SKU-001,DC-05,179
2023-05-10,SKU-001,DC-05,323
2023-05-11,SKU-001,DC-05,340
2023-05-12,SKU-001,DC-05,249
2023-05-13,SKU-001,DC-05,188
2023-05-14,SKU-001,DC-05,178
2023-05-15,SKU-001,DC-05,253
2023-05-16,SKU-001,DC-05,194
2023-05-17,SKU-001,DC-05,362
2023-05-18,SKU-001,DC-05,209
2023-05-19,SKU-001,DC-05,401
2023-05-20,SKU-001,DC-05,97
2023-05-21,SKU-001,DC-05,128
2023-05-22,SKU-001,DC-05,201
2023-05-23,SKU-001,DC-05,197
2023-05-24,SKU-001,DC-05,138
2023-05-25,SKU-001,DC-05,197
2023-05-26,SKU-001,DC-05,228
2023-05-27,SKU-001,DC-05,96
2023-05-28,SKU-001,DC-05,87
2023-05-29,SKU-001,DC-05,250
2023-05-30,SKU-001,DC-05,255
2023-05-31,SKU-001,DC-05,254
2023-06-01,SKU-001,DC-05,247
2023-06-02,SKU-001,DC-05,225
2023-06-03,SKU-001,DC-05,265
2023-06-04,SKU-001,DC-05,63
2023-06-05,SKU-001,DC-05,249
2023-06-06,SKU-001,DC-05,317
2023-06-07,SKU-001,DC-05,333
2023-06-08,SKU-001,DC-05,562
2023-06-09,SKU-001,DC-05,563
2023-06-10,SKU-001,DC-05,439
2023-06-11,SKU-001,DC-05,288
2023-06-12,SKU-001,DC-05,93
2023-06-13,SKU-001,DC-05,244
2023-06-14,SKU-001,DC-05,245
2023-06-15,SKU-001,DC-05,156
2023-06-16,SKU-001,DC-05,100
2023-06-17,SKU-001,DC-05,130
2023-06-18,SKU-001,DC-05,52
2023-06-19,SKU-001,DC-05,180
2023-06-20,SKU-001,DC-05,394
2023-06-21,SKU-001,DC-05,140
2023-06-22,SKU-001,DC-05,225
2023-06-23,SKU-001,DC-05,202
2023-06-24,SKU-001,DC-05,61
2023-06-25,SKU-001,DC-05,111
2023-06-26,SKU-001,DC-05,206
2023-06-27,SKU-001,DC-05,283
2023-06-28,SKU-001,DC-05,261
2023-06-29,SKU-001,DC-05,172
2023-06-30,SKU-001,DC-05,251
2023-07-01,SKU-001,DC-05,30
2023-07-02,SKU-001,DC-05,87
2023-07-03,SKU-001,DC-05,311
2023-07-04,SKU-001,DC-05,108
2023-07-05,SKU-001,DC-05,177
2023-07-06,SKU-001,DC-05,169
2023-07-07,SKU-001,DC-05,234
2023-07-08,SKU-001,DC-05,55
2023-07-09,SKU-001,DC-05,91
2023-07-10,SKU-001,DC-05,289
2023-07-11,SKU-001,DC-05,169
2023-07-12,SKU-001,DC-05,224
2023-07-13,SKU-001,DC-05,102
2023-07-14,SKU-001,DC-05,290
2023-07-15,SKU-001,DC-05,190
2023-07-16,SKU-001,DC-05,103
2023-07-17,SKU-001,DC-05,134
2023-07-18,SKU-001,DC-05,243
2023-07-19,SKU-001,DC-05,417
2023-07-20,SKU-001,DC-05,113
2023-07-21,SKU-001,DC-05,170
2023-07-22,SKU-001,DC-05,88
2023-07-23,SKU-001,DC-05,108
2023-07-24,SKU-001,DC-05,279
2023-07-25,SKU-001,DC-05,277
2023-07-26,SKU-001,DC-05,132
2023-07-27,SKU-001,DC-05,273
2023-07-28,SKU-001,DC-05,420
2023-07-29,SKU-001,DC-05,109
2023-07-30,SKU-001,DC-05,99
2023-07-31,SKU-001,DC-05,38
2023-08-01,SKU-001,DC-05,280
2023-08-02,SKU-001,DC-05,201
2023-08-03,SKU-001,DC-05,249
2023-08-04,SKU-001,DC-05,236
2023-08-05,SKU-001,DC-05,119
2023-08-06,SKU-001,DC-05,76
2023-08-07,SKU-001,DC-05,220
2023-08-08,SKU-001,DC-05,364
2023-08-09,SKU-001,DC-05,127
2023-08-10,SKU-001,DC-05,177
2023-08-11,SKU-001,DC-05,189
2023-08-12,SKU-001,DC-05,72
2023-08-13,SKU-001,DC-05,85
2023-08-14,SKU-001,DC-05,199
2023-08-15,SKU-001,DC-05,400
2023-08-16,SKU-001,DC-05,79
2023-08-17,SKU-001,DC-05,188
2023-08-18,SKU-001,DC-05,166
2023-08-19,SKU-001,DC-05,144
2023-08-20,SKU-001,DC-05,101
2023-08-21,SKU-001,DC-05,212
2023-08-22,SKU-001,DC-05,168
2023-08-23,SKU-001,DC-05,145
2023-08-24,SKU-001,DC-05,377
2023-08-25,SKU-001,DC-05,208
2023-08-26,SKU-001,DC-05,159
2023-08-27,SKU-001,DC-05,90
2023-08-28,SKU-001,DC-05,86
2023-08-29,SKU-001,DC-05,440
2023-08-30,SKU-001,DC-05,122
2023-08-31,SKU-001,DC-05,208
2023-09-01,SKU-001,DC-05,214
2023-09-02,SKU-001,DC-05,222
2023-09-03,SKU-001,DC-05,176
2023-09-04,SKU-001,DC-05,299
2023-09-05,SKU-001,DC-05,321
2023-09-06,SKU-001,DC-05,225
2023-09-07,SKU-001,DC-05,153
2023-09-08,SKU-001,DC-05,83
2023-09-09,SKU-001,DC-05,83
2023-09-10,SKU-001,DC-05,135
2023-09-11,SKU-001,DC-05,160
2023-09-12,SKU-001,DC-05,155
2023-09-13,SKU-001,DC-05,130
2023-09-14,SKU-001,DC-05,183
2023-09-15,SKU-001,DC-05,141
2023-09-16,SKU-001,DC-05,45
2023-09-17,SKU-001,DC-05,181
2023-09-18,SKU-001,DC-05,194
2023-09-19,SKU-001,DC-05,621
2023-09-20,SKU-001,DC-05,255
2023-09-21,SKU-001,DC-05,311
2023-09-22,SKU-001,DC-05,333
2023-09-23,SKU-001,DC-05,175
2023-09-24,SKU-001,DC-05,134
2023-09-25,SKU-001,DC-05,391
2023-09-26,SKU-001,DC-05,163
2023-09-27,SKU-001,DC-05,104
2023-09-28,SKU-001,DC-05,402
2023-09-29,SKU-001,DC-05,284
2023-09-30,SKU-001,DC-05,135
2023-10-01,SKU-001,DC-05,211
2023-10-02,SKU-001,DC-05,335
2023-10-03,SKU-001,DC-05,285
2023-10-04,SKU-001,DC-05,366
2023-10-05,SKU-001,DC-05,368
2023-10-06,SKU-001,DC-05,146
2023-10-07,SKU-001,DC-05,185
2023-10-08,SKU-001,DC-05,178
2023-10-09,SKU-001,DC-05,150
2023-10-10,SKU-001,DC-05,283
2023-10-11,SKU-001,DC-05,217
2023-10-12,SKU-001,DC-05,279
2023-10-13,SKU-001,DC-05,389
2023-10-14,SKU-001,DC-05,88
2023-10-15,SKU-001,DC-05,180
2023-10-16,SKU-001,DC-05,159
2023-10-17,SKU-001,DC-05,193
2023-10-18,SKU-001,DC-05,280
2023-10-19,SKU-001,DC-05,244
2023-10-20,SKU-001,DC-05,558
2023-10-21,SKU-001,DC-05,212
2023-10-22,SKU-001,DC-05,108
2023-10-23,SKU-001,DC-05,326
2023-10-24,SKU-001,DC-05,348
2023-10-25,SKU-001,DC-05,301
2023-10-26,SKU-001,DC-05,221
2023-10-27,SKU-001,DC-05,281
2023-10-28,SKU-001,DC-05,120
2023-10-29,SKU-001,DC-05,180
2023-10-30,SKU-001,DC-05,175
2023-10-31,SKU-001,DC-05,284
2023-11-01,SKU-001,DC-05,266
2023-11-02,SKU-001,DC-05,336
2023-11-03,SKU-001,DC-05,373
2023-11-04,SKU-001,DC-05,44
2023-11-05,SKU-001,DC-05,124
2023-11-06,SKU-001,DC-05,212
2023-11-07,SKU-001,DC-05,222
2023-11-08,SKU-001,DC-05,560
2023-11-09,SKU-001,DC-05,319
2023-11-10,SKU-001,DC-05,388
2023-11-11,SKU-001,DC-05,162
2023-11-12,SKU-001,DC-05,254
2023-11-13,SKU-001,DC-05,271
2023-11-14,SKU-001,DC-05,164
2023-11-15,SKU-001,DC-05,423
2023-11-16,SKU-001,DC-05,278
2023-11-17,SKU-001,DC-05,290
2023-11-18,SKU-001,DC-05,248
2023-11-19,SKU-001,DC-05,83
2023-11-20,SKU-001,DC-05,212
2023-11-21,SKU-001,DC-05,155
2023-11-22,SKU-001,DC-05,380
2023-11-23,SKU-001,DC-05,293
2023-11-24,SKU-001,DC-05,280
2023-11-25,SKU-001,DC-05,129
2023-11-26,SKU-001,DC-05,166
2023-11-27,SKU-001,DC-05,128
2023-11-28,SKU-001,DC-05,224
2023-11-29,SKU-001,DC-05,312
2023-11-30,SKU-001,DC-05,383
2023-12-01,SKU-001,DC-05,526
2023-12-02,SKU-001,DC-05,157
2023-12-03,SKU-001,DC-05,189
2023-12-04,SKU-001,DC-05,451
2023-12-05,SKU-001,DC-05,346
2023-12-06,SKU-001,DC-05,372
2023-12-07,SKU-001,DC-05,189
2023-12-08,SKU-001,DC-05,318
2023-12-09,SKU-001,DC-05,217
2023-12-10,SKU-001,DC-05,61
2023-12-11,SKU-001,DC-05,210
2023-12-12,SKU-001,DC-05,378
2023-12-13,SKU-001,DC-05,470
2023-12-14,SKU-001,DC-05,306
2023-12-15,SKU-001,DC-05,444
2023-12-16,SKU-001,DC-05,246
2023-12-17,SKU-001,DC-05,306
2023-12-18,SKU-001,DC-05,310
2023-12-19,SKU-001,DC-05,337
2023-12-20,SKU-001,DC-05,227
2023-12-21,SKU-001,DC-05,237
2023-12-22,SKU-001,DC-05,601
2023-12-23,SKU-001,DC-05,301
2023-12-24,SKU-001,DC-05,126
2023-12-25,SKU-001,DC-05,214
2023-12-26,SKU-001,DC-05,153
2023-12-27,SKU-001,DC-05,220
2023-12-28,SKU-001,DC-05,264
2023-12-29,SKU-001,DC-05,595
2023-12-30,SKU-001,DC-05,231
2023-12-31,SKU-001,DC-05,164
2024-01-01,SKU-001,DC-05,449
2024-01-02,SKU-001,DC-05,209
2024-01-03,SKU-001,DC-05,428
2024-01-04,SKU-001,DC-05,311
2024-01-05,SKU-001,DC-05,374
2024-01-06,SKU-001,DC-05,191
2024-01-07,SKU-001,DC-05,165
2024-01-08,SKU-001,DC-05,423
2024-01-09,SKU-001,DC-05,361
2024-01-10,SKU-001,DC-05,884
2024-01-11,SKU-001,DC-05,318
2024-01-12,SKU-001,DC-05,433
2024-01-13,SKU-001,DC-05,194
2024-01-14,SKU-001,DC-05,252
2024-01-15,SKU-001,DC-05,491
2024-01-16,SKU-001,DC-05,236
2024-01-17,SKU-001,DC-05,464
2024-01-18,SKU-001,DC-05,282
2024-01-19,SKU-001,DC-05,194
2024-01-20,SKU-001,DC-05,188
2024-01-21,SKU-001,DC-05,237
2024-01-22,SKU-001,DC-05,111
2024-01-23,SKU-001,DC-05,309
2024-01-24,SKU-001,DC-05,791
2024-01-25,SKU-001,DC-05,278
2024-01-26,SKU-001,DC-05,754
2024-01-27,SKU-001,DC-05,156
2024-01-28,SKU-001,DC-05,125
2024-01-29,SKU-001,DC-05,601
2024-01-30,SKU-001,DC-05,635
2024-01-31,SKU-001,DC-05,275
2024-02-01,SKU-001,DC-05,157
2024-02-02,SKU-001,DC-05,305
2024-02-03,SKU-001,DC-05,198
2024-02-04,SKU-001,DC-05,78
2024-02-05,SKU-001,DC-05,400
2024-02-06,SKU-001,DC-05,283
2024-02-07,SKU-001,DC-05,278
2024-02-08,SKU-001,DC-05,350
2024-02-09,SKU-001,DC-05,194
2024-02-10,SKU-001,DC-05,189
2024-02-11,SKU-001,DC-05,181
2024-02-12,SKU-001,DC-05,286
2024-02-13,SKU-001,DC-05,480
2024-02-14,SKU-001,DC-05,291
2024-02-15,SKU-001,DC-05,222
2024-02-16,SKU-001,DC-05,305
2024-02-17,SKU-001,DC-05,235
2024-02-18,SKU-001,DC-05,210
2024-02-19,SKU-001,DC-05,252
2024-02-20,SKU-001,DC-05,356
2024-02-21,SKU-001,DC-05,341
2024-02-22,SKU-001,DC-05,212
2024-02-23,SKU-001,DC-05,311
2024-02-24,SKU-001,DC-05,257
2024-02-25,SKU-001,DC-05,212
2024-02-26,SKU-001,DC-05,744
2024-02-27,SKU-001,DC-05,387
2024-02-28,SKU-001,DC-05,466
2024-02-29,SKU-001,DC-05,413
2024-03-01,SKU-001,DC-05,286
2024-03-02,SKU-001,DC-05,151
2024-03-03,SKU-001,DC-05,107
2024-03-04,SKU-001,DC-05,383
2024-03-05,SKU-001,DC-05,371
2024-03-06,SKU-001,DC-05,386
2024-03-07,SKU-001,DC-05,316
2024-03-08,SKU-001,DC-05,393
2024-03-09,SKU-001,DC-05,196
2024-03-10,SKU-001,DC-05,239
2024-03-11,SKU-001,DC-05,171
2024-03-12,SKU-001,DC-05,115
2024-03-13,SKU-001,DC-05,351
2024-03-14,SKU-001,DC-05,227
2024-03-15,SKU-001,DC-05,424
2024-03-16,SKU-001,DC-05,33
2024-03-17,SKU-001,DC-05,154
2024-03-18,SKU-001,DC-05,367
2024-03-19,SKU-001,DC-05,320
2024-03-20,SKU-001,DC-05,175
2024-03-21,SKU-001,DC-05,271
2024-03-22,SKU-001,DC-05,190
2024-03-23,SKU-001,DC-05,107
2024-03-24,SKU-001,DC-05,70
2024-03-25,SKU-001,DC-05,326
2024-03-26,SKU-001,DC-05,121
2024-03-27,SKU-001,DC-05,409
2024-03-28,SKU-001,DC-05,184
2024-03-29,SKU-001,DC-05,218
2024-03-30,SKU-001,DC-05,47
2024-03-31,SKU-001,DC-05,267
2024-04-01,SKU-001,DC-05,281
2024-04-02,SKU-001,DC-05,375
2024-04-03,SKU-001,DC-05,409
2024-04-04,SKU-001,DC-05,224
2024-04-05,SKU-001,DC-05,273
2024-04-06,SKU-001,DC-05,249
2024-04-07,SKU-001,DC-05,161
2024-04-08,SKU-001,DC-05,193
2024-04-09,SKU-001,DC-05,293
2024-04-10,SKU-001,DC-05,214
2024-04-11,SKU-001,DC-05,346
2024-04-12,SKU-001,DC-05,374
2024-04-13,SKU-001,DC-05,100
2024-04-14,SKU-001,DC-05,171
2024-04-15,SKU-001,DC-05,92
2024-04-16,SKU-001,DC-05,311
2024-04-17,SKU-001,DC-05,170
2024-04-18,SKU-001,DC-05,222
2024-04-19,SKU-001,DC-05,298
2024-04-20,SKU-001,DC-05,87
2024-04-21,SKU-001,DC-05,110
2024-04-22,SKU-001,DC-05,467
2024-04-23,SKU-001,DC-05,322
2024-04-24,SKU-001,DC-05,277
2024-04-25,SKU-001,DC-05,124
2024-04-26,SKU-001,DC-05,109
2024-04-27,SKU-001,DC-05,156
2024-04-28,SKU-001,DC-05,173
2024-04-29,SKU-001,DC-05,308
2024-04-30,SKU-001,DC-05,205
2024-05-01,SKU-001,DC-05,440
2024-05-02,SKU-001,DC-05,264
2024-05-03,SKU-001,DC-05,433
2024-05-04,SKU-001,DC-05,199
2024-05-05,SKU-001,DC-05,103
2024-05-06,SKU-001,DC-05,318
2024-05-07,SKU-001,DC-05,144
2024-05-08,SKU-001,DC-05,197
2024-05-09,SKU-001,DC-05,174
2024-05-10,SKU-001,DC-05,284
2024-05-11,SKU-001,DC-05,96
2024-05-12,SKU-001,DC-05,66
2024-05-13,SKU-001,DC-05,96
2024-05-14,SKU-001,DC-05,107
2024-05-15,SKU-001,DC-05,54
2024-05-16,SKU-001,DC-05,182
2024-05-17,SKU-001,DC-05,252
2024-05-18,SKU-001,DC-05,86
2024-05-19,SKU-001,DC-05,116
2024-05-20,SKU-001,DC-05,69
2024-05-21,SKU-001,DC-05,286
2024-05-22,SKU-001,DC-05,473
2024-05-23,SKU-001,DC-05,351
2024-05-24,SKU-001,DC-05,300
2024-05-25,SKU-001,DC-05,142
2024-05-26,SKU-001,DC-05,82
2024-05-27,SKU-001,DC-05,232
2024-05-28,SKU-001,DC-05,246
2024-05-29,SKU-001,DC-05,252
2024-05-30,SKU-001,DC-05,159
2024-05-31,SKU-001,DC-05,187
2024-06-01,SKU-001,DC-05,37
2024-06-02,SKU-001,DC-05,31
2024-06-03,SKU-001,DC-05,297
2024-06-04,SKU-001,DC-05,335
2024-06-05,SKU-001,DC-05,102
2024-06-06,SKU-001,DC-05,78
2024-06-07,SKU-001,DC-05,269
2024-06-08,SKU-001,DC-05,75
2024-06-09,SKU-001,DC-05,153
2024-06-10,SKU-001,DC-05,278
2024-06-11,SKU-001,DC-05,178
2024-06-12,SKU-001,DC-05,204
2024-06-13,SKU-001,DC-05,179
2024-06-14,SKU-001,DC-05,86
2024-06-15,SKU-001,DC-05,54
2024-06-16,SKU-001,DC-05,126
2024-06-17,SKU-001,DC-05,186
2024-06-18,SKU-001,DC-05,210
2024-06-19,SKU-001,DC-05,63
2024-06-20,SKU-001,DC-05,215
2024-06-21,SKU-001,DC-05,265
2024-06-22,SKU-001,DC-05,85
2024-06-23,SKU-001,DC-05,68
2024-06-24,SKU-001,DC-05,167
2024-06-25,SKU-001,DC-05,237
2024-06-26,SKU-001,DC-05,147
2024-06-27,SKU-001,DC-05,100
2024-06-28,SKU-001,DC-05,123
2024-06-29,SKU-001,DC-05,143
2024-06-30,SKU-001,DC-05,127
2024-07-01,SKU-001,DC-05,181
2024-07-02,SKU-001,DC-05,274
2024-07-03,SKU-001,DC-05,259
2024-07-04,SKU-001,DC-05,186
2024-07-05,SKU-001,DC-05,275
2024-07-06,SKU-001,DC-05,94
2024-07-07,SKU-001,DC-05,110
2024-07-08,SKU-001,DC-05,192
2024-07-09,SKU-001,DC-05,186
2024-07-10,SKU-001,DC-05,107
2024-07-11,SKU-001,DC-05,239
2024-07-12,SKU-001,DC-05,166
2024-07-13,SKU-001,DC-05,144
2024-07-14,SKU-001,DC-05,94
2024-07-15,SKU-001,DC-05,197
2024-07-16,SKU-001,DC-05,251
2024-07-17,SKU-001,DC-05,235
2024-07-18,SKU-001,DC-05,204
2024-07-19,SKU-001,DC-05,350
2024-07-20,SKU-001,DC-05,67
2024-07-21,SKU-001,DC-05,49
2024-07-22,SKU-001,DC-05,281
2024-07-23,SKU-001,DC-05,395
2024-07-24,SKU-001,DC-05,340
2024-07-25,SKU-001,DC-05,213
2024-07-26,SKU-001,DC-05,199
2024-07-27,SKU-001,DC-05,172
2024-07-28,SKU-001,DC-05,118
2024-07-29,SKU-001,DC-05,197
2024-07-30,SKU-001,DC-05,515
2024-07-31,SKU-001,DC-05,228
2024-08-01,SKU-001,DC-05,115
2024-08-02,SKU-001,DC-05,305
2024-08-03,SKU-001,DC-05,253
2024-08-04,SKU-001,DC-05,86
2024-08-05,SKU-001,DC-05,297
2024-08-06,SKU-001,DC-05,109
2024-08-07,SKU-001,DC-05,99
2024-08-08,SKU-001,DC-05,373
2024-08-09,SKU-001,DC-05,395
2024-08-10,SKU-001,DC-05,153
2024-08-11,SKU-001,DC-05,133
2024-08-12,SKU-001,DC-05,136
2024-08-13,SKU-001,DC-05,138
2024-08-14,SKU-001,DC-05,192
2024-08-15,SKU-001,DC-05,358
2024-08-16,SKU-001,DC-05,237
2024-08-17,SKU-001,DC-05,75
2024-08-18,SKU-001,DC-05,101
2024-08-19,SKU-001,DC-05,208
2024-08-20,SKU-001,DC-05,244
2024-08-21,SKU-001,DC-05,211
2024-08-22,SKU-001,DC-05,219
2024-08-23,SKU-001,DC-05,118
2024-08-24,SKU-001,DC-05,125
2024-08-25,SKU-001,DC-05,77
2024-08-26,SKU-001,DC-05,98
2024-08-27,SKU-001,DC-05,240
2024-08-28,SKU-001,DC-05,155
2024-08-29,SKU-001,DC-05,263
2024-08-30,SKU-001,DC-05,193
2024-08-31,SKU-001,DC-05,105
2024-09-01,SKU-001,DC-05,245
2024-09-02,SKU-001,DC-05,295
2024-09-03,SKU-001,DC-05,153
2024-09-04,SKU-001,DC-05,135
2024-09-05,SKU-001,DC-05,226
2024-09-06,SKU-001,DC-05,288
2024-09-07,SKU-001,DC-05,414
2024-09-08,SKU-001,DC-05,73
2024-09-09,SKU-001,DC-05,261
2024-09-10,SKU-001,DC-05,231
2024-09-11,SKU-001,DC-05,431
2024-09-12,SKU-001,DC-05,316
2024-09-13,SKU-001,DC-05,381
2024-09-14,SKU-001,DC-05,207
2024-09-15,SKU-001,DC-05,60
2024-09-16,SKU-001,DC-05,371
2024-09-17,SKU-001,DC-05,242
2024-09-18,SKU-001,DC-05,225
2024-09-19,SKU-001,DC-05,209
2024-09-20,SKU-001,DC-05,170
2024-09-21,SKU-001,DC-05,225
2024-09-22,SKU-001,DC-05,98
2024-09-23,SKU-001,DC-05,132
2024-09-24,SKU-001,DC-05,327
2024-09-25,SKU-001,DC-05,486
2024-09-26,SKU-001,DC-05,134
2024-09-27,SKU-001,DC-05,144
2024-09-28,SKU-001,DC-05,132
2024-09-29,SKU-001,DC-05,126
2024-09-30,SKU-001,DC-05,290
2024-10-01,SKU-001,DC-05,597
2024-10-02,SKU-001,DC-05,344
2024-10-03,SKU-001,DC-05,231
2024-10-04,SKU-001,DC-05,46
2024-10-05,SKU-001,DC-05,147
2024-10-06,SKU-001,DC-05,284
2024-10-07,SKU-001,DC-05,342
2024-10-08,SKU-001,DC-05,665
2024-10-09,SKU-001,DC-05,167
2024-10-10,SKU-001,DC-05,282
2024-10-11,SKU-001,DC-05,384
2024-10-12,SKU-001,DC-05,118
2024-10-13,SKU-001,DC-05,57
2024-10-14,SKU-001,DC-05,294
2024-10-15,SKU-001,DC-05,354
2024-10-16,SKU-001,DC-05,271
2024-10-17,SKU-001,DC-05,340
2024-10-18,SKU-001,DC-05,236
2024-10-19,SKU-001,DC-05,171
2024-10-20,SKU-001,DC-05,267
2024-10-21,SKU-001,DC-05,147
2024-10-22,SKU-001,DC-05,193
2024-10-23,SKU-001,DC-05,337
2024-10-24,SKU-001,DC-05,254
2024-10-25,SKU-001,DC-05,116
2024-10-26,SKU-001,DC-05,70
2024-10-27,SKU-001,DC-05,230
2024-10-28,SKU-001,DC-05,132
2024-10-29,SKU-001,DC-05,600
2024-10-30,SKU-001,DC-05,203
2024-10-31,SKU-001,DC-05,474
2024-11-01,SKU-001,DC-05,282
2024-11-02,SKU-001,DC-05,172
2024-11-03,SKU-001,DC-05,93
2024-11-04,SKU-001,DC-05,193
2024-11-05,SKU-001,DC-05,527
2024-11-06,SKU-001,DC-05,514
2024-11-07,SKU-001,DC-05,388
2024-11-08,SKU-001,DC-05,365
2024-11-09,SKU-001,DC-05,160
2024-11-10,SKU-001,DC-05,221
2024-11-11,SKU-001,DC-05,428
2024-11-12,SKU-001,DC-05,301
2024-11-13,SKU-001,DC-05,482
2024-11-14,SKU-001,DC-05,564
2024-11-15,SKU-001,DC-05,307
2024-11-16,SKU-001,DC-05,210
2024-11-17,SKU-001,DC-05,254
2024-11-18,SKU-001,DC-05,398
2024-11-19,SKU-001,DC-05,429
2024-11-20,SKU-001,DC-05,299
2024-11-21,SKU-001,DC-05,285
2024-11-22,SKU-001,DC-05,225
2024-11-23,SKU-001,DC-05,74
2024-11-24,SKU-001,DC-05,228
2024-11-25,SKU-001,DC-05,284
2024-11-26,SKU-001,DC-05,368
2024-11-27,SKU-001,DC-05,229
2024-11-28,SKU-001,DC-05,576
2024-11-29,SKU-001,DC-05,889
2024-11-30,SKU-001,DC-05,262
2024-12-01,SKU-001,DC-05,181
2024-12-02,SKU-001,DC-05,416
2024-12-03,SKU-001,DC-05,344
2024-12-04,SKU-001,DC-05,383
2024-12-05,SKU-001,DC-05,327
2024-12-06,SKU-001,DC-05,187
2024-12-07,SKU-001,DC-05,108
2024-12-08,SKU-001,DC-05,280
2024-12-09,SKU-001,DC-05,275
2024-12-10,SKU-001,DC-05,411
2024-12-11,SKU-001,DC-05,249
2024-12-12,SKU-001,DC-05,459
2024-12-13,SKU-001,DC-05,440
2024-12-14,SKU-001,DC-05,135
2024-12-15,SKU-001,DC-05,156
2024-12-16,SKU-001,DC-05,97
2024-12-17,SKU-001,DC-05,215
2024-12-18,SKU-001,DC-05,439
2024-12-19,SKU-001,DC-05,343
2024-12-20,SKU-001,DC-05,527
2024-12-21,SKU-001,DC-05,185
2024-12-22,SKU-001,DC-05,71
2024-12-23,SKU-001,DC-05,148
2024-12-24,SKU-001,DC-05,636
2024-12-25,SKU-001,DC-05,472
2024-12-26,SKU-001,DC-05,486
2024-12-27,SKU-001,DC-05,340
2024-12-28,SKU-001,DC-05,120
2024-12-29,SKU-001,DC-05,145
2024-12-30,SKU-001,DC-05,570
2024-12-31,SKU-001,DC-05,147
2023-01-01,SKU-001,DC-06,267
2023-01-02,SKU-001,DC-06,330
2023-01-03,SKU-001,DC-06,332
2023-01-04,SKU-001,DC-06,414
2023-01-05,SKU-001,DC-06,293
2023-01-06,SKU-001,DC-06,328
2023-01-07,SKU-001,DC-06,143
2023-01-08,SKU-001,DC-06,182
2023-01-09,SKU-001,DC-06,153
2023-01-10,SKU-001,DC-06,202
2023-01-11,SKU-001,DC-06,193
2023-01-12,SKU-001,DC-06,659
2023-01-13,SKU-001,DC-06,152
2023-01-14,SKU-001,DC-06,112
2023-01-15,SKU-001,DC-06,322
2023-01-16,SKU-001,DC-06,209
2023-01-17,SKU-001,DC-06,164
2023-01-18,SKU-001,DC-06,427
2023-01-19,SKU-001,DC-06,356
2023-01-20,SKU-001,DC-06,257
2023-01-21,SKU-001,DC-06,99
2023-01-22,SKU-001,DC-06,102
2023-01-23,SKU-001,DC-06,603
2023-01-24,SKU-001,DC-06,208
2023-01-25,SKU-001,DC-06,527
2023-01-26,SKU-001,DC-06,245
2023-01-27,SKU-001,DC-06,137
2023-01-28,SKU-001,DC-06,82
2023-01-29,SKU-001,DC-06,106
2023-01-30,SKU-001,DC-06,446
2023-01-31,SKU-001,DC-06,325
2023-02-01,SKU-001,DC-06,409
2023-02-02,SKU-001,DC-06,150
2023-02-03,SKU-001,DC-06,349
2023-02-04,SKU-001,DC-06,154
2023-02-05,SKU-001,DC-06,143
2023-02-06,SKU-001,DC-06,214
2023-02-07,SKU-001,DC-06,193
2023-02-08,SKU-001,DC-06,248
2023-02-09,SKU-001,DC-06,203
2023-02-10,SKU-001,DC-06,155
2023-02-11,SKU-001,DC-06,207
2023-02-12,SKU-001,DC-06,61
2023-02-13,SKU-001,DC-06,341
2023-02-14,SKU-001,DC-06,301
2023-02-15,SKU-001,DC-06,278
2023-02-16,SKU-001,DC-06,132
2023-02-17,SKU-001,DC-06,74
2023-02-18,SKU-001,DC-06,110
2023-02-19,SKU-001,DC-06,135
2023-02-20,SKU-001,DC-06,183
2023-02-21,SKU-001,DC-06,381
2023-02-22,SKU-001,DC-06,251
2023-02-23,SKU-001,DC-06,348
2023-02-24,SKU-001,DC-06,224
2023-02-25,SKU-001,DC-06,89
2023-02-26,SKU-001,DC-06,166
2023-02-27,SKU-001,DC-06,140
2023-02-28,SKU-001,DC-06,194
2023-03-01,SKU-001,DC-06,177
2023-03-02,SKU-001,DC-06,362
2023-03-03,SKU-001,DC-06,187
2023-03-04,SKU-001,DC-06,112
2023-03-05,SKU-001,DC-06,98
2023-03-06,SKU-001,DC-06,431
2023-03-07,SKU-001,DC-06,223
2023-03-08,SKU-001,DC-06,229
2023-03-09,SKU-001,DC-06,253
2023-03-10,SKU-001,DC-06,266
2023-03-11,SKU-001,DC-06,99
2023-03-12,SKU-001,DC-06,73
2023-03-13,SKU-001,DC-06,211
2023-03-14,SKU-001,DC-06,277
2023-03-15,SKU-001,DC-06,246
2023-03-16,SKU-001,DC-06,54
2023-03-17,SKU-001,DC-06,204
2023-03-18,SKU-001,DC-06,61
2023-03-19,SKU-001,DC-06,120
2023-03-20,SKU-001,DC-06,331
2023-03-21,SKU-001,DC-06,329
2023-03-22,SKU-001,DC-06,347
2023-03-23,SKU-001,DC-06,145
2023-03-24,SKU-001,DC-06,198
2023-03-25,SKU-001,DC-06,93
2023-03-26,SKU-001,DC-06,119
2023-03-27,SKU-001,DC-06,279
2023-03-28,SKU-001,DC-06,310
2023-03-29,SKU-001,DC-06,200
2023-03-30,SKU-001,DC-06,139
2023-03-31,SKU-001,DC-06,169
2023-04-01,SKU-001,DC-06,84
2023-04-02,SKU-001,DC-06,102
2023-04-03,SKU-001,DC-06,104
2023-04-04,SKU-001,DC-06,216
2023-04-05,SKU-001,DC-06,109
2023-04-06,SKU-001,DC-06,134
2023-04-07,SKU-001,DC-06,68
2023-04-08,SKU-001,DC-06,77
2023-04-09,SKU-001,DC-06,139
2023-04-10,SKU-001,DC-06,197
2023-04-11,SKU-001,DC-06,122
2023-04-12,SKU-001,DC-06,212
2023-04-13,SKU-001,DC-06,271
2023-04-14,SKU-001,DC-06,327
2023-04-15,SKU-001,DC-06,329
2023-04-16,SKU-001,DC-06,146
2023-04-17,SKU-001,DC-06,104
2023-04-18,SKU-001,DC-06,164
2023-04-19,SKU-001,DC-06,178
2023-04-20,SKU-001,DC-06,216
2023-04-21,SKU-001,DC-06,226
2023-04-22,SKU-001,DC-06,146
2023-04-23,SKU-001,DC-06,118
2023-04-24,SKU-001,DC-06,169
2023-04-25,SKU-001,DC-06,223
2023-04-26,SKU-001,DC-06,169
2023-04-27,SKU-001,DC-06,200
2023-04-28,SKU-001,DC-06,210
2023-04-29,SKU-001,DC-06,81
2023-04-30,SKU-001,DC-06,148
2023-05-01,SKU-001,DC-06,107
2023-05-02,SKU-001,DC-06,48
2023-05-03,SKU-001,DC-06,172
2023-05-04,SKU-001,DC-06,97
2023-05-05,SKU-001,DC-06,281
2023-05-06,SKU-001,DC-06,74
2023-05-07,SKU-001,DC-06,68
2023-05-08,SKU-001,DC-06,126
2023-05-09,SKU-001,DC-06,415
2023-05-10,SKU-001,DC-06,144
2023-05-11,SKU-001,DC-06,218
2023-05-12,SKU-001,DC-06,182
2023-05-13,SKU-001,DC-06,80
2023-05-14,SKU-001,DC-06,98
2023-05-15,SKU-001,DC-06,245
2023-05-16,SKU-001,DC-06,158
2023-05-17,SKU-001,DC-06,203
2023-05-18,SKU-001,DC-06,77
2023-05-19,SKU-001,DC-06,132
2023-05-20,SKU-001,DC-06,123
2023-05-21,SKU-001,DC-06,81
2023-05-22,SKU-001,DC-06,156
2023-05-23,SKU-001,DC-06,206
2023-05-24,SKU-001,DC-06,176
2023-05-25,SKU-001,DC-06,100
2023-05-26,SKU-001,DC-06,192
2023-05-27,SKU-001,DC-06,28
2023-05-28,SKU-001,DC-06,190
2023-05-29,SKU-001,DC-06,206
2023-05-30,SKU-001,DC-06,419
2023-05-31,SKU-001,DC-06,99
2023-06-01,SKU-001,DC-06,110
2023-06-02,SKU-001,DC-06,174
2023-06-03,SKU-001,DC-06,131
2023-06-04,SKU-001,DC-06,162
2023-06-05,SKU-001,DC-06,219
2023-06-06,SKU-001,DC-06,387
2023-06-07,SKU-001,DC-06,375
2023-06-08,SKU-001,DC-06,99
2023-06-09,SKU-001,DC-06,144
2023-06-10,SKU-001,DC-06,141
2023-06-11,SKU-001,DC-06,179
2023-06-12,SKU-001,DC-06,218
2023-06-13,SKU-001,DC-06,264
2023-06-14,SKU-001,DC-06,167
2023-06-15,SKU-001,DC-06,79
2023-06-16,SKU-001,DC-06,343
2023-06-17,SKU-001,DC-06,97
2023-06-18,SKU-001,DC-06,64
2023-06-19,SKU-001,DC-06,185
2023-06-20,SKU-001,DC-06,222
2023-06-21,SKU-001,DC-06,117
2023-06-22,SKU-001,DC-06,173
2023-06-23,SKU-001,DC-06,128
2023-06-24,SKU-001,DC-06,99
2023-06-25,SKU-001,DC-06,67
2023-06-26,SKU-001,DC-06,231
2023-06-27,SKU-001,DC-06,111
2023-06-28,SKU-001,DC-06,222
2023-06-29,SKU-001,DC-06,218
2023-06-30,SKU-001,DC-06,153
2023-07-01,SKU-001,DC-06,120
2023-07-02,SKU-001,DC-06,138
2023-07-03,SKU-001,DC-06,160
2023-07-04,SKU-001,DC-06,103
2023-07-05,SKU-001,DC-06,102
2023-07-06,SKU-001,DC-06,184
2023-07-07,SKU-001,DC-06,61
2023-07-08,SKU-001,DC-06,95
2023-07-09,SKU-001,DC-06,103
2023-07-10,SKU-001,DC-06,141
2023-07-11,SKU-001,DC-06,185
2023-07-12,SKU-001,DC-06,104
2023-07-13,SKU-001,DC-06,112
2023-07-14,SKU-001,DC-06,190
2023-07-15,SKU-001,DC-06,76
2023-07-16,SKU-001,DC-06,43
2023-07-17,SKU-001,DC-06,155
2023-07-18,SKU-001,DC-06,212
2023-07-19,SKU-001,DC-06,71
2023-07-20,SKU-001,DC-06,136
2023-07-21,SKU-001,DC-06,249
2023-07-22,SKU-001,DC-06,189
2023-07-23,SKU-001,DC-06,119
2023-07-24,SKU-001,DC-06,110
2023-07-25,SKU-001,DC-06,177
2023-07-26,SKU-001,DC-06,152
2023-07-27,SKU-001,DC-06,202
2023-07-28,SKU-001,DC-06,206
2023-07-29,SKU-001,DC-06,94
2023-07-30,SKU-001,DC-06,96
2023-07-31,SKU-001,DC-06,188
2023-08-01,SKU-001,DC-06,100
2023-08-02,SKU-001,DC-06,151
2023-08-03,SKU-001,DC-06,194
2023-08-04,SKU-001,DC-06,133
2023-08-05,SKU-001,DC-06,63
2023-08-06,SKU-001,DC-06,38
2023-08-07,SKU-001,DC-06,64
2023-08-08,SKU-001,DC-06,258
2023-08-09,SKU-001,DC-06,163
2023-08-10,SKU-001,DC-06,101
2023-08-11,SKU-001,DC-06,335
2023-08-12,SKU-001,DC-06,155
2023-08-13,SKU-001,DC-06,154
2023-08-14,SKU-001,DC-06,100
2023-08-15,SKU-001,DC-06,182
2023-08-16,SKU-001,DC-06,149
2023-08-17,SKU-001,DC-06,99
2023-08-18,SKU-001,DC-06,189
2023-08-19,SKU-001,DC-06,164
2023-08-20,SKU-001,DC-06,108
2023-08-21,SKU-001,DC-06,149
2023-08-22,SKU-001,DC-06,118
2023-08-23,SKU-001,DC-06,170
2023-08-24,SKU-001,DC-06,256
2023-08-25,SKU-001,DC-06,107
2023-08-26,SKU-001,DC-06,113
2023-08-27,SKU-001,DC-06,69
2023-08-28,SKU-001,DC-06,71
2023-08-29,SKU-001,DC-06,136
2023-08-30,SKU-001,DC-06,75
2023-08-31,SKU-001,DC-06,428
2023-09-01,SKU-001,DC-06,87
2023-09-02,SKU-001,DC-06,91
2023-09-03,SKU-001,DC-06,30
2023-09-04,SKU-001,DC-06,145
2023-09-05,SKU-001,DC-06,201
2023-09-06,SKU-001,DC-06,136
2023-09-07,SKU-001,DC-06,60
2023-09-08,SKU-001,DC-06,161
2023-09-09,SKU-001,DC-06,159
2023-09-10,SKU-001,DC-06,106
2023-09-11,SKU-001,DC-06,96
2023-09-12,SKU-001,DC-06,194
2023-09-13,SKU-001,DC-06,85
2023-09-14,SKU-001,DC-06,266
2023-09-15,SKU-001,DC-06,139
2023-09-16,SKU-001,DC-06,152
2023-09-17,SKU-001,DC-06,97
2023-09-18,SKU-001,DC-06,230
2023-09-19,SKU-001,DC-06,125
2023-09-20,SKU-001,DC-06,365
2023-09-21,SKU-001,DC-06,199
2023-09-22,SKU-001,DC-06,166
2023-09-23,SKU-001,DC-06,95
2023-09-24,SKU-001,DC-06,143
2023-09-25,SKU-001,DC-06,148
2023-09-26,SKU-001,DC-06,129
2023-09-27,SKU-001,DC-06,364
2023-09-28,SKU-001,DC-06,48
2023-09-29,SKU-001,DC-06,160
2023-09-30,SKU-001,DC-06,73
2023-10-01,SKU-001,DC-06,97
2023-10-02,SKU-001,DC-06,188
2023-10-03,SKU-001,DC-06,203
2023-10-04,SKU-001,DC-06,126
2023-10-05,SKU-001,DC-06,96
2023-10-06,SKU-001,DC-06,211
2023-10-07,SKU-001,DC-06,114
2023-10-08,SKU-001,DC-06,180
2023-10-09,SKU-001,DC-06,381
2023-10-10,SKU-001,DC-06,288
2023-10-11,SKU-001,DC-06,275
2023-10-12,SKU-001,DC-06,219
2023-10-13,SKU-001,DC-06,48
2023-10-14,SKU-001,DC-06,158
2023-10-15,SKU-001,DC-06,175
2023-10-16,SKU-001,DC-06,183
2023-10-17,SKU-001,DC-06,296
2023-10-18,SKU-001,DC-06,355
2023-10-19,SKU-001,DC-06,151
2023-10-20,SKU-001,DC-06,324
2023-10-21,SKU-001,DC-06,155
2023-10-22,SKU-001,DC-06,67
2023-10-23,SKU-001,DC-06,263
2023-10-24,SKU-001,DC-06,343
2023-10-25,SKU-001,DC-06,446
2023-10-26,SKU-001,DC-06,380
2023-10-27,SKU-001,DC-06,255
2023-10-28,SKU-001,DC-06,101
2023-10-29,SKU-001,DC-06,79
2023-10-30,SKU-001,DC-06,218
2023-10-31,SKU-001,DC-06,363
2023-11-01,SKU-001,DC-06,312
2023-11-02,SKU-001,DC-06,191
2023-11-03,SKU-001,DC-06,259
2023-11-04,SKU-001,DC-06,108
2023-11-05,SKU-001,DC-06,165
2023-11-06,SKU-001,DC-06,139
2023-11-07,SKU-001,DC-06,492
2023-11-08,SKU-001,DC-06,204
2023-11-09,SKU-001,DC-06,177
2023-11-10,SKU-001,DC-06,246
2023-11-11,SKU-001,DC-06,276
2023-11-12,SKU-001,DC-06,183
2023-11-13,SKU-001,DC-06,327
2023-11-14,SKU-001,DC-06,276
2023-11-15,SKU-001,DC-06,315
2023-11-16,SKU-001,DC-06,274
2023-11-17,SKU-001,DC-06,340
2023-11-18,SKU-001,DC-06,172
2023-11-19,SKU-001,DC-06,98
2023-11-20,SKU-001,DC-06,148
2023-11-21,SKU-001,DC-06,291
2023-11-22,SKU-001,DC-06,67
2023-11-23,SKU-001,DC-06,167
2023-11-24,SKU-001,DC-06,323
2023-11-25,SKU-001,DC-06,148
2023-11-26,SKU-001,DC-06,136
2023-11-27,SKU-001,DC-06,116
2023-11-28,SKU-001,DC-06,186
2023-11-29,SKU-001,DC-06,357
2023-11-30,SKU-001,DC-06,117
2023-12-01,SKU-001,DC-06,158
2023-12-02,SKU-001,DC-06,114
2023-12-03,SKU-001,DC-06,196
2023-12-04,SKU-001,DC-06,171
2023-12-05,SKU-001,DC-06,192
2023-12-06,SKU-001,DC-06,93
2023-12-07,SKU-001,DC-06,216
2023-12-08,SKU-001,DC-06,213
2023-12-09,SKU-001,DC-06,254
2023-12-10,SKU-001,DC-06,80
2023-12-11,SKU-001,DC-06,303
2023-12-12,SKU-001,DC-06,113
2023-12-13,SKU-001,DC-06,222
2023-12-14,SKU-001,DC-06,235
2023-12-15,SKU-001,DC-06,243
2023-12-16,SKU-001,DC-06,170
2023-12-17,SKU-001,DC-06,258
2023-12-18,SKU-001,DC-06,170
2023-12-19,SKU-001,DC-06,327
2023-12-20,SKU-001,DC-06,327
2023-12-21,SKU-001,DC-06,385
2023-12-22,SKU-001,DC-06,212
2023-12-23,SKU-001,DC-06,198
2023-12-24,SKU-001,DC-06,130
2023-12-25,SKU-001,DC-06,453
2023-12-26,SKU-001,DC-06,206
2023-12-27,SKU-001,DC-06,267
2023-12-28,SKU-001,DC-06,342
2023-12-29,SKU-001,DC-06,265
2023-12-30,SKU-001,DC-06,114
2023-12-31,SKU-001,DC-06,163
2024-01-01,SKU-001,DC-06,449
2024-01-02,SKU-001,DC-06,348
2024-01-03,SKU-001,DC-06,151
2024-01-04,SKU-001,DC-06,360
2024-01-05,SKU-001,DC-06,322
2024-01-06,SKU-001,DC-06,180
2024-01-07,SKU-001,DC-06,96
2024-01-08,SKU-001,DC-06,399
2024-01-09,SKU-001,DC-06,333
2024-01-10,SKU-001,DC-06,241
2024-01-11,SKU-001,DC-06,453
2024-01-12,SKU-001,DC-06,297
2024-01-13,SKU-001,DC-06,54
2024-01-14,SKU-001,DC-06,79
2024-01-15,SKU-001,DC-06,208
2024-01-16,SKU-001,DC-06,267
2024-01-17,SKU-001,DC-06,272
2024-01-18,SKU-001,DC-06,278
2024-01-19,SKU-001,DC-06,103
2024-01-20,SKU-001,DC-06,123
2024-01-21,SKU-001,DC-06,323
2024-01-22,SKU-001,DC-06,204
2024-01-23,SKU-001,DC-06,180
2024-01-24,SKU-001,DC-06,229
2024-01-25,SKU-001,DC-06,291
2024-01-26,SKU-001,DC-06,260
2024-01-27,SKU-001,DC-06,268
2024-01-28,SKU-001,DC-06,150
2024-01-29,SKU-001,DC-06,358
2024-01-30,SKU-001,DC-06,197
2024-01-31,SKU-001,DC-06,368
2024-02-01,SKU-001,DC-06,271
2024-02-02,SKU-001,DC-06,333
2024-02-03,SKU-001,DC-06,41
2024-02-04,SKU-001,DC-06,197
2024-02-05,SKU-001,DC-06,294
2024-02-06,SKU-001,DC-06,278
2024-02-07,SKU-001,DC-06,333
2024-02-08,SKU-001,DC-06,233
2024-02-09,SKU-001,DC-06,244
2024-02-10,SKU-001,DC-06,83
2024-02-11,SKU-001,DC-06,193
2024-02-12,SKU-001,DC-06,287
2024-02-13,SKU-001,DC-06,101
2024-02-14,SKU-001,DC-06,542
2024-02-15,SKU-001,DC-06,271
2024-02-16,SKU-001,DC-06,313
2024-02-17,SKU-001,DC-06,197
2024-02-18,SKU-001,DC-06,249
2024-02-19,SKU-001,DC-06,202
2024-02-20,SKU-001,DC-06,120
2024-02-21,SKU-001,DC-06,135
2024-02-22,SKU-001,DC-06,425
2024-02-23,SKU-001,DC-06,454
2024-02-24,SKU-001,DC-06,111
2024-02-25,SKU-001,DC-06,131
2024-02-26,SKU-001,DC-06,313
2024-02-27,SKU-001,DC-06,181
2024-02-28,SKU-001,DC-06,464
2024-02-29,SKU-001,DC-06,217
2024-03-01,SKU-001,DC-06,172
2024-03-02,SKU-001,DC-06,115
2024-03-03,SKU-001,DC-06,118
2024-03-04,SKU-001,DC-06,314
2024-03-05,SKU-001,DC-06,148
2024-03-06,SKU-001,DC-06,293
2024-03-07,SKU-001,DC-06,146
2024-03-08,SKU-001,DC-06,299
2024-03-09,SKU-001,DC-06,81
2024-03-10,SKU-001,DC-06,126
2024-03-11,SKU-001,DC-06,383
2024-03-12,SKU-001,DC-06,469
2024-03-13,SKU-001,DC-06,318
2024-03-14,SKU-001,DC-06,197
2024-03-15,SKU-001,DC-06,256
2024-03-16,SKU-001,DC-06,136
2024-03-17,SKU-001,DC-06,193
2024-03-18,SKU-001,DC-06,308
2024-03-19,SKU-001,DC-06,466
2024-03-20,SKU-001,DC-06,237
2024-03-21,SKU-001,DC-06,193
2024-03-22,SKU-001,DC-06,312
2024-03-23,SKU-001,DC-06,114
2024-03-24,SKU-001,DC-06,118
2024-03-25,SKU-001,DC-06,231
2024-03-26,SKU-001,DC-06,291
2024-03-27,SKU-001,DC-06,232
2024-03-28,SKU-001,DC-06,218
2024-03-29,SKU-001,DC-06,226
2024-03-30,SKU-001,DC-06,181
2024-03-31,SKU-001,DC-06,73
2024-04-01,SKU-001,DC-06,264
2024-04-02,SKU-001,DC-06,283
2024-04-03,SKU-001,DC-06,228
2024-04-04,SKU-001,DC-06,188
2024-04-05,SKU-001,DC-06,103
2024-04-06,SKU-001,DC-06,155
2024-04-07,SKU-001,DC-06,83
2024-04-08,SKU-001,DC-06,229
2024-04-09,SKU-001,DC-06,110
2024-04-10,SKU-001,DC-06,211
2024-04-11,SKU-001,DC-06,157
2024-04-12,SKU-001,DC-06,243
2024-04-13,SKU-001,DC-06,81
2024-04-14,SKU-001,DC-06,102
2024-04-15,SKU-001,DC-06,195
2024-04-16,SKU-001,DC-06,447
2024-04-17,SKU-001,DC-06,207
2024-04-18,SKU-001,DC-06,223
2024-04-19,SKU-001,DC-06,85
2024-04-20,SKU-001,DC-06,166
2024-04-21,SKU-001,DC-06,62
2024-04-22,SKU-001,DC-06,141
2024-04-23,SKU-001,DC-06,239
2024-04-24,SKU-001,DC-06,71
2024-04-25,SKU-001,DC-06,174
2024-04-26,SKU-001,DC-06,196
2024-04-27,SKU-001,DC-06,133
2024-04-28,SKU-001,DC-06,84
2024-04-29,SKU-001,DC-06,186
2024-04-30,SKU-001,DC-06,273
2024-05-01,SKU-001,DC-06,311
2024-05-02,SKU-001,DC-06,146
2024-05-03,SKU-001,DC-06,243
2024-05-04,SKU-001,DC-06,85
2024-05-05,SKU-001,DC-06,137
2024-05-06,SKU-001,DC-06,185
2024-05-07,SKU-001,DC-06,168
2024-05-08,SKU-001,DC-06,288
2024-05-09,SKU-001,DC-06,209
2024-05-10,SKU-001,DC-06,116
2024-05-11,SKU-001,DC-06,67
2024-05-12,SKU-001,DC-06,163
2024-05-13,SKU-001,DC-06,392
2024-05-14,SKU-001,DC-06,166
2024-05-15,SKU-001,DC-06,108
2024-05-16,SKU-001,DC-06,164
2024-05-17,SKU-001,DC-06,160
2024-05-18,SKU-001,DC-06,179
2024-05-19,SKU-001,DC-06,50
2024-05-20,SKU-001,DC-06,84
2024-05-21,SKU-001,DC-06,197
2024-05-22,SKU-001,DC-06,134
2024-05-23,SKU-001,DC-06,68
2024-05-24,SKU-001,DC-06,131
2024-05-25,SKU-001,DC-06,95
2024-05-26,SKU-001,DC-06,97
2024-05-27,SKU-001,DC-06,140
2024-05-28,SKU-001,DC-06,137
2024-05-29,SKU-001,DC-06,152
2024-05-30,SKU-001,DC-06,305
2024-05-31,SKU-001,DC-06,187
2024-06-01,SKU-001,DC-06,112
2024-06-02,SKU-001,DC-06,126
2024-06-03,SKU-001,DC-06,175
2024-06-04,SKU-001,DC-06,122
2024-06-05,SKU-001,DC-06,208
2024-06-06,SKU-001,DC-06,122
2024-06-07,SKU-001,DC-06,194
2024-06-08,SKU-001,DC-06,90
2024-06-09,SKU-001,DC-06,60
2024-06-10,SKU-001,DC-06,195
2024-06-11,SKU-001,DC-06,82
2024-06-12,SKU-001,DC-06,192
2024-06-13,SKU-001,DC-06,151
2024-06-14,SKU-001,DC-06,166
2024-06-15,SKU-001,DC-06,117
2024-06-16,SKU-001,DC-06,102
2024-06-17,SKU-001,DC-06,97
2024-06-18,SKU-001,DC-06,290
2024-06-19,SKU-001,DC-06,162
2024-06-20,SKU-001,DC-06,154
2024-06-21,SKU-001,DC-06,187
2024-06-22,SKU-001,DC-06,109
2024-06-23,SKU-001,DC-06,89
2024-06-24,SKU-001,DC-06,138
2024-06-25,SKU-001,DC-06,186
2024-06-26,SKU-001,DC-06,67
2024-06-27,SKU-001,DC-06,201
2024-06-28,SKU-001,DC-06,100
2024-06-29,SKU-001,DC-06,73
2024-06-30,SKU-001,DC-06,98
2024-07-01,SKU-001,DC-06,127
2024-07-02,SKU-001,DC-06,176
2024-07-03,SKU-001,DC-06,205
2024-07-04,SKU-001,DC-06,206
2024-07-05,SKU-001,DC-06,114
2024-07-06,SKU-001,DC-06,59
2024-07-07,SKU-001,DC-06,38
2024-07-08,SKU-001,DC-06,39
2024-07-09,SKU-001,DC-06,98
2024-07-10,SKU-001,DC-06,114
2024-07-11,SKU-001,DC-06,272
2024-07-12,SKU-001,DC-06,181
2024-07-13,SKU-001,DC-06,149
2024-07-14,SKU-001,DC-06,127
2024-07-15,SKU-001,DC-06,140
2024-07-16,SKU-001,DC-06,311
2024-07-17,SKU-001,DC-06,165
2024-07-18,SKU-001,DC-06,237
2024-07-19,SKU-001,DC-06,103
2024-07-20,SKU-001,DC-06,59
2024-07-21,SKU-001,DC-06,54
2024-07-22,SKU-001,DC-06,202
2024-07-23,SKU-001,DC-06,203
2024-07-24,SKU-001,DC-06,466
2024-07-25,SKU-001,DC-06,123
2024-07-26,SKU-001,DC-06,121
2024-07-27,SKU-001,DC-06,40
2024-07-28,SKU-001,DC-06,191
2024-07-29,SKU-001,DC-06,174
2024-07-30,SKU-001,DC-06,288
2024-07-31,SKU-001,DC-06,253
2024-08-01,SKU-001,DC-06,153
2024-08-02,SKU-001,DC-06,219
2024-08-03,SKU-001,DC-06,119
2024-08-04,SKU-001,DC-06,53
2024-08-05,SKU-001,DC-06,203
2024-08-06,SKU-001,DC-06,183
2024-08-07,SKU-001,DC-06,181
2024-08-08,SKU-001,DC-06,168
2024-08-09,SKU-001,DC-06,198
2024-08-10,SKU-001,DC-06,73
2024-08-11,SKU-001,DC-06,95
2024-08-12,SKU-001,DC-06,67
2024-08-13,SKU-001,DC-06,170
2024-08-14,SKU-001,DC-06,232
2024-08-15,SKU-001,DC-06,317
2024-08-16,SKU-001,DC-06,92
2024-08-17,SKU-001,DC-06,99
2024-08-18,SKU-001,DC-06,63
2024-08-19,SKU-001,DC-06,214
2024-08-20,SKU-001,DC-06,338
2024-08-21,SKU-001,DC-06,292
2024-08-22,SKU-001,DC-06,378
2024-08-23,SKU-001,DC-06,154
2024-08-24,SKU-001,DC-06,162
2024-08-25,SKU-001,DC-06,105
2024-08-26,SKU-001,DC-06,218
2024-08-27,SKU-001,DC-06,128
2024-08-28,SKU-001,DC-06,193
2024-08-29,SKU-001,DC-06,185
2024-08-30,SKU-001,DC-06,307
2024-08-31,SKU-001,DC-06,143
2024-09-01,SKU-001,DC-06,188
2024-09-02,SKU-001,DC-06,157
2024-09-03,SKU-001,DC-06,77
2024-09-04,SKU-001,DC-06,57
2024-09-05,SKU-001,DC-06,242
2024-09-06,SKU-001,DC-06,274
2024-09-07,SKU-001,DC-06,131
2024-09-08,SKU-001,DC-06,97
2024-09-09,SKU-001,DC-06,231
2024-09-10,SKU-001,DC-06,137
2024-09-11,SKU-001,DC-06,92
2024-09-12,SKU-001,DC-06,289
2024-09-13,SKU-001,DC-06,136
2024-09-14,SKU-001,DC-06,137
2024-09-15,SKU-001,DC-06,44
2024-09-16,SKU-001,DC-06,207
2024-09-17,SKU-001,DC-06,167
2024-09-18,SKU-001,DC-06,152
2024-09-19,SKU-001,DC-06,178
2024-09-20,SKU-001,DC-06,220
2024-09-21,SKU-001,DC-06,155
2024-09-22,SKU-001,DC-06,48
2024-09-23,SKU-001,DC-06,95
2024-09-24,SKU-001,DC-06,214
2024-09-25,SKU-001,DC-06,146
2024-09-26,SKU-001,DC-06,236
2024-09-27,SKU-001,DC-06,185
2024-09-28,SKU-001,DC-06,76
2024-09-29,SKU-001,DC-06,101
2024-09-30,SKU-001,DC-06,104
2024-10-01,SKU-001,DC-06,149
2024-10-02,SKU-001,DC-06,336
2024-10-03,SKU-001,DC-06,136
2024-10-04,SKU-001,DC-06,184
2024-10-05,SKU-001,DC-06,102
2024-10-06,SKU-001,DC-06,116
2024-10-07,SKU-001,DC-06,343
2024-10-08,SKU-001,DC-06,304
2024-10-09,SKU-001,DC-06,384
2024-10-10,SKU-001,DC-06,274
2024-10-11,SKU-001,DC-06,209
2024-10-12,SKU-001,DC-06,199
2024-10-13,SKU-001,DC-06,311
2024-10-14,SKU-001,DC-06,165
2024-10-15,SKU-001,DC-06,135
2024-10-16,SKU-001,DC-06,258
2024-10-17,SKU-001,DC-06,184
2024-10-18,SKU-001,DC-06,341
2024-10-19,SKU-001,DC-06,86
2024-10-20,SKU-001,DC-06,120
2024-10-21,SKU-001,DC-06,229
2024-10-22,SKU-001,DC-06,211
2024-10-23,SKU-001,DC-06,224
2024-10-24,SKU-001,DC-06,355
2024-10-25,SKU-001,DC-06,300
2024-10-26,SKU-001,DC-06,271
2024-10-27,SKU-001,DC-06,176
2024-10-28,SKU-001,DC-06,199
2024-10-29,SKU-001,DC-06,140
2024-10-30,SKU-001,DC-06,156
2024-10-31,SKU-001,DC-06,435
2024-11-01,SKU-001,DC-06,368
2024-11-02,SKU-001,DC-06,182
2024-11-03,SKU-001,DC-06,193
2024-11-04,SKU-001,DC-06,272
2024-11-05,SKU-001,DC-06,203
2024-11-06,SKU-001,DC-06,312
2024-11-07,SKU-001,DC-06,309
2024-11-08,SKU-001,DC-06,347
2024-11-09,SKU-001,DC-06,132
2024-11-10,SKU-001,DC-06,150
2024-11-11,SKU-001,DC-06,235
2024-11-12,SKU-001,DC-06,422
2024-11-13,SKU-001,DC-06,365
2024-11-14,SKU-001,DC-06,393
2024-11-15,SKU-001,DC-06,151
2024-11-16,SKU-001,DC-06,240
2024-11-17,SKU-001,DC-06,223
2024-11-18,SKU-001,DC-06,181
2024-11-19,SKU-001,DC-06,214
2024-11-20,SKU-001,DC-06,323
2024-11-21,SKU-001,DC-06,187
2024-11-22,SKU-001,DC-06,436
2024-11-23,SKU-001,DC-06,79
2024-11-24,SKU-001,DC-06,93
2024-11-25,SKU-001,DC-06,194
2024-11-26,SKU-001,DC-06,271
2024-11-27,SKU-001,DC-06,195
2024-11-28,SKU-001,DC-06,151
2024-11-29,SKU-001,DC-06,165
2024-11-30,SKU-001,DC-06,163
2024-12-01,SKU-001,DC-06,105
2024-12-02,SKU-001,DC-06,207
2024-12-03,SKU-001,DC-06,312
2024-12-04,SKU-001,DC-06,391
2024-12-05,SKU-001,DC-06,388
2024-12-06,SKU-001,DC-06,529
2024-12-07,SKU-001,DC-06,252
2024-12-08,SKU-001,DC-06,134
2024-12-09,SKU-001,DC-06,418
2024-12-10,SKU-001,DC-06,180
2024-12-11,SKU-001,DC-06,334
2024-12-12,SKU-001,DC-06,362
2024-12-13,SKU-001,DC-06,136
2024-12-14,SKU-001,DC-06,243
2024-12-15,SKU-001,DC-06,91
2024-12-16,SKU-001,DC-06,367
2024-12-17,SKU-001,DC-06,500
2024-12-18,SKU-001,DC-06,371
2024-12-19,SKU-001,DC-06,262
2024-12-20,SKU-001,DC-06,220
2024-12-21,SKU-001,DC-06,151
2024-12-22,SKU-001,DC-06,283
2024-12-23,SKU-001,DC-06,296
2024-12-24,SKU-001,DC-06,313
2024-12-25,SKU-001,DC-06,314
2024-12-26,SKU-001,DC-06,112
2024-12-27,SKU-001,DC-06,452
2024-12-28,SKU-001,DC-06,145
2024-12-29,SKU-001,DC-06,276
2024-12-30,SKU-001,DC-06,284
2024-12-31,SKU-001,DC-06,353
2023-01-01,SKU-001,DC-07,56
2023-01-02,SKU-001,DC-07,67
2023-01-03,SKU-001,DC-07,126
2023-01-04,SKU-001,DC-07,338
2023-01-05,SKU-001,DC-07,231
2023-01-06,SKU-001,DC-07,397
2023-01-07,SKU-001,DC-07,200
2023-01-08,SKU-001,DC-07,104
2023-01-09,SKU-001,DC-07,390
2023-01-10,SKU-001,DC-07,114
2023-01-11,SKU-001,DC-07,182
2023-01-12,SKU-001,DC-07,170
2023-01-13,SKU-001,DC-07,318
2023-01-14,SKU-001,DC-07,100
2023-01-15,SKU-001,DC-07,71
2023-01-16,SKU-001,DC-07,202
2023-01-17,SKU-001,DC-07,178
2023-01-18,SKU-001,DC-07,459
2023-01-19,SKU-001,DC-07,128
2023-01-20,SKU-001,DC-07,209
2023-01-21,SKU-001,DC-07,177
2023-01-22,SKU-001,DC-07,135
2023-01-23,SKU-001,DC-07,259
2023-01-24,SKU-001,DC-07,143
2023-01-25,SKU-001,DC-07,139
2023-01-26,SKU-001,DC-07,244
2023-01-27,SKU-001,DC-07,162
2023-01-28,SKU-001,DC-07,121
2023-01-29,SKU-001,DC-07,199
2023-01-30,SKU-001,DC-07,270
2023-01-31,SKU-001,DC-07,350
2023-02-01,SKU-001,DC-07,234
2023-02-02,SKU-001,DC-07,242
2023-02-03,SKU-001,DC-07,384
2023-02-04,SKU-001,DC-07,73
2023-02-05,SKU-001,DC-07,64
2023-02-06,SKU-001,DC-07,216
2023-02-07,SKU-001,DC-07,112
2023-02-08,SKU-001,DC-07,245
2023-02-09,SKU-001,DC-07,191
2023-02-10,SKU-001,DC-07,206
2023-02-11,SKU-001,DC-07,106
2023-02-12,SKU-001,DC-07,126
2023-02-13,SKU-001,DC-07,93
2023-02-14,SKU-001,DC-07,135
2023-02-15,SKU-001,DC-07,169
2023-02-16,SKU-001,DC-07,78
2023-02-17,SKU-001,DC-07,173
2023-02-18,SKU-001,DC-07,235
2023-02-19,SKU-001,DC-07,149
2023-02-20,SKU-001,DC-07,101
2023-02-21,SKU-001,DC-07,269
2023-02-22,SKU-001,DC-07,295
2023-02-23,SKU-001,DC-07,147
2023-02-24,SKU-001,DC-07,173
2023-02-25,SKU-001,DC-07,70
2023-02-26,SKU-001,DC-07,113
2023-02-27,SKU-001,DC-07,360
2023-02-28,SKU-001,DC-07,261
2023-03-01,SKU-001,DC-07,108
2023-03-02,SKU-001,DC-07,134
2023-03-03,SKU-001,DC-07,138
2023-03-04,SKU-001,DC-07,105
2023-03-05,SKU-001,DC-07,41
2023-03-06,SKU-001,DC-07,189
2023-03-07,SKU-001,DC-07,151
2023-03-08,SKU-001,DC-07,228
2023-03-09,SKU-001,DC-07,199
2023-03-10,SKU-001,DC-07,144
2023-03-11,SKU-001,DC-07,207
2023-03-12,SKU-001,DC-07,81
2023-03-13,SKU-001,DC-07,245
2023-03-14,SKU-001,DC-07,37
2023-03-15,SKU-001,DC-07,217
2023-03-16,SKU-001,DC-07,162
2023-03-17,SKU-001,DC-07,34
2023-03-18,SKU-001,DC-07,80
2023-03-19,SKU-001,DC-07,62
2023-03-20,SKU-001,DC-07,212
2023-03-21,SKU-001,DC-07,117
2023-03-22,SKU-001,DC-07,106
2023-03-23,SKU-001,DC-07,134
2023-03-24,SKU-001,DC-07,332
2023-03-25,SKU-001,DC-07,149
2023-03-26,SKU-001,DC-07,85
2023-03-27,SKU-001,DC-07,151
2023-03-28,SKU-001,DC-07,124
2023-03-29,SKU-001,DC-07,214
2023-03-30,SKU-001,DC-07,120
2023-03-31,SKU-001,DC-07,100
2023-04-01,SKU-001,DC-07,116
2023-04-02,SKU-001,DC-07,48
2023-04-03,SKU-001,DC-07,95
2023-04-04,SKU-001,DC-07,47
2023-04-05,SKU-001,DC-07,241
2023-04-06,SKU-001,DC-07,269
2023-04-07,SKU-001,DC-07,119
2023-04-08,SKU-001,DC-07,110
2023-04-09,SKU-001,DC-07,133
2023-04-10,SKU-001,DC-07,117
2023-04-11,SKU-001,DC-07,223
2023-04-12,SKU-001,DC-07,141
2023-04-13,SKU-001,DC-07,224
2023-04-14,SKU-001,DC-07,326
2023-04-15,SKU-001,DC-07,78
2023-04-16,SKU-001,DC-07,95
2023-04-17,SKU-001,DC-07,165
2023-04-18,SKU-001,DC-07,240
2023-04-19,SKU-001,DC-07,290
2023-04-20,SKU-001,DC-07,196
2023-04-21,SKU-001,DC-07,246
2023-04-22,SKU-001,DC-07,59
2023-04-23,SKU-001,DC-07,116
2023-04-24,SKU-001,DC-07,165
2023-04-25,SKU-001,DC-07,180
2023-04-26,SKU-001,DC-07,144
2023-04-27,SKU-001,DC-07,187
2023-04-28,SKU-001,DC-07,102
2023-04-29,SKU-001,DC-07,84
2023-04-30,SKU-001,DC-07,62
2023-05-01,SKU-001,DC-07,55
2023-05-02,SKU-001,DC-07,189
2023-05-03,SKU-001,DC-07,72
2023-05-04,SKU-001,DC-07,158
2023-05-05,SKU-001,DC-07,106
2023-05-06,SKU-001,DC-07,49
2023-05-07,SKU-001,DC-07,177
2023-05-08,SKU-001,DC-07,188
2023-05-09,SKU-001,DC-07,131
2023-05-10,SKU-001,DC-07,124
2023-05-11,SKU-001,DC-07,185
2023-05-12,SKU-001,DC-07,188
2023-05-13,SKU-001,DC-07,45
2023-05-14,SKU-001,DC-07,82
2023-05-15,SKU-001,DC-07,77
2023-05-16,SKU-001,DC-07,91
2023-05-17,SKU-001,DC-07,192
2023-05-18,SKU-001,DC-07,195
2023-05-19,SKU-001,DC-07,116
2023-05-20,SKU-001,DC-07,21
2023-05-21,SKU-001,DC-07,95
2023-05-22,SKU-001,DC-07,144
2023-05-23,SKU-001,DC-07,69
2023-05-24,SKU-001,DC-07,119
2023-05-25,SKU-001,DC-07,133
2023-05-26,SKU-001,DC-07,139
2023-05-27,SKU-001,DC-07,50
2023-05-28,SKU-001,DC-07,63
2023-05-29,SKU-001,DC-07,89
2023-05-30,SKU-001,DC-07,161
2023-05-31,SKU-001,DC-07,213
2023-06-01,SKU-001,DC-07,118
2023-06-02,SKU-001,DC-07,95
2023-06-03,SKU-001,DC-07,185
2023-06-04,SKU-001,DC-07,211
2023-06-05,SKU-001,DC-07,165
2023-06-06,SKU-001,DC-07,139
2023-06-07,SKU-001,DC-07,289
2023-06-08,SKU-001,DC-07,211
2023-06-09,SKU-001,DC-07,126
2023-06-10,SKU-001,DC-07,36
2023-06-11,SKU-001,DC-07,51
2023-06-12,SKU-001,DC-07,97
2023-06-13,SKU-001,DC-07,198
2023-06-14,SKU-001,DC-07,128
2023-06-15,SKU-001,DC-07,220
2023-06-16,SKU-001,DC-07,48
2023-06-17,SKU-001,DC-07,55
2023-06-18,SKU-001,DC-07,63
2023-06-19,SKU-001,DC-07,74
2023-06-20,SKU-001,DC-07,102
2023-06-21,SKU-001,DC-07,194
2023-06-22,SKU-001,DC-07,86
2023-06-23,SKU-001,DC-07,121
2023-06-24,SKU-001,DC-07,75
2023-06-25,SKU-001,DC-07,66
2023-06-26,SKU-001,DC-07,184
2023-06-27,SKU-001,DC-07,52
2023-06-28,SKU-001,DC-07,155
2023-06-29,SKU-001,DC-07,89
2023-06-30,SKU-001,DC-07,172
2023-07-01,SKU-001,DC-07,63
2023-07-02,SKU-001,DC-07,68
2023-07-03,SKU-001,DC-07,98
2023-07-04,SKU-001,DC-07,59
2023-07-05,SKU-001,DC-07,127
2023-07-06,SKU-001,DC-07,148
2023-07-07,SKU-001,DC-07,59
2023-07-08,SKU-001,DC-07,64
2023-07-09,SKU-001,DC-07,40
2023-07-10,SKU-001,DC-07,183
2023-07-11,SKU-001,DC-07,120
2023-07-12,SKU-001,DC-07,124
2023-07-13,SKU-001,DC-07,211
2023-07-14,SKU-001,DC-07,57
2023-07-15,SKU-001,DC-07,37
2023-07-16,SKU-001,DC-07,84
2023-07-17,SKU-001,DC-07,63
2023-07-18,SKU-001,DC-07,137
2023-07-19,SKU-001,DC-07,120
2023-07-20,SKU-001,DC-07,184
2023-07-21,SKU-001,DC-07,174
2023-07-22,SKU-001,DC-07,58
2023-07-23,SKU-001,DC-07,165
2023-07-24,SKU-001,DC-07,178
2023-07-25,SKU-001,DC-07,80
2023-07-26,SKU-001,DC-07,192
2023-07-27,SKU-001,DC-07,119
2023-07-28,SKU-001,DC-07,57
2023-07-29,SKU-001,DC-07,97
2023-07-30,SKU-001,DC-07,37
2023-07-31,SKU-001,DC-07,159
2023-08-01,SKU-001,DC-07,38
2023-08-02,SKU-001,DC-07,131
2023-08-03,SKU-001,DC-07,99
2023-08-04,SKU-001,DC-07,101
2023-08-05,SKU-001,DC-07,89
2023-08-06,SKU-001,DC-07,69
2023-08-07,SKU-001,DC-07,217
2023-08-08,SKU-001,DC-07,137
2023-08-09,SKU-001,DC-07,117
2023-08-10,SKU-001,DC-07,83
2023-08-11,SKU-001,DC-07,136
2023-08-12,SKU-001,DC-07,62
2023-08-13,SKU-001,DC-07,51
2023-08-14,SKU-001,DC-07,46
2023-08-15,SKU-001,DC-07,126
2023-08-16,SKU-001,DC-07,149
2023-08-17,SKU-001,DC-07,61
2023-08-18,SKU-001,DC-07,81
2023-08-19,SKU-001,DC-07,67
2023-08-20,SKU-001,DC-07,115
2023-08-21,SKU-001,DC-07,168
2023-08-22,SKU-001,DC-07,283
2023-08-23,SKU-001,DC-07,73
2023-08-24,SKU-001,DC-07,158
2023-08-25,SKU-001,DC-07,161
2023-08-26,SKU-001,DC-07,59
2023-08-27,SKU-001,DC-07,48
2023-08-28,SKU-001,DC-07,223
2023-08-29,SKU-001,DC-07,101
2023-08-30,SKU-001,DC-07,113
2023-08-31,SKU-001,DC-07,159
2023-09-01,SKU-001,DC-07,95
2023-09-02,SKU-001,DC-07,34
2023-09-03,SKU-001,DC-07,84
2023-09-04,SKU-001,DC-07,69
2023-09-05,SKU-001,DC-07,172
2023-09-06,SKU-001,DC-07,77
2023-09-07,SKU-001,DC-07,135
2023-09-08,SKU-001,DC-07,127
2023-09-09,SKU-001,DC-07,78
2023-09-10,SKU-001,DC-07,89
2023-09-11,SKU-001,DC-07,143
2023-09-12,SKU-001,DC-07,83
2023-09-13,SKU-001,DC-07,122
2023-09-14,SKU-001,DC-07,212
2023-09-15,SKU-001,DC-07,270
2023-09-16,SKU-001,DC-07,107
2023-09-17,SKU-001,DC-07,72
2023-09-18,SKU-001,DC-07,183
2023-09-19,SKU-001,DC-07,206
2023-09-20,SKU-001,DC-07,75
2023-09-21,SKU-001,DC-07,210
2023-09-22,SKU-001,DC-07,204
2023-09-23,SKU-001,DC-07,55
2023-09-24,SKU-001,DC-07,148
2023-09-25,SKU-001,DC-07,169
2023-09-26,SKU-001,DC-07,108
2023-09-27,SKU-001,DC-07,146
2023-09-28,SKU-001,DC-07,124
2023-09-29,SKU-001,DC-07,158
2023-09-30,SKU-001,DC-07,80
2023-10-01,SKU-001,DC-07,44
2023-10-02,SKU-001,DC-07,285
2023-10-03,SKU-001,DC-07,192
2023-10-04,SKU-001,DC-07,188
2023-10-05,SKU-001,DC-07,162
2023-10-06,SKU-001,DC-07,155
2023-10-07,SKU-001,DC-07,113
2023-10-08,SKU-001,DC-07,40
2023-10-09,SKU-001,DC-07,209
2023-10-10,SKU-001,DC-07,170
2023-10-11,SKU-001,DC-07,173
2023-10-12,SKU-001,DC-07,102
2023-10-13,SKU-001,DC-07,124
2023-10-14,SKU-001,DC-07,89
2023-10-15,SKU-001,DC-07,160
2023-10-16,SKU-001,DC-07,101
2023-10-17,SKU-001,DC-07,263
2023-10-18,SKU-001,DC-07,207
2023-10-19,SKU-001,DC-07,98
2023-10-20,SKU-001,DC-07,124
2023-10-21,SKU-001,DC-07,204
2023-10-22,SKU-001,DC-07,117
2023-10-23,SKU-001,DC-07,131
2023-10-24,SKU-001,DC-07,174
2023-10-25,SKU-001,DC-07,256
2023-10-26,SKU-001,DC-07,350
2023-10-27,SKU-001,DC-07,166
2023-10-28,SKU-001,DC-07,111
2023-10-29,SKU-001,DC-07,98
2023-10-30,SKU-001,DC-07,271
2023-10-31,SKU-001,DC-07,298
2023-11-01,SKU-001,DC-07,186
2023-11-02,SKU-001,DC-07,260
2023-11-03,SKU-001,DC-07,80
2023-11-04,SKU-001,DC-07,151
2023-11-05,SKU-001,DC-07,117
2023-11-06,SKU-001,DC-07,153
2023-11-07,SKU-001,DC-07,121
2023-11-08,SKU-001,DC-07,245
2023-11-09,SKU-001,DC-07,121
2023-11-10,SKU-001,DC-07,176
2023-11-11,SKU-001,DC-07,114
2023-11-12,SKU-001,DC-07,84
2023-11-13,SKU-001,DC-07,263
2023-11-14,SKU-001,DC-07,276
2023-11-15,SKU-001,DC-07,196
2023-11-16,SKU-001,DC-07,130
2023-11-17,SKU-001,DC-07,222
2023-11-18,SKU-001,DC-07,144
2023-11-19,SKU-001,DC-07,87
2023-11-20,SKU-001,DC-07,299
2023-11-21,SKU-001,DC-07,391
2023-11-22,SKU-001,DC-07,153
2023-11-23,SKU-001,DC-07,304
2023-11-24,SKU-001,DC-07,370
2023-11-25,SKU-001,DC-07,32
2023-11-26,SKU-001,DC-07,200
2023-11-27,SKU-001,DC-07,244
2023-11-28,SKU-001,DC-07,244
2023-11-29,SKU-001,DC-07,217
2023-11-30,SKU-001,DC-07,287
2023-12-01,SKU-001,DC-07,220
2023-12-02,SKU-001,DC-07,66
2023-12-03,SKU-001,DC-07,82
2023-12-04,SKU-001,DC-07,274
2023-12-05,SKU-001,DC-07,163
2023-12-06,SKU-001,DC-07,288
2023-12-07,SKU-001,DC-07,241
2023-12-08,SKU-001,DC-07,361
2023-12-09,SKU-001,DC-07,121
2023-12-10,SKU-001,DC-07,165
2023-12-11,SKU-001,DC-07,255
2023-12-12,SKU-001,DC-07,244
2023-12-13,SKU-001,DC-07,98
2023-12-14,SKU-001,DC-07,414
2023-12-15,SKU-001,DC-07,374
2023-12-16,SKU-001,DC-07,74
2023-12-17,SKU-001,DC-07,91
2023-12-18,SKU-001,DC-07,322
2023-12-19,SKU-001,DC-07,95
2023-12-20,SKU-001,DC-07,192
2023-12-21,SKU-001,DC-07,315
2023-12-22,SKU-001,DC-07,225
2023-12-23,SKU-001,DC-07,97
2023-12-24,SKU-001,DC-07,167
2023-12-25,SKU-001,DC-07,226
2023-12-26,SKU-001,DC-07,220
2023-12-27,SKU-001,DC-07,221
2023-12-28,SKU-001,DC-07,259
2023-12-29,SKU-001,DC-07,180
2023-12-30,SKU-001,DC-07,113
2023-12-31,SKU-001,DC-07,42
2024-01-01,SKU-001,DC-07,69
2024-01-02,SKU-001,DC-07,296
2024-01-03,SKU-001,DC-07,210
2024-01-04,SKU-001,DC-07,272
2024-01-05,SKU-001,DC-07,76
2024-01-06,SKU-001,DC-07,54
2024-01-07,SKU-001,DC-07,105
2024-01-08,SKU-001,DC-07,66
2024-01-09,SKU-001,DC-07,334
2024-01-10,SKU-001,DC-07,184
2024-01-11,SKU-001,DC-07,329
2024-01-12,SKU-001,DC-07,176
2024-01-13,SKU-001,DC-07,62
2024-01-14,SKU-001,DC-07,70
2024-01-15,SKU-001,DC-07,218
2024-01-16,SKU-001,DC-07,101
2024-01-17,SKU-001,DC-07,153
2024-01-18,SKU-001,DC-07,478
2024-01-19,SKU-001,DC-07,81
2024-01-20,SKU-001,DC-07,142
2024-01-21,SKU-001,DC-07,118
2024-01-22,SKU-001,DC-07,66
2024-01-23,SKU-001,DC-07,147
2024-01-24,SKU-001,DC-07,396
2024-01-25,SKU-001,DC-07,211
2024-01-26,SKU-001,DC-07,244
2024-01-27,SKU-001,DC-07,144
2024-01-28,SKU-001,DC-07,43
2024-01-29,SKU-001,DC-07,216
2024-01-30,SKU-001,DC-07,242
2024-01-31,SKU-001,DC-07,210
2024-02-01,SKU-001,DC-07,353
2024-02-02,SKU-001,DC-07,198
2024-02-03,SKU-001,DC-07,26
2024-02-04,SKU-001,DC-07,134
2024-02-05,SKU-001,DC-07,214
2024-02-06,SKU-001,DC-07,246
2024-02-07,SKU-001,DC-07,114
2024-02-08,SKU-001,DC-07,419
2024-02-09,SKU-001,DC-07,114
2024-02-10,SKU-001,DC-07,235
2024-02-11,SKU-001,DC-07,46
2024-02-12,SKU-001,DC-07,223
2024-02-13,SKU-001,DC-07,250
2024-02-14,SKU-001,DC-07,167
2024-02-15,SKU-001,DC-07,60
2024-02-16,SKU-001,DC-07,167
2024-02-17,SKU-001,DC-07,90
2024-02-18,SKU-001,DC-07,151
2024-02-19,SKU-001,DC-07,147
2024-02-20,SKU-001,DC-07,71
2024-02-21,SKU-001,DC-07,419
2024-02-22,SKU-001,DC-07,309
2024-02-23,SKU-001,DC-07,194
2024-02-24,SKU-001,DC-07,91
2024-02-25,SKU-001,DC-07,67
2024-02-26,SKU-001,DC-07,160
2024-02-27,SKU-001,DC-07,193
2024-02-28,SKU-001,DC-07,95
2024-02-29,SKU-001,DC-07,131
2024-03-01,SKU-001,DC-07,309
2024-03-02,SKU-001,DC-07,69
2024-03-03,SKU-001,DC-07,126
2024-03-04,SKU-001,DC-07,169
2024-03-05,SKU-001,DC-07,219
2024-03-06,SKU-001,DC-07,158
2024-03-07,SKU-001,DC-07,244
2024-03-08,SKU-001,DC-07,117
2024-03-09,SKU-001,DC-07,51
2024-03-10,SKU-001,DC-07,154
2024-03-11,SKU-001,DC-07,151
2024-03-12,SKU-001,DC-07,118
2024-03-13,SKU-001,DC-07,104
2024-03-14,SKU-001,DC-07,213
2024-03-15,SKU-001,DC-07,198
2024-03-16,SKU-001,DC-07,147
2024-03-17,SKU-001,DC-07,123
2024-03-18,SKU-001,DC-07,72
2024-03-19,SKU-001,DC-07,141
2024-03-20,SKU-001,DC-07,298
2024-03-21,SKU-001,DC-07,158
2024-03-22,SKU-001,DC-07,243
2024-03-23,SKU-001,DC-07,67
2024-03-24,SKU-001,DC-07,83
2024-03-25,SKU-001,DC-07,46
2024-03-26,SKU-001,DC-07,125
2024-03-27,SKU-001,DC-07,99
2024-03-28,SKU-001,DC-07,182
2024-03-29,SKU-001,DC-07,279
2024-03-30,SKU-001,DC-07,95
2024-03-31,SKU-001,DC-07,135
2024-04-01,SKU-001,DC-07,234
2024-04-02,SKU-001,DC-07,242
2024-04-03,SKU-001,DC-07,139
2024-04-04,SKU-001,DC-07,262
2024-04-05,SKU-001,DC-07,329
2024-04-06,SKU-001,DC-07,105
2024-04-07,SKU-001,DC-07,36
2024-04-08,SKU-001,DC-07,357
2024-04-09,SKU-001,DC-07,101
2024-04-10,SKU-001,DC-07,116
2024-04-11,SKU-001,DC-07,222
2024-04-12,SKU-001,DC-07,205
2024-04-13,SKU-001,DC-07,148
2024-04-14,SKU-001,DC-07,35
2024-04-15,SKU-001,DC-07,108
2024-04-16,SKU-001,DC-07,104
2024-04-17,SKU-001,DC-07,232
2024-04-18,SKU-001,DC-07,162
2024-04-19,SKU-001,DC-07,147
2024-04-20,SKU-001,DC-07,66
2024-04-21,SKU-001,DC-07,72
2024-04-22,SKU-001,DC-07,68
2024-04-23,SKU-001,DC-07,129
2024-04-24,SKU-001,DC-07,192
2024-04-25,SKU-001,DC-07,142
2024-04-26,SKU-001,DC-07,276
2024-04-27,SKU-001,DC-07,132
2024-04-28,SKU-001,DC-07,127
2024-04-29,SKU-001,DC-07,104
2024-04-30,SKU-001,DC-07,212
2024-05-01,SKU-001,DC-07,150
2024-05-02,SKU-001,DC-07,225
2024-05-03,SKU-001,DC-07,328
2024-05-04,SKU-001,DC-07,75
2024-05-05,SKU-001,DC-07,130
2024-05-06,SKU-001,DC-07,87
2024-05-07,SKU-001,DC-07,224
2024-05-08,SKU-001,DC-07,194
2024-05-09,SKU-001,DC-07,117
2024-05-10,SKU-001,DC-07,39
2024-05-11,SKU-001,DC-07,82
2024-05-12,SKU-001,DC-07,109
2024-05-13,SKU-001,DC-07,200
2024-05-14,SKU-001,DC-07,77
2024-05-15,SKU-001,DC-07,163
2024-05-16,SKU-001,DC-07,144
2024-05-17,SKU-001,DC-07,207
2024-05-18,SKU-001,DC-07,38
2024-05-19,SKU-001,DC-07,46
2024-05-20,SKU-001,DC-07,154
2024-05-21,SKU-001,DC-07,91
2024-05-22,SKU-001,DC-07,107
2024-05-23,SKU-001,DC-07,119
2024-05-24,SKU-001,DC-07,246
2024-05-25,SKU-001,DC-07,128
2024-05-26,SKU-001,DC-07,128
2024-05-27,SKU-001,DC-07,97
2024-05-28,SKU-001,DC-07,103
2024-05-29,SKU-001,DC-07,103
2024-05-30,SKU-001,DC-07,142
2024-05-31,SKU-001,DC-07,49
2024-06-01,SKU-001,DC-07,115
2024-06-02,SKU-001,DC-07,44
2024-06-03,SKU-001,DC-07,125
2024-06-04,SKU-001,DC-07,106
2024-06-05,SKU-001,DC-07,153
2024-06-06,SKU-001,DC-07,151
2024-06-07,SKU-001,DC-07,90
2024-06-08,SKU-001,DC-07,68
2024-06-09,SKU-001,DC-07,133
2024-06-10,SKU-001,DC-07,117
2024-06-11,SKU-001,DC-07,76
2024-06-12,SKU-001,DC-07,205
2024-06-13,SKU-001,DC-07,105
2024-06-14,SKU-001,DC-07,89
2024-06-15,SKU-001,DC-07,64
2024-06-16,SKU-001,DC-07,130
2024-06-17,SKU-001,DC-07,56
2024-06-18,SKU-001,DC-07,188
2024-06-19,SKU-001,DC-07,220
2024-06-20,SKU-001,DC-07,166
2024-06-21,SKU-001,DC-07,105
2024-06-22,SKU-001,DC-07,69
2024-06-23,SKU-001,DC-07,46
2024-06-24,SKU-001,DC-07,115
2024-06-25,SKU-001,DC-07,68
2024-06-26,SKU-001,DC-07,83
2024-06-27,SKU-001,DC-07,88
2024-06-28,SKU-001,DC-07,115
2024-06-29,SKU-001,DC-07,80
2024-06-30,SKU-001,DC-07,75
2024-07-01,SKU-001,DC-07,167
2024-07-02,SKU-001,DC-07,182
2024-07-03,SKU-001,DC-07,270
2024-07-04,SKU-001,DC-07,141
2024-07-05,SKU-001,DC-07,152
2024-07-06,SKU-001,DC-07,49
2024-07-07,SKU-001,DC-07,79
2024-07-08,SKU-001,DC-07,159
2024-07-09,SKU-001,DC-07,150
2024-07-10,SKU-001,DC-07,186
2024-07-11,SKU-001,DC-07,169
2024-07-12,SKU-001,DC-07,153
2024-07-13,SKU-001,DC-07,63
2024-07-14,SKU-001,DC-07,116
2024-07-15,SKU-001,DC-07,70
2024-07-16,SKU-001,DC-07,72
2024-07-17,SKU-001,DC-07,203
2024-07-18,SKU-001,DC-07,114
2024-07-19,SKU-001,DC-07,44
2024-07-20,SKU-001,DC-07,126
2024-07-21,SKU-001,DC-07,101
2024-07-22,SKU-001,DC-07,121
2024-07-23,SKU-001,DC-07,82
2024-07-24,SKU-001,DC-07,98
2024-07-25,SKU-001,DC-07,198
2024-07-26,SKU-001,DC-07,67
2024-07-27,SKU-001,DC-07,65
2024-07-28,SKU-001,DC-07,81
2024-07-29,SKU-001,DC-07,147
2024-07-30,SKU-001,DC-07,185
2024-07-31,SKU-001,DC-07,351
2024-08-01,SKU-001,DC-07,185
2024-08-02,SKU-001,DC-07,252
2024-08-03,SKU-001,DC-07,46
2024-08-04,SKU-001,DC-07,76
2024-08-05,SKU-001,DC-07,184
2024-08-06,SKU-001,DC-07,131
2024-08-07,SKU-001,DC-07,32
2024-08-08,SKU-001,DC-07,124
2024-08-09,SKU-001,DC-07,154
2024-08-10,SKU-001,DC-07,65
2024-08-11,SKU-001,DC-07,46
2024-08-12,SKU-001,DC-07,214
2024-08-13,SKU-001,DC-07,110
2024-08-14,SKU-001,DC-07,166
2024-08-15,SKU-001,DC-07,245
2024-08-16,SKU-001,DC-07,212
2024-08-17,SKU-001,DC-07,78
2024-08-18,SKU-001,DC-07,63
2024-08-19,SKU-001,DC-07,70
2024-08-20,SKU-001,DC-07,155
2024-08-21,SKU-001,DC-07,208
2024-08-22,SKU-001,DC-07,194
2024-08-23,SKU-001,DC-07,91
2024-08-24,SKU-001,DC-07,89
2024-08-25,SKU-001,DC-07,105
2024-08-26,SKU-001,DC-07,216
2024-08-27,SKU-001,DC-07,81
2024-08-28,SKU-001,DC-07,61
2024-08-29,SKU-001,DC-07,122
2024-08-30,SKU-001,DC-07,141
2024-08-31,SKU-001,DC-07,62
2024-09-01,SKU-001,DC-07,152
2024-09-02,SKU-001,DC-07,96
2024-09-03,SKU-001,DC-07,82
2024-09-04,SKU-001,DC-07,268
2024-09-05,SKU-001,DC-07,58
