date,product_id,center_id,units_demanded,units_sold,closing_stock,stockout_units,units_received,units_reordered
2023-01-01,SKU-001,DC-01,262,262,3069,0,0,0
2023-01-02,SKU-001,DC-01,275,275,2794,0,0,0
2023-01-03,SKU-001,DC-01,671,671,2123,0,0,0
2023-01-04,SKU-001,DC-01,495,495,1628,0,0,0
2023-01-05,SKU-001,DC-01,294,294,1334,0,0,0
2023-01-06,SKU-001,DC-01,235,235,1099,0,0,0
2023-01-07,SKU-001,DC-01,119,119,980,0,0,0
2023-01-08,SKU-001,DC-01,228,228,752,0,0,2464
2023-01-09,SKU-001,DC-01,306,306,446,0,0,0
2023-01-10,SKU-001,DC-01,440,440,6,0,0,0
2023-01-11,SKU-001,DC-01,392,392,2078,0,2464,0
2023-01-12,SKU-001,DC-01,448,448,1630,0,0,0
2023-01-13,SKU-001,DC-01,676,676,954,0,0,0
2023-01-14,SKU-001,DC-01,276,276,678,0,0,0
2023-01-15,SKU-001,DC-01,143,143,535,0,0,2681
2023-01-16,SKU-001,DC-01,285,285,250,0,0,0
2023-01-17,SKU-001,DC-01,190,190,60,0,0,0
2023-01-18,SKU-001,DC-01,459,459,2282,0,2681,0
2023-01-19,SKU-001,DC-01,511,511,1771,0,0,0
2023-01-20,SKU-001,DC-01,300,300,1471,0,0,0
2023-01-21,SKU-001,DC-01,216,216,1255,0,0,0
2023-01-22,SKU-001,DC-01,181,181,1074,0,0,2142
2023-01-23,SKU-001,DC-01,562,562,512,0,0,0
2023-01-24,SKU-001,DC-01,502,502,10,0,0,0
2023-01-25,SKU-001,DC-01,339,339,1813,0,2142,0
2023-01-26,SKU-001,DC-01,298,298,1515,0,0,0
2023-01-27,SKU-001,DC-01,275,275,1240,0,0,0
2023-01-28,SKU-001,DC-01,143,143,1097,0,0,0
2023-01-29,SKU-001,DC-01,314,314,783,0,0,2433
2023-01-30,SKU-001,DC-01,484,484,299,0,0,0
2023-01-31,SKU-001,DC-01,371,299,0,72,0,0
2023-02-01,SKU-001,DC-01,270,270,2163,0,2433,0
2023-02-02,SKU-001,DC-01,320,320,1843,0,0,0
2023-02-03,SKU-001,DC-01,457,457,1386,0,0,0
2023-02-04,SKU-001,DC-01,161,161,1225,0,0,0
2023-02-05,SKU-001,DC-01,183,183,1042,0,0,2174
2023-02-06,SKU-001,DC-01,466,466,576,0,0,0
2023-02-07,SKU-001,DC-01,353,353,223,0,0,0
2023-02-08,SKU-001,DC-01,546,546,1851,0,2174,0
2023-02-09,SKU-001,DC-01,305,305,1546,0,0,0
2023-02-10,SKU-001,DC-01,302,302,1244,0,0,0
2023-02-11,SKU-001,DC-01,133,133,1111,0,0,0
2023-02-12,SKU-001,DC-01,218,218,893,0,0,2323
2023-02-13,SKU-001,DC-01,253,253,640,0,0,0
2023-02-14,SKU-001,DC-01,763,640,0,123,0,0
2023-02-15,SKU-001,DC-01,319,319,2004,0,2323,0
2023-02-16,SKU-001,DC-01,384,384,1620,0,0,0
2023-02-17,SKU-001,DC-01,291,291,1329,0,0,0
2023-02-18,SKU-001,DC-01,151,151,1178,0,0,0
2023-02-19,SKU-001,DC-01,55,55,1123,0,0,2093
2023-02-20,SKU-001,DC-01,320,320,803,0,0,0
2023-02-21,SKU-001,DC-01,172,172,631,0,0,0
2023-02-22,SKU-001,DC-01,156,156,2568,0,2093,0
2023-02-23,SKU-001,DC-01,394,394,2174,0,0,0
2023-02-24,SKU-001,DC-01,293,293,1881,0,0,0
2023-02-25,SKU-001,DC-01,187,187,1694,0,0,0
2023-02-26,SKU-001,DC-01,188,188,1506,0,0,0
2023-02-27,SKU-001,DC-01,221,221,1285,0,0,0
2023-02-28,SKU-001,DC-01,189,189,1096,0,0,0
2023-03-01,SKU-001,DC-01,326,326,770,0,0,0
2023-03-02,SKU-001,DC-01,483,483,287,0,0,0
2023-03-03,SKU-001,DC-01,260,260,27,0,0,0
2023-03-04,SKU-001,DC-01,39,27,0,12,0,0
2023-03-05,SKU-001,DC-01,166,0,0,166,0,3216
2023-03-06,SKU-001,DC-01,281,0,0,281,0,0
2023-03-07,SKU-001,DC-01,513,0,0,513,0,0
2023-03-08,SKU-001,DC-01,658,658,2558,0,3216,0
2023-03-09,SKU-001,DC-01,155,155,2403,0,0,0
2023-03-10,SKU-001,DC-01,305,305,2098,0,0,0
2023-03-11,SKU-001,DC-01,132,132,1966,0,0,0
2023-03-12,SKU-001,DC-01,197,197,1769,0,0,0
2023-03-13,SKU-001,DC-01,439,439,1330,0,0,0
2023-03-14,SKU-001,DC-01,496,496,834,0,0,0
2023-03-15,SKU-001,DC-01,282,282,552,0,0,0
2023-03-16,SKU-001,DC-01,472,472,80,0,0,0
2023-03-17,SKU-001,DC-01,322,80,0,242,0,0
2023-03-18,SKU-001,DC-01,290,0,0,290,0,0
2023-03-19,SKU-001,DC-01,155,0,0,155,0,3216
2023-03-20,SKU-001,DC-01,318,0,0,318,0,0
2023-03-21,SKU-001,DC-01,379,0,0,379,0,0
2023-03-22,SKU-001,DC-01,140,140,3076,0,3216,0
2023-03-23,SKU-001,DC-01,268,268,2808,0,0,0
2023-03-24,SKU-001,DC-01,600,600,2208,0,0,0
2023-03-25,SKU-001,DC-01,66,66,2142,0,0,0
2023-03-26,SKU-001,DC-01,145,145,1997,0,0,0
2023-03-27,SKU-001,DC-01,73,73,1924,0,0,0
2023-03-28,SKU-001,DC-01,334,334,1590,0,0,0
2023-03-29,SKU-001,DC-01,411,411,1179,0,0,0
2023-03-30,SKU-001,DC-01,316,316,863,0,0,0
2023-03-31,SKU-001,DC-01,355,355,508,0,0,0
2023-04-01,SKU-001,DC-01,139,139,369,0,0,0
2023-04-02,SKU-001,DC-01,245,245,124,0,0,3092
2023-04-03,SKU-001,DC-01,180,124,0,56,0,0
2023-04-04,SKU-001,DC-01,146,0,0,146,0,0
2023-04-05,SKU-001,DC-01,286,286,2806,0,3092,0
2023-04-06,SKU-001,DC-01,127,127,2679,0,0,0
2023-04-07,SKU-001,DC-01,255,255,2424,0,0,0
2023-04-08,SKU-001,DC-01,102,102,2322,0,0,0
2023-04-09,SKU-001,DC-01,214,214,2108,0,0,0
2023-04-10,SKU-001,DC-01,255,255,1853,0,0,0
2023-04-11,SKU-001,DC-01,118,118,1735,0,0,0
2023-04-12,SKU-001,DC-01,625,625,1110,0,0,0
2023-04-13,SKU-001,DC-01,240,240,870,0,0,0
2023-04-14,SKU-001,DC-01,645,645,225,0,0,0
2023-04-15,SKU-001,DC-01,201,201,24,0,0,0
2023-04-16,SKU-001,DC-01,177,24,0,153,0,3216
2023-04-17,SKU-001,DC-01,663,0,0,663,0,0
2023-04-18,SKU-001,DC-01,302,0,0,302,0,0
2023-04-19,SKU-001,DC-01,366,366,2850,0,3216,0
2023-04-20,SKU-001,DC-01,446,446,2404,0,0,0
2023-04-21,SKU-001,DC-01,265,265,2139,0,0,0
2023-04-22,SKU-001,DC-01,171,171,1968,0,0,0
2023-04-23,SKU-001,DC-01,89,89,1879,0,0,0
2023-04-24,SKU-001,DC-01,309,309,1570,0,0,0
2023-04-25,SKU-001,DC-01,114,114,1456,0,0,0
2023-04-26,SKU-001,DC-01,305,305,1151,0,0,0
2023-04-27,SKU-001,DC-01,144,144,1007,0,0,0
2023-04-28,SKU-001,DC-01,461,461,546,0,0,0
2023-04-29,SKU-001,DC-01,131,131,415,0,0,0
2023-04-30,SKU-001,DC-01,147,147,268,0,0,2948
2023-05-01,SKU-001,DC-01,141,141,127,0,0,0
2023-05-02,SKU-001,DC-01,132,127,0,5,0,0
2023-05-03,SKU-001,DC-01,260,260,2688,0,2948,0
2023-05-04,SKU-001,DC-01,228,228,2460,0,0,0
2023-05-05,SKU-001,DC-01,409,409,2051,0,0,0
2023-05-06,SKU-001,DC-01,143,143,1908,0,0,0
2023-05-07,SKU-001,DC-01,118,118,1790,0,0,0
2023-05-08,SKU-001,DC-01,297,297,1493,0,0,0
2023-05-09,SKU-001,DC-01,162,162,1331,0,0,0
2023-05-10,SKU-001,DC-01,257,257,1074,0,0,0
2023-05-11,SKU-001,DC-01,185,185,889,0,0,0
2023-05-12,SKU-001,DC-01,265,265,624,0,0,0
2023-05-13,SKU-001,DC-01,108,108,516,0,0,0
2023-05-14,SKU-001,DC-01,274,274,242,0,0,2974
2023-05-15,SKU-001,DC-01,315,242,0,73,0,0
2023-05-16,SKU-001,DC-01,39,0,0,39,0,0
2023-05-17,SKU-001,DC-01,228,228,2746,0,2974,0
2023-05-18,SKU-001,DC-01,378,378,2368,0,0,0
2023-05-19,SKU-001,DC-01,175,175,2193,0,0,0
2023-05-20,SKU-001,DC-01,87,87,2106,0,0,0
2023-05-21,SKU-001,DC-01,140,140,1966,0,0,0
2023-05-22,SKU-001,DC-01,193,193,1773,0,0,0
2023-05-23,SKU-001,DC-01,220,220,1553,0,0,0
2023-05-24,SKU-001,DC-01,279,279,1274,0,0,0
2023-05-25,SKU-001,DC-01,285,285,989,0,0,0
2023-05-26,SKU-001,DC-01,188,188,801,0,0,0
2023-05-27,SKU-001,DC-01,189,189,612,0,0,0
2023-05-28,SKU-001,DC-01,102,102,510,0,0,2706
2023-05-29,SKU-001,DC-01,170,170,340,0,0,0
2023-05-30,SKU-001,DC-01,252,252,88,0,0,0
2023-05-31,SKU-001,DC-01,217,217,2577,0,2706,0
2023-06-01,SKU-001,DC-01,212,212,2365,0,0,0
2023-06-02,SKU-001,DC-01,219,219,2146,0,0,0
2023-06-03,SKU-001,DC-01,259,259,1887,0,0,0
2023-06-04,SKU-001,DC-01,182,182,1705,0,0,0
2023-06-05,SKU-001,DC-01,316,316,1389,0,0,0
2023-06-06,SKU-001,DC-01,311,311,1078,0,0,0
2023-06-07,SKU-001,DC-01,415,415,663,0,0,0
2023-06-08,SKU-001,DC-01,473,473,190,0,0,0
2023-06-09,SKU-001,DC-01,356,190,0,166,0,0
2023-06-10,SKU-001,DC-01,109,0,0,109,0,0
2023-06-11,SKU-001,DC-01,341,0,0,341,0,3216
2023-06-12,SKU-001,DC-01,123,0,0,123,0,0
2023-06-13,SKU-001,DC-01,148,0,0,148,0,0
2023-06-14,SKU-001,DC-01,71,71,3145,0,3216,0
2023-06-15,SKU-001,DC-01,244,244,2901,0,0,0
2023-06-16,SKU-001,DC-01,47,47,2854,0,0,0
2023-06-17,SKU-001,DC-01,147,147,2707,0,0,0
2023-06-18,SKU-001,DC-01,67,67,2640,0,0,0
2023-06-19,SKU-001,DC-01,213,213,2427,0,0,0
2023-06-20,SKU-001,DC-01,284,284,2143,0,0,0
2023-06-21,SKU-001,DC-01,154,154,1989,0,0,0
2023-06-22,SKU-001,DC-01,148,148,1841,0,0,0
2023-06-23,SKU-001,DC-01,270,270,1571,0,0,0
2023-06-24,SKU-001,DC-01,55,55,1516,0,0,0
2023-06-25,SKU-001,DC-01,148,148,1368,0,0,0
2023-06-26,SKU-001,DC-01,157,157,1211,0,0,0
2023-06-27,SKU-001,DC-01,214,214,997,0,0,0
2023-06-28,SKU-001,DC-01,113,113,884,0,0,0
2023-06-29,SKU-001,DC-01,186,186,698,0,0,0
2023-06-30,SKU-001,DC-01,283,283,415,0,0,0
2023-07-01,SKU-001,DC-01,126,126,289,0,0,0
2023-07-02,SKU-001,DC-01,59,59,230,0,0,2986
2023-07-03,SKU-001,DC-01,303,230,0,73,0,0
2023-07-04,SKU-001,DC-01,146,0,0,146,0,0
2023-07-05,SKU-001,DC-01,59,59,2927,0,2986,0
2023-07-06,SKU-001,DC-01,134,134,2793,0,0,0
2023-07-07,SKU-001,DC-01,180,180,2613,0,0,0
2023-07-08,SKU-001,DC-01,174,174,2439,0,0,0
2023-07-09,SKU-001,DC-01,224,224,2215,0,0,0
2023-07-10,SKU-001,DC-01,243,243,1972,0,0,0
2023-07-11,SKU-001,DC-01,530,530,1442,0,0,0
2023-07-12,SKU-001,DC-01,279,279,1163,0,0,0
2023-07-13,SKU-001,DC-01,324,324,839,0,0,0
2023-07-14,SKU-001,DC-01,237,237,602,0,0,0
2023-07-15,SKU-001,DC-01,149,149,453,0,0,0
2023-07-16,SKU-001,DC-01,97,97,356,0,0,2860
2023-07-17,SKU-001,DC-01,285,285,71,0,0,0
2023-07-18,SKU-001,DC-01,290,71,0,219,0,0
2023-07-19,SKU-001,DC-01,165,165,2695,0,2860,0
2023-07-20,SKU-001,DC-01,476,476,2219,0,0,0
2023-07-21,SKU-001,DC-01,230,230,1989,0,0,0
2023-07-22,SKU-001,DC-01,132,132,1857,0,0,0
2023-07-23,SKU-001,DC-01,160,160,1697,0,0,0
2023-07-24,SKU-001,DC-01,303,303,1394,0,0,0
2023-07-25,SKU-001,DC-01,311,311,1083,0,0,0
2023-07-26,SKU-001,DC-01,194,194,889,0,0,0
2023-07-27,SKU-001,DC-01,216,216,673,0,0,0
2023-07-28,SKU-001,DC-01,176,176,497,0,0,0
2023-07-29,SKU-001,DC-01,122,122,375,0,0,0
2023-07-30,SKU-001,DC-01,136,136,239,0,0,2977
2023-07-31,SKU-001,DC-01,643,239,0,404,0,0
2023-08-01,SKU-001,DC-01,163,0,0,163,0,0
2023-08-02,SKU-001,DC-01,130,130,2847,0,2977,0
2023-08-03,SKU-001,DC-01,217,217,2630,0,0,0
2023-08-04,SKU-001,DC-01,278,278,2352,0,0,0
2023-08-05,SKU-001,DC-01,105,105,2247,0,0,0
2023-08-06,SKU-001,DC-01,237,237,2010,0,0,0
2023-08-07,SKU-001,DC-01,267,267,1743,0,0,0
2023-08-08,SKU-001,DC-01,244,244,1499,0,0,0
2023-08-09,SKU-001,DC-01,187,187,1312,0,0,0
2023-08-10,SKU-001,DC-01,222,222,1090,0,0,0
2023-08-11,SKU-001,DC-01,211,211,879,0,0,0
2023-08-12,SKU-001,DC-01,78,78,801,0,0,0
2023-08-13,SKU-001,DC-01,163,163,638,0,0,2578
2023-08-14,SKU-001,DC-01,244,244,394,0,0,0
2023-08-15,SKU-001,DC-01,401,394,0,7,0,0
2023-08-16,SKU-001,DC-01,260,260,2318,0,2578,0
2023-08-17,SKU-001,DC-01,185,185,2133,0,0,0
2023-08-18,SKU-001,DC-01,331,331,1802,0,0,0
2023-08-19,SKU-001,DC-01,168,168,1634,0,0,0
2023-08-20,SKU-001,DC-01,92,92,1542,0,0,0
2023-08-21,SKU-001,DC-01,231,231,1311,0,0,0
2023-08-22,SKU-001,DC-01,114,114,1197,0,0,0
2023-08-23,SKU-001,DC-01,474,474,723,0,0,0
2023-08-24,SKU-001,DC-01,273,273,450,0,0,0
2023-08-25,SKU-001,DC-01,363,363,87,0,0,0
2023-08-26,SKU-001,DC-01,74,74,13,0,0,0
2023-08-27,SKU-001,DC-01,171,13,0,158,0,3216
2023-08-28,SKU-001,DC-01,318,0,0,318,0,0
2023-08-29,SKU-001,DC-01,337,0,0,337,0,0
2023-08-30,SKU-001,DC-01,498,498,2718,0,3216,0
2023-08-31,SKU-001,DC-01,131,131,2587,0,0,0
2023-09-01,SKU-001,DC-01,446,446,2141,0,0,0
2023-09-02,SKU-001,DC-01,94,94,2047,0,0,0
2023-09-03,SKU-001,DC-01,142,142,1905,0,0,0
2023-09-04,SKU-001,DC-01,156,156,1749,0,0,0
2023-09-05,SKU-001,DC-01,449,449,1300,0,0,0
2023-09-06,SKU-001,DC-01,289,289,1011,0,0,0
2023-09-07,SKU-001,DC-01,274,274,737,0,0,0
2023-09-08,SKU-001,DC-01,375,375,362,0,0,0
2023-09-09,SKU-001,DC-01,151,151,211,0,0,0
2023-09-10,SKU-001,DC-01,164,164,47,0,0,3169
2023-09-11,SKU-001,DC-01,113,47,0,66,0,0
2023-09-12,SKU-001,DC-01,308,0,0,308,0,0
2023-09-13,SKU-001,DC-01,535,535,2634,0,3169,0
2023-09-14,SKU-001,DC-01,248,248,2386,0,0,0
2023-09-15,SKU-001,DC-01,303,303,2083,0,0,0
2023-09-16,SKU-001,DC-01,132,132,1951,0,0,0
2023-09-17,SKU-001,DC-01,233,233,1718,0,0,0
2023-09-18,SKU-001,DC-01,402,402,1316,0,0,0
2023-09-19,SKU-001,DC-01,31,31,1285,0,0,0
2023-09-20,SKU-001,DC-01,337,337,948,0,0,0
2023-09-21,SKU-001,DC-01,441,441,507,0,0,0
2023-09-22,SKU-001,DC-01,147,147,360,0,0,0
2023-09-23,SKU-001,DC-01,110,110,250,0,0,0
2023-09-24,SKU-001,DC-01,209,209,41,0,0,3175
2023-09-25,SKU-001,DC-01,134,41,0,93,0,0
2023-09-26,SKU-001,DC-01,128,0,0,128,0,0
2023-09-27,SKU-001,DC-01,484,484,2691,0,3175,0
2023-09-28,SKU-001,DC-01,216,216,2475,0,0,0
2023-09-29,SKU-001,DC-01,264,264,2211,0,0,0
2023-09-30,SKU-001,DC-01,211,211,2000,0,0,0
2023-10-01,SKU-001,DC-01,147,147,1853,0,0,0
2023-10-02,SKU-001,DC-01,297,297,1556,0,0,0
2023-10-03,SKU-001,DC-01,326,326,1230,0,0,0
2023-10-04,SKU-001,DC-01,257,257,973,0,0,0
2023-10-05,SKU-001,DC-01,259,259,714,0,0,0
2023-10-06,SKU-001,DC-01,278,278,436,0,0,0
2023-10-07,SKU-001,DC-01,206,206,230,0,0,0
2023-10-08,SKU-001,DC-01,172,172,58,0,0,3158
2023-10-09,SKU-001,DC-01,507,58,0,449,0,0
2023-10-10,SKU-001,DC-01,216,0,0,216,0,0
2023-10-11,SKU-001,DC-01,326,326,2832,0,3158,0
2023-10-12,SKU-001,DC-01,112,112,2720,0,0,0
2023-10-13,SKU-001,DC-01,242,242,2478,0,0,0
2023-10-14,SKU-001,DC-01,122,122,2356,0,0,0
2023-10-15,SKU-001,DC-01,170,170,2186,0,0,0
2023-10-16,SKU-001,DC-01,522,522,1664,0,0,0
2023-10-17,SKU-001,DC-01,276,276,1388,0,0,0
2023-10-18,SKU-001,DC-01,140,140,1248,0,0,0
2023-10-19,SKU-001,DC-01,325,325,923,0,0,0
2023-10-20,SKU-001,DC-01,284,284,639,0,0,0
2023-10-21,SKU-001,DC-01,218,218,421,0,0,0
2023-10-22,SKU-001,DC-01,125,125,296,0,0,2920
2023-10-23,SKU-001,DC-01,182,182,114,0,0,0
2023-10-24,SKU-001,DC-01,243,114,0,129,0,0
2023-10-25,SKU-001,DC-01,376,376,2544,0,2920,0
2023-10-26,SKU-001,DC-01,112,112,2432,0,0,0
2023-10-27,SKU-001,DC-01,389,389,2043,0,0,0
2023-10-28,SKU-001,DC-01,129,129,1914,0,0,0
2023-10-29,SKU-001,DC-01,135,135,1779,0,0,0
2023-10-30,SKU-001,DC-01,378,378,1401,0,0,0
2023-10-31,SKU-001,DC-01,505,505,896,0,0,0
2023-11-01,SKU-001,DC-01,495,495,401,0,0,0
2023-11-02,SKU-001,DC-01,198,198,203,0,0,0
2023-11-03,SKU-001,DC-01,604,203,0,401,0,0
2023-11-04,SKU-001,DC-01,168,0,0,168,0,0
2023-11-05,SKU-001,DC-01,315,0,0,315,0,3216
2023-11-06,SKU-001,DC-01,115,0,0,115,0,0
2023-11-07,SKU-001,DC-01,255,0,0,255,0,0
2023-11-08,SKU-001,DC-01,358,358,2858,0,3216,0
2023-11-09,SKU-001,DC-01,254,254,2604,0,0,0
2023-11-10,SKU-001,DC-01,236,236,2368,0,0,0
2023-11-11,SKU-001,DC-01,234,234,2134,0,0,0
2023-11-12,SKU-001,DC-01,198,198,1936,0,0,0
2023-11-13,SKU-001,DC-01,282,282,1654,0,0,0
2023-11-14,SKU-001,DC-01,123,123,1531,0,0,0
2023-11-15,SKU-001,DC-01,709,709,822,0,0,0
2023-11-16,SKU-001,DC-01,483,483,339,0,0,0
2023-11-17,SKU-001,DC-01,308,308,31,0,0,0
2023-11-18,SKU-001,DC-01,195,31,0,164,0,0
2023-11-19,SKU-001,DC-01,178,0,0,178,0,3216
2023-11-20,SKU-001,DC-01,368,0,0,368,0,0
2023-11-21,SKU-001,DC-01,390,0,0,390,0,0
2023-11-22,SKU-001,DC-01,576,576,2640,0,3216,0
2023-11-23,SKU-001,DC-01,573,573,2067,0,0,0
2023-11-24,SKU-001,DC-01,552,552,1515,0,0,0
2023-11-25,SKU-001,DC-01,153,153,1362,0,0,0
2023-11-26,SKU-001,DC-01,78,78,1284,0,0,0
2023-11-27,SKU-001,DC-01,386,386,898,0,0,0
2023-11-28,SKU-001,DC-01,203,203,695,0,0,0
2023-11-29,SKU-001,DC-01,194,194,501,0,0,0
2023-11-30,SKU-001,DC-01,170,170,331,0,0,0
2023-12-01,SKU-001,DC-01,382,331,0,51,0,0
2023-12-02,SKU-001,DC-01,366,0,0,366,0,0
2023-12-03,SKU-001,DC-01,179,0,0,179,0,3216
2023-12-04,SKU-001,DC-01,385,0,0,385,0,0
2023-12-05,SKU-001,DC-01,279,0,0,279,0,0
2023-12-06,SKU-001,DC-01,310,310,2906,0,3216,0
2023-12-07,SKU-001,DC-01,183,183,2723,0,0,0
2023-12-08,SKU-001,DC-01,342,342,2381,0,0,0
2023-12-09,SKU-001,DC-01,198,198,2183,0,0,0
2023-12-10,SKU-001,DC-01,131,131,2052,0,0,0
2023-12-11,SKU-001,DC-01,803,803,1249,0,0,0
2023-12-12,SKU-001,DC-01,327,327,922,0,0,0
2023-12-13,SKU-001,DC-01,330,330,592,0,0,0
2023-12-14,SKU-001,DC-01,440,440,152,0,0,0
2023-12-15,SKU-001,DC-01,464,152,0,312,0,0
2023-12-16,SKU-001,DC-01,163,0,0,163,0,0
2023-12-17,SKU-001,DC-01,110,0,0,110,0,3216
2023-12-18,SKU-001,DC-01,517,0,0,517,0,0
2023-12-19,SKU-001,DC-01,291,0,0,291,0,0
2023-12-20,SKU-001,DC-01,706,706,2510,0,3216,0
2023-12-21,SKU-001,DC-01,266,266,2244,0,0,0
2023-12-22,SKU-001,DC-01,241,241,2003,0,0,0
2023-12-23,SKU-001,DC-01,166,166,1837,0,0,0
2023-12-24,SKU-001,DC-01,207,207,1630,0,0,0
2023-12-25,SKU-001,DC-01,297,297,1333,0,0,0
2023-12-26,SKU-001,DC-01,374,374,959,0,0,0
2023-12-27,SKU-001,DC-01,248,248,711,0,0,0
2023-12-28,SKU-001,DC-01,127,127,584,0,0,0
2023-12-29,SKU-001,DC-01,164,164,420,0,0,0
2023-12-30,SKU-001,DC-01,190,190,230,0,0,0
2023-12-31,SKU-001,DC-01,185,185,45,0,0,3171
2024-01-01,SKU-001,DC-01,256,45,0,211,0,0
2024-01-02,SKU-001,DC-01,489,0,0,489,0,0
2024-01-03,SKU-001,DC-01,228,228,2943,0,3171,0
2024-01-04,SKU-001,DC-01,386,386,2557,0,0,0
2024-01-05,SKU-001,DC-01,328,328,2229,0,0,0
2024-01-06,SKU-001,DC-01,181,181,2048,0,0,0
2024-01-07,SKU-001,DC-01,117,117,1931,0,0,0
2024-01-08,SKU-001,DC-01,300,300,1631,0,0,0
2024-01-09,SKU-001,DC-01,506,506,1125,0,0,0
2024-01-10,SKU-001,DC-01,576,576,549,0,0,0
2024-01-11,SKU-001,DC-01,354,354,195,0,0,0
2024-01-12,SKU-001,DC-01,188,188,7,0,0,0
2024-01-13,SKU-001,DC-01,295,7,0,288,0,0
2024-01-14,SKU-001,DC-01,155,0,0,155,0,3216
2024-01-15,SKU-001,DC-01,435,0,0,435,0,0
2024-01-16,SKU-001,DC-01,690,0,0,690,0,0
2024-01-17,SKU-001,DC-01,430,430,2786,0,3216,0
2024-01-18,SKU-001,DC-01,226,226,2560,0,0,0
2024-01-19,SKU-001,DC-01,322,322,2238,0,0,0
2024-01-20,SKU-001,DC-01,169,169,2069,0,0,0
2024-01-21,SKU-001,DC-01,161,161,1908,0,0,0
2024-01-22,SKU-001,DC-01,303,303,1605,0,0,0
2024-01-23,SKU-001,DC-01,451,451,1154,0,0,0
2024-01-24,SKU-001,DC-01,482,482,672,0,0,0
2024-01-25,SKU-001,DC-01,677,672,0,5,0,0
2024-01-26,SKU-001,DC-01,423,0,0,423,0,0
2024-01-27,SKU-001,DC-01,220,0,0,220,0,0
2024-01-28,SKU-001,DC-01,91,0,0,91,0,3216
2024-01-29,SKU-001,DC-01,380,0,0,380,0,0
2024-01-30,SKU-001,DC-01,639,0,0,639,0,0
2024-01-31,SKU-001,DC-01,189,189,3027,0,3216,0
2024-02-01,SKU-001,DC-01,213,213,2814,0,0,0
2024-02-02,SKU-001,DC-01,220,220,2594,0,0,0
2024-02-03,SKU-001,DC-01,347,347,2247,0,0,0
2024-02-04,SKU-001,DC-01,281,281,1966,0,0,0
2024-02-05,SKU-001,DC-01,847,847,1119,0,0,0
2024-02-06,SKU-001,DC-01,223,223,896,0,0,0
2024-02-07,SKU-001,DC-01,980,896,0,84,0,0
2024-02-08,SKU-001,DC-01,365,0,0,365,0,0
2024-02-09,SKU-001,DC-01,378,0,0,378,0,0
2024-02-10,SKU-001,DC-01,241,0,0,241,0,0
2024-02-11,SKU-001,DC-01,119,0,0,119,0,3216
2024-02-12,SKU-001,DC-01,406,0,0,406,0,0
2024-02-13,SKU-001,DC-01,545,0,0,545,0,0
2024-02-14,SKU-001,DC-01,308,308,2908,0,3216,0
2024-02-15,SKU-001,DC-01,533,533,2375,0,0,0
2024-02-16,SKU-001,DC-01,104,104,2271,0,0,0
2024-02-17,SKU-001,DC-01,264,264,2007,0,0,0
2024-02-18,SKU-001,DC-01,241,241,1766,0,0,0
2024-02-19,SKU-001,DC-01,352,352,1414,0,0,0
2024-02-20,SKU-001,DC-01,193,193,1221,0,0,0
2024-02-21,SKU-001,DC-01,405,405,816,0,0,0
2024-02-22,SKU-001,DC-01,318,318,498,0,0,0
2024-02-23,SKU-001,DC-01,399,399,99,0,0,0
2024-02-24,SKU-001,DC-01,138,99,0,39,0,0
2024-02-25,SKU-001,DC-01,80,0,0,80,0,3216
2024-02-26,SKU-001,DC-01,160,0,0,160,0,0
2024-02-27,SKU-001,DC-01,813,0,0,813,0,0
2024-02-28,SKU-001,DC-01,518,518,2698,0,3216,0
2024-02-29,SKU-001,DC-01,276,276,2422,0,0,0
2024-03-01,SKU-001,DC-01,402,402,2020,0,0,0
2024-03-02,SKU-001,DC-01,139,139,1881,0,0,0
2024-03-03,SKU-001,DC-01,300,300,1581,0,0,0
2024-03-04,SKU-001,DC-01,214,214,1367,0,0,0
2024-03-05,SKU-001,DC-01,480,480,887,0,0,0
2024-03-06,SKU-001,DC-01,345,345,542,0,0,0
2024-03-07,SKU-001,DC-01,224,224,318,0,0,0
2024-03-08,SKU-001,DC-01,458,318,0,140,0,0
2024-03-09,SKU-001,DC-01,172,0,0,172,0,0
2024-03-10,SKU-001,DC-01,316,0,0,316,0,3216
2024-03-11,SKU-001,DC-01,210,0,0,210,0,0
2024-03-12,SKU-001,DC-01,173,0,0,173,0,0
2024-03-13,SKU-001,DC-01,176,176,3040,0,3216,0
2024-03-14,SKU-001,DC-01,501,501,2539,0,0,0
2024-03-15,SKU-001,DC-01,401,401,2138,0,0,0
2024-03-16,SKU-001,DC-01,206,206,1932,0,0,0
2024-03-17,SKU-001,DC-01,192,192,1740,0,0,0
2024-03-18,SKU-001,DC-01,282,282,1458,0,0,0
2024-03-19,SKU-001,DC-01,233,233,1225,0,0,0
2024-03-20,SKU-001,DC-01,205,205,1020,0,0,0
2024-03-21,SKU-001,DC-01,548,548,472,0,0,0
2024-03-22,SKU-001,DC-01,311,311,161,0,0,0
2024-03-23,SKU-001,DC-01,183,161,0,22,0,0
2024-03-24,SKU-001,DC-01,309,0,0,309,0,3216
2024-03-25,SKU-001,DC-01,269,0,0,269,0,0
2024-03-26,SKU-001,DC-01,110,0,0,110,0,0
2024-03-27,SKU-001,DC-01,291,291,2925,0,3216,0
2024-03-28,SKU-001,DC-01,333,333,2592,0,0,0
2024-03-29,SKU-001,DC-01,458,458,2134,0,0,0
2024-03-30,SKU-001,DC-01,112,112,2022,0,0,0
2024-03-31,SKU-001,DC-01,196,196,1826,0,0,0
2024-04-01,SKU-001,DC-01,329,329,1497,0,0,0
2024-04-02,SKU-001,DC-01,225,225,1272,0,0,0
2024-04-03,SKU-001,DC-01,225,225,1047,0,0,0
2024-04-04,SKU-001,DC-01,306,306,741,0,0,0
2024-04-05,SKU-001,DC-01,387,387,354,0,0,0
2024-04-06,SKU-001,DC-01,258,258,96,0,0,0
2024-04-07,SKU-001,DC-01,179,96,0,83,0,3216
2024-04-08,SKU-001,DC-01,260,0,0,260,0,0
2024-04-09,SKU-001,DC-01,377,0,0,377,0,0
2024-04-10,SKU-001,DC-01,233,233,2983,0,3216,0
2024-04-11,SKU-001,DC-01,727,727,2256,0,0,0
2024-04-12,SKU-001,DC-01,180,180,2076,0,0,0
2024-04-13,SKU-001,DC-01,309,309,1767,0,0,0
2024-04-14,SKU-001,DC-01,116,116,1651,0,0,0
2024-04-15,SKU-001,DC-01,177,177,1474,0,0,0
2024-04-16,SKU-001,DC-01,431,431,1043,0,0,0
2024-04-17,SKU-001,DC-01,300,300,743,0,0,0
2024-04-18,SKU-001,DC-01,241,241,502,0,0,0
2024-04-19,SKU-001,DC-01,61,61,441,0,0,0
2024-04-20,SKU-001,DC-01,184,184,257,0,0,0
2024-04-21,SKU-001,DC-01,98,98,159,0,0,3057
2024-04-22,SKU-001,DC-01,338,159,0,179,0,0
2024-04-23,SKU-001,DC-01,466,0,0,466,0,0
2024-04-24,SKU-001,DC-01,250,250,2807,0,3057,0
2024-04-25,SKU-001,DC-01,462,462,2345,0,0,0
2024-04-26,SKU-001,DC-01,295,295,2050,0,0,0
2024-04-27,SKU-001,DC-01,225,225,1825,0,0,0
2024-04-28,SKU-001,DC-01,288,288,1537,0,0,0
2024-04-29,SKU-001,DC-01,307,307,1230,0,0,0
2024-04-30,SKU-001,DC-01,179,179,1051,0,0,0
2024-05-01,SKU-001,DC-01,507,507,544,0,0,0
2024-05-02,SKU-001,DC-01,334,334,210,0,0,0
2024-05-03,SKU-001,DC-01,584,210,0,374,0,0
2024-05-04,SKU-001,DC-01,172,0,0,172,0,0
2024-05-05,SKU-001,DC-01,179,0,0,179,0,3216
2024-05-06,SKU-001,DC-01,217,0,0,217,0,0
2024-05-07,SKU-001,DC-01,440,0,0,440,0,0
2024-05-08,SKU-001,DC-01,391,391,2825,0,3216,0
2024-05-09,SKU-001,DC-01,296,296,2529,0,0,0
2024-05-10,SKU-001,DC-01,137,137,2392,0,0,0
2024-05-11,SKU-001,DC-01,143,143,2249,0,0,0
2024-05-12,SKU-001,DC-01,122,122,2127,0,0,0
2024-05-13,SKU-001,DC-01,166,166,1961,0,0,0
2024-05-14,SKU-001,DC-01,286,286,1675,0,0,0
2024-05-15,SKU-001,DC-01,267,267,1408,0,0,0
2024-05-16,SKU-001,DC-01,182,182,1226,0,0,0
2024-05-17,SKU-001,DC-01,111,111,1115,0,0,0
2024-05-18,SKU-001,DC-01,80,80,1035,0,0,0
2024-05-19,SKU-001,DC-01,134,134,901,0,0,2315
2024-05-20,SKU-001,DC-01,119,119,782,0,0,0
2024-05-21,SKU-001,DC-01,182,182,600,0,0,0
2024-05-22,SKU-001,DC-01,394,394,2521,0,2315,0
2024-05-23,SKU-001,DC-01,236,236,2285,0,0,0
2024-05-24,SKU-001,DC-01,90,90,2195,0,0,0
2024-05-25,SKU-001,DC-01,97,97,2098,0,0,0
2024-05-26,SKU-001,DC-01,89,89,2009,0,0,0
2024-05-27,SKU-001,DC-01,229,229,1780,0,0,0
2024-05-28,SKU-001,DC-01,263,263,1517,0,0,0
2024-05-29,SKU-001,DC-01,258,258,1259,0,0,0
2024-05-30,SKU-001,DC-01,365,365,894,0,0,0
2024-05-31,SKU-001,DC-01,197,197,697,0,0,0
2024-06-01,SKU-001,DC-01,73,73,624,0,0,0
2024-06-02,SKU-001,DC-01,122,122,502,0,0,2714
2024-06-03,SKU-001,DC-01,450,450,52,0,0,0
2024-06-04,SKU-001,DC-01,270,52,0,218,0,0
2024-06-05,SKU-001,DC-01,366,366,2348,0,2714,0
2024-06-06,SKU-001,DC-01,469,469,1879,0,0,0
2024-06-07,SKU-001,DC-01,337,337,1542,0,0,0
2024-06-08,SKU-001,DC-01,116,116,1426,0,0,0
2024-06-09,SKU-001,DC-01,147,147,1279,0,0,0
2024-06-10,SKU-001,DC-01,131,131,1148,0,0,0
2024-06-11,SKU-001,DC-01,161,161,987,0,0,0
2024-06-12,SKU-001,DC-01,264,264,723,0,0,0
2024-06-13,SKU-001,DC-01,90,90,633,0,0,0
2024-06-14,SKU-001,DC-01,281,281,352,0,0,0
2024-06-15,SKU-001,DC-01,110,110,242,0,0,0
2024-06-16,SKU-001,DC-01,102,102,140,0,0,3076
2024-06-17,SKU-001,DC-01,169,140,0,29,0,0
2024-06-18,SKU-001,DC-01,203,0,0,203,0,0
2024-06-19,SKU-001,DC-01,103,103,2973,0,3076,0
2024-06-20,SKU-001,DC-01,257,257,2716,0,0,0
2024-06-21,SKU-001,DC-01,337,337,2379,0,0,0
2024-06-22,SKU-001,DC-01,99,99,2280,0,0,0
2024-06-23,SKU-001,DC-01,31,31,2249,0,0,0
2024-06-24,SKU-001,DC-01,203,203,2046,0,0,0
2024-06-25,SKU-001,DC-01,130,130,1916,0,0,0
2024-06-26,SKU-001,DC-01,232,232,1684,0,0,0
2024-06-27,SKU-001,DC-01,270,270,1414,0,0,0
2024-06-28,SKU-001,DC-01,161,161,1253,0,0,0
2024-06-29,SKU-001,DC-01,178,178,1075,0,0,0
2024-06-30,SKU-001,DC-01,157,157,918,0,0,2298
2024-07-01,SKU-001,DC-01,136,136,782,0,0,0
2024-07-02,SKU-001,DC-01,406,406,376,0,0,0
2024-07-03,SKU-001,DC-01,366,366,2308,0,2298,0
2024-07-04,SKU-001,DC-01,226,226,2082,0,0,0
2024-07-05,SKU-001,DC-01,208,208,1874,0,0,0
2024-07-06,SKU-001,DC-01,53,53,1821,0,0,0
2024-07-07,SKU-001,DC-01,158,158,1663,0,0,0
2024-07-08,SKU-001,DC-01,179,179,1484,0,0,0
2024-07-09,SKU-001,DC-01,181,181,1303,0,0,0
2024-07-10,SKU-001,DC-01,234,234,1069,0,0,0
2024-07-11,SKU-001,DC-01,150,150,919,0,0,0
2024-07-12,SKU-001,DC-01,206,206,713,0,0,0
2024-07-13,SKU-001,DC-01,63,63,650,0,0,0
2024-07-14,SKU-001,DC-01,123,123,527,0,0,2689
2024-07-15,SKU-001,DC-01,82,82,445,0,0,0
2024-07-16,SKU-001,DC-01,187,187,258,0,0,0
2024-07-17,SKU-001,DC-01,216,216,2731,0,2689,0
2024-07-18,SKU-001,DC-01,428,428,2303,0,0,0
2024-07-19,SKU-001,DC-01,218,218,2085,0,0,0
2024-07-20,SKU-001,DC-01,132,132,1953,0,0,0
2024-07-21,SKU-001,DC-01,142,142,1811,0,0,0
2024-07-22,SKU-001,DC-01,136,136,1675,0,0,0
2024-07-23,SKU-001,DC-01,337,337,1338,0,0,0
2024-07-24,SKU-001,DC-01,217,217,1121,0,0,0
2024-07-25,SKU-001,DC-01,112,112,1009,0,0,0
2024-07-26,SKU-001,DC-01,230,230,779,0,0,0
2024-07-27,SKU-001,DC-01,218,218,561,0,0,0
2024-07-28,SKU-001,DC-01,220,220,341,0,0,2875
2024-07-29,SKU-001,DC-01,362,341,0,21,0,0
2024-07-30,SKU-001,DC-01,355,0,0,355,0,0
2024-07-31,SKU-001,DC-01,331,331,2544,0,2875,0
2024-08-01,SKU-001,DC-01,159,159,2385,0,0,0
2024-08-02,SKU-001,DC-01,269,269,2116,0,0,0
2024-08-03,SKU-001,DC-01,174,174,1942,0,0,0
2024-08-04,SKU-001,DC-01,78,78,1864,0,0,0
2024-08-05,SKU-001,DC-01,130,130,1734,0,0,0
2024-08-06,SKU-001,DC-01,375,375,1359,0,0,0
2024-08-07,SKU-001,DC-01,133,133,1226,0,0,0
2024-08-08,SKU-001,DC-01,381,381,845,0,0,0
2024-08-09,SKU-001,DC-01,225,225,620,0,0,0
2024-08-10,SKU-001,DC-01,77,77,543,0,0,0
2024-08-11,SKU-001,DC-01,228,228,315,0,0,2901
2024-08-12,SKU-001,DC-01,435,315,0,120,0,0
2024-08-13,SKU-001,DC-01,547,0,0,547,0,0
2024-08-14,SKU-001,DC-01,513,513,2388,0,2901,0
2024-08-15,SKU-001,DC-01,365,365,2023,0,0,0
2024-08-16,SKU-001,DC-01,168,168,1855,0,0,0
2024-08-17,SKU-001,DC-01,116,116,1739,0,0,0
2024-08-18,SKU-001,DC-01,202,202,1537,0,0,0
2024-08-19,SKU-001,DC-01,240,240,1297,0,0,0
2024-08-20,SKU-001,DC-01,549,549,748,0,0,0
2024-08-21,SKU-001,DC-01,365,365,383,0,0,0
2024-08-22,SKU-001,DC-01,286,286,97,0,0,0
2024-08-23,SKU-001,DC-01,237,97,0,140,0,0
2024-08-24,SKU-001,DC-01,156,0,0,156,0,0
2024-08-25,SKU-001,DC-01,114,0,0,114,0,3216
2024-08-26,SKU-001,DC-01,293,0,0,293,0,0
2024-08-27,SKU-001,DC-01,358,0,0,358,0,0
2024-08-28,SKU-001,DC-01,262,262,2954,0,3216,0
2024-08-29,SKU-001,DC-01,444,444,2510,0,0,0
2024-08-30,SKU-001,DC-01,381,381,2129,0,0,0
2024-08-31,SKU-001,DC-01,355,355,1774,0,0,0
2024-09-01,SKU-001,DC-01,51,51,1723,0,0,0
2024-09-02,SKU-001,DC-01,73,73,1650,0,0,0
2024-09-03,SKU-001,DC-01,424,424,1226,0,0,0
2024-09-04,SKU-001,DC-01,253,253,973,0,0,0
2024-09-05,SKU-001,DC-01,384,384,589,0,0,0
2024-09-06,SKU-001,DC-01,142,142,447,0,0,0
2024-09-07,SKU-001,DC-01,226,226,221,0,0,0
2024-09-08,SKU-001,DC-01,151,151,70,0,0,3146
2024-09-09,SKU-001,DC-01,226,70,0,156,0,0
2024-09-10,SKU-001,DC-01,168,0,0,168,0,0
2024-09-11,SKU-001,DC-01,221,221,2925,0,3146,0
2024-09-12,SKU-001,DC-01,294,294,2631,0,0,0
2024-09-13,SKU-001,DC-01,340,340,2291,0,0,0
2024-09-14,SKU-001,DC-01,113,113,2178,0,0,0
2024-09-15,SKU-001,DC-01,213,213,1965,0,0,0
2024-09-16,SKU-001,DC-01,210,210,1755,0,0,0
2024-09-17,SKU-001,DC-01,325,325,1430,0,0,0
2024-09-18,SKU-001,DC-01,197,197,1233,0,0,0
2024-09-19,SKU-001,DC-01,609,609,624,0,0,0
2024-09-20,SKU-001,DC-01,159,159,465,0,0,0
2024-09-21,SKU-001,DC-01,172,172,293,0,0,0
2024-09-22,SKU-001,DC-01,102,102,191,0,0,3025
2024-09-23,SKU-001,DC-01,338,191,0,147,0,0
2024-09-24,SKU-001,DC-01,228,0,0,228,0,0
2024-09-25,SKU-001,DC-01,116,116,2909,0,3025,0
2024-09-26,SKU-001,DC-01,831,831,2078,0,0,0
2024-09-27,SKU-001,DC-01,382,382,1696,0,0,0
2024-09-28,SKU-001,DC-01,115,115,1581,0,0,0
2024-09-29,SKU-001,DC-01,211,211,1370,0,0,0
2024-09-30,SKU-001,DC-01,456,456,914,0,0,0
2024-10-01,SKU-001,DC-01,164,164,750,0,0,0
2024-10-02,SKU-001,DC-01,451,451,299,0,0,0
2024-10-03,SKU-001,DC-01,409,299,0,110,0,0
2024-10-04,SKU-001,DC-01,582,0,0,582,0,0
2024-10-05,SKU-001,DC-01,122,0,0,122,0,0
2024-10-06,SKU-001,DC-01,132,0,0,132,0,3216
2024-10-07,SKU-001,DC-01,272,0,0,272,0,0
2024-10-08,SKU-001,DC-01,206,0,0,206,0,0
2024-10-09,SKU-001,DC-01,749,749,2467,0,3216,0
2024-10-10,SKU-001,DC-01,616,616,1851,0,0,0
2024-10-11,SKU-001,DC-01,487,487,1364,0,0,0
2024-10-12,SKU-001,DC-01,273,273,1091,0,0,0
2024-10-13,SKU-001,DC-01,119,119,972,0,0,2244
2024-10-14,SKU-001,DC-01,409,409,563,0,0,0
2024-10-15,SKU-001,DC-01,438,438,125,0,0,0
2024-10-16,SKU-001,DC-01,369,369,2000,0,2244,0
2024-10-17,SKU-001,DC-01,374,374,1626,0,0,0
2024-10-18,SKU-001,DC-01,372,372,1254,0,0,0
2024-10-19,SKU-001,DC-01,47,47,1207,0,0,0
2024-10-20,SKU-001,DC-01,319,319,888,0,0,2328
2024-10-21,SKU-001,DC-01,465,465,423,0,0,0
2024-10-22,SKU-001,DC-01,94,94,329,0,0,0
2024-10-23,SKU-001,DC-01,567,567,2090,0,2328,0
2024-10-24,SKU-001,DC-01,299,299,1791,0,0,0
2024-10-25,SKU-001,DC-01,270,270,1521,0,0,0
2024-10-26,SKU-001,DC-01,147,147,1374,0,0,0
2024-10-27,SKU-001,DC-01,216,216,1158,0,0,2058
2024-10-28,SKU-001,DC-01,604,604,554,0,0,0
2024-10-29,SKU-001,DC-01,305,305,249,0,0,0
2024-10-30,SKU-001,DC-01,322,322,1985,0,2058,0
2024-10-31,SKU-001,DC-01,694,694,1291,0,0,0
2024-11-01,SKU-001,DC-01,361,361,930,0,0,0
2024-11-02,SKU-001,DC-01,223,223,707,0,0,0
2024-11-03,SKU-001,DC-01,161,161,546,0,0,2670
2024-11-04,SKU-001,DC-01,186,186,360,0,0,0
2024-11-05,SKU-001,DC-01,274,274,86,0,0,0
2024-11-06,SKU-001,DC-01,484,484,2272,0,2670,0
2024-11-07,SKU-001,DC-01,529,529,1743,0,0,0
2024-11-08,SKU-001,DC-01,746,746,997,0,0,0
2024-11-09,SKU-001,DC-01,155,155,842,0,0,0
2024-11-10,SKU-001,DC-01,250,250,592,0,0,2624
2024-11-11,SKU-001,DC-01,516,516,76,0,0,0
2024-11-12,SKU-001,DC-01,416,76,0,340,0,0
2024-11-13,SKU-001,DC-01,249,249,2375,0,2624,0
2024-11-14,SKU-001,DC-01,217,217,2158,0,0,0
2024-11-15,SKU-001,DC-01,510,510,1648,0,0,0
2024-11-16,SKU-001,DC-01,273,273,1375,0,0,0
2024-11-17,SKU-001,DC-01,261,261,1114,0,0,2102
2024-11-18,SKU-001,DC-01,337,337,777,0,0,0
2024-11-19,SKU-001,DC-01,323,323,454,0,0,0
2024-11-20,SKU-001,DC-01,258,258,2298,0,2102,0
2024-11-21,SKU-001,DC-01,375,375,1923,0,0,0
2024-11-22,SKU-001,DC-01,75,75,1848,0,0,0
2024-11-23,SKU-001,DC-01,202,202,1646,0,0,0
2024-11-24,SKU-001,DC-01,263,263,1383,0,0,0
2024-11-25,SKU-001,DC-01,859,859,524,0,0,0
2024-11-26,SKU-001,DC-01,546,524,0,22,0,0
2024-11-27,SKU-001,DC-01,383,0,0,383,0,0
2024-11-28,SKU-001,DC-01,335,0,0,335,0,0
2024-11-29,SKU-001,DC-01,393,0,0,393,0,0
2024-11-30,SKU-001,DC-01,150,0,0,150,0,0
2024-12-01,SKU-001,DC-01,217,0,0,217,0,3216
2024-12-02,SKU-001,DC-01,415,0,0,415,0,0
2024-12-03,SKU-001,DC-01,293,0,0,293,0,0
2024-12-04,SKU-001,DC-01,352,352,2864,0,3216,0
2024-12-05,SKU-001,DC-01,805,805,2059,0,0,0
2024-12-06,SKU-001,DC-01,292,292,1767,0,0,0
2024-12-07,SKU-001,DC-01,176,176,1591,0,0,0
2024-12-08,SKU-001,DC-01,299,299,1292,0,0,0
2024-12-09,SKU-001,DC-01,645,645,647,0,0,0
2024-12-10,SKU-001,DC-01,245,245,402,0,0,0
2024-12-11,SKU-001,DC-01,251,251,151,0,0,0
2024-12-12,SKU-001,DC-01,589,151,0,438,0,0
2024-12-13,SKU-001,DC-01,463,0,0,463,0,0
2024-12-14,SKU-001,DC-01,50,0,0,50,0,0
2024-12-15,SKU-001,DC-01,182,0,0,182,0,3216
2024-12-16,SKU-001,DC-01,364,0,0,364,0,0
2024-12-17,SKU-001,DC-01,135,0,0,135,0,0
2024-12-18,SKU-001,DC-01,560,560,2656,0,3216,0
2024-12-19,SKU-001,DC-01,99,99,2557,0,0,0
2024-12-20,SKU-001,DC-01,254,254,2303,0,0,0
2024-12-21,SKU-001,DC-01,503,503,1800,0,0,0
2024-12-22,SKU-001,DC-01,68,68,1732,0,0,0
2024-12-23,SKU-001,DC-01,133,133,1599,0,0,0
2024-12-24,SKU-001,DC-01,426,426,1173,0,0,0
2024-12-25,SKU-001,DC-01,175,175,998,0,0,0
2024-12-26,SKU-001,DC-01,320,320,678,0,0,0
2024-12-27,SKU-001,DC-01,716,678,0,38,0,0
2024-12-28,SKU-001,DC-01,313,0,0,313,0,0
2024-12-29,SKU-001,DC-01,162,0,0,162,0,3216
2024-12-30,SKU-001,DC-01,502,0,0,502,0,0
2024-12-31,SKU-001,DC-01,494,0,0,494,0,0
2023-01-01,SKU-001,DC-02,128,128,2596,0,0,0
2023-01-02,SKU-001,DC-02,358,358,2238,0,0,0
2023-01-03,SKU-001,DC-02,241,241,1997,0,0,0
2023-01-04,SKU-001,DC-02,222,222,1775,0,0,0
2023-01-05,SKU-001,DC-02,395,395,1380,0,0,0
2023-01-06,SKU-001,DC-02,541,541,839,0,0,0
2023-01-07,SKU-001,DC-02,152,152,687,0,0,0
2023-01-08,SKU-001,DC-02,153,153,534,0,0,2288
2023-01-09,SKU-001,DC-02,433,433,101,0,0,0
2023-01-10,SKU-001,DC-02,300,101,0,199,0,0
2023-01-11,SKU-001,DC-02,628,0,0,628,0,0
2023-01-12,SKU-001,DC-02,155,155,2133,0,2288,0
2023-01-13,SKU-001,DC-02,468,468,1665,0,0,0
2023-01-14,SKU-001,DC-02,108,108,1557,0,0,0
2023-01-15,SKU-001,DC-02,140,140,1417,0,0,0
2023-01-16,SKU-001,DC-02,283,283,1134,0,0,0
2023-01-17,SKU-001,DC-02,233,233,901,0,0,0
2023-01-18,SKU-001,DC-02,264,264,637,0,0,0
2023-01-19,SKU-001,DC-02,309,309,328,0,0,0
2023-01-20,SKU-001,DC-02,369,328,0,41,0,0
2023-01-21,SKU-001,DC-02,149,0,0,149,0,0
2023-01-22,SKU-001,DC-02,174,0,0,174,0,2822
2023-01-23,SKU-001,DC-02,440,0,0,440,0,0
2023-01-24,SKU-001,DC-02,308,0,0,308,0,0
2023-01-25,SKU-001,DC-02,323,0,0,323,0,0
2023-01-26,SKU-001,DC-02,431,431,2391,0,2822,0
2023-01-27,SKU-001,DC-02,351,351,2040,0,0,0
2023-01-28,SKU-001,DC-02,255,255,1785,0,0,0
2023-01-29,SKU-001,DC-02,166,166,1619,0,0,0
2023-01-30,SKU-001,DC-02,171,171,1448,0,0,0
2023-01-31,SKU-001,DC-02,283,283,1165,0,0,0
2023-02-01,SKU-001,DC-02,385,385,780,0,0,0
2023-02-02,SKU-001,DC-02,565,565,215,0,0,0
2023-02-03,SKU-001,DC-02,393,215,0,178,0,0
2023-02-04,SKU-001,DC-02,58,0,0,58,0,0
2023-02-05,SKU-001,DC-02,125,0,0,125,0,2822
2023-02-06,SKU-001,DC-02,510,0,0,510,0,0
2023-02-07,SKU-001,DC-02,380,0,0,380,0,0
2023-02-08,SKU-001,DC-02,293,0,0,293,0,0
2023-02-09,SKU-001,DC-02,397,397,2425,0,2822,0
2023-02-10,SKU-001,DC-02,340,340,2085,0,0,0
2023-02-11,SKU-001,DC-02,96,96,1989,0,0,0
2023-02-12,SKU-001,DC-02,109,109,1880,0,0,0
2023-02-13,SKU-001,DC-02,281,281,1599,0,0,0
2023-02-14,SKU-001,DC-02,249,249,1350,0,0,0
2023-02-15,SKU-001,DC-02,221,221,1129,0,0,0
2023-02-16,SKU-001,DC-02,300,300,829,0,0,0
2023-02-17,SKU-001,DC-02,638,638,191,0,0,0
2023-02-18,SKU-001,DC-02,329,191,0,138,0,0
2023-02-19,SKU-001,DC-02,152,0,0,152,0,2822
2023-02-20,SKU-001,DC-02,280,0,0,280,0,0
2023-02-21,SKU-001,DC-02,194,0,0,194,0,0
2023-02-22,SKU-001,DC-02,604,0,0,604,0,0
2023-02-23,SKU-001,DC-02,315,315,2507,0,2822,0
2023-02-24,SKU-001,DC-02,326,326,2181,0,0,0
2023-02-25,SKU-001,DC-02,226,226,1955,0,0,0
2023-02-26,SKU-001,DC-02,240,240,1715,0,0,0
2023-02-27,SKU-001,DC-02,553,553,1162,0,0,0
2023-02-28,SKU-001,DC-02,279,279,883,0,0,0
2023-03-01,SKU-001,DC-02,276,276,607,0,0,0
2023-03-02,SKU-001,DC-02,401,401,206,0,0,0
2023-03-03,SKU-001,DC-02,653,206,0,447,0,0
2023-03-04,SKU-001,DC-02,81,0,0,81,0,0
2023-03-05,SKU-001,DC-02,96,0,0,96,0,2822
2023-03-06,SKU-001,DC-02,119,0,0,119,0,0
2023-03-07,SKU-001,DC-02,256,0,0,256,0,0
2023-03-08,SKU-001,DC-02,241,0,0,241,0,0
2023-03-09,SKU-001,DC-02,356,356,2466,0,2822,0
2023-03-10,SKU-001,DC-02,240,240,2226,0,0,0
2023-03-11,SKU-001,DC-02,217,217,2009,0,0,0
2023-03-12,SKU-001,DC-02,166,166,1843,0,0,0
2023-03-13,SKU-001,DC-02,254,254,1589,0,0,0
2023-03-14,SKU-001,DC-02,310,310,1279,0,0,0
2023-03-15,SKU-001,DC-02,114,114,1165,0,0,0
2023-03-16,SKU-001,DC-02,453,453,712,0,0,0
2023-03-17,SKU-001,DC-02,174,174,538,0,0,0
2023-03-18,SKU-001,DC-02,86,86,452,0,0,0
2023-03-19,SKU-001,DC-02,266,266,186,0,0,2636
2023-03-20,SKU-001,DC-02,288,186,0,102,0,0
2023-03-21,SKU-001,DC-02,152,0,0,152,0,0
2023-03-22,SKU-001,DC-02,271,0,0,271,0,0
2023-03-23,SKU-001,DC-02,55,55,2581,0,2636,0
2023-03-24,SKU-001,DC-02,380,380,2201,0,0,0
2023-03-25,SKU-001,DC-02,91,91,2110,0,0,0
2023-03-26,SKU-001,DC-02,152,152,1958,0,0,0
2023-03-27,SKU-001,DC-02,237,237,1721,0,0,0
2023-03-28,SKU-001,DC-02,410,410,1311,0,0,0
2023-03-29,SKU-001,DC-02,271,271,1040,0,0,0
2023-03-30,SKU-001,DC-02,218,218,822,0,0,0
2023-03-31,SKU-001,DC-02,269,269,553,0,0,0
2023-04-01,SKU-001,DC-02,86,86,467,0,0,0
2023-04-02,SKU-001,DC-02,94,94,373,0,0,2449
2023-04-03,SKU-001,DC-02,183,183,190,0,0,0
2023-04-04,SKU-001,DC-02,313,190,0,123,0,0
2023-04-05,SKU-001,DC-02,348,0,0,348,0,0
2023-04-06,SKU-001,DC-02,71,71,2378,0,2449,0
2023-04-07,SKU-001,DC-02,221,221,2157,0,0,0
2023-04-08,SKU-001,DC-02,158,158,1999,0,0,0
2023-04-09,SKU-001,DC-02,175,175,1824,0,0,0
2023-04-10,SKU-001,DC-02,200,200,1624,0,0,0
2023-04-11,SKU-001,DC-02,359,359,1265,0,0,0
2023-04-12,SKU-001,DC-02,462,462,803,0,0,0
2023-04-13,SKU-001,DC-02,344,344,459,0,0,0
2023-04-14,SKU-001,DC-02,174,174,285,0,0,0
2023-04-15,SKU-001,DC-02,250,250,35,0,0,0
2023-04-16,SKU-001,DC-02,97,35,0,62,0,2822
2023-04-17,SKU-001,DC-02,357,0,0,357,0,0
2023-04-18,SKU-001,DC-02,164,0,0,164,0,0
2023-04-19,SKU-001,DC-02,290,0,0,290,0,0
2023-04-20,SKU-001,DC-02,244,244,2578,0,2822,0
2023-04-21,SKU-001,DC-02,207,207,2371,0,0,0
2023-04-22,SKU-001,DC-02,188,188,2183,0,0,0
2023-04-23,SKU-001,DC-02,184,184,1999,0,0,0
2023-04-24,SKU-001,DC-02,175,175,1824,0,0,0
2023-04-25,SKU-001,DC-02,385,385,1439,0,0,0
2023-04-26,SKU-001,DC-02,109,109,1330,0,0,0
2023-04-27,SKU-001,DC-02,186,186,1144,0,0,0
2023-04-28,SKU-001,DC-02,221,221,923,0,0,0
2023-04-29,SKU-001,DC-02,66,66,857,0,0,0
2023-04-30,SKU-001,DC-02,167,167,690,0,0,2132
2023-05-01,SKU-001,DC-02,162,162,528,0,0,0
2023-05-02,SKU-001,DC-02,295,295,233,0,0,0
2023-05-03,SKU-001,DC-02,272,233,0,39,0,0
2023-05-04,SKU-001,DC-02,301,301,1831,0,2132,0
2023-05-05,SKU-001,DC-02,152,152,1679,0,0,0
2023-05-06,SKU-001,DC-02,99,99,1580,0,0,0
2023-05-07,SKU-001,DC-02,119,119,1461,0,0,0
2023-05-08,SKU-001,DC-02,341,341,1120,0,0,0
2023-05-09,SKU-001,DC-02,323,323,797,0,0,0
2023-05-10,SKU-001,DC-02,81,81,716,0,0,0
2023-05-11,SKU-001,DC-02,170,170,546,0,0,0
2023-05-12,SKU-001,DC-02,223,223,323,0,0,0
2023-05-13,SKU-001,DC-02,120,120,203,0,0,0
2023-05-14,SKU-001,DC-02,65,65,138,0,0,2684
2023-05-15,SKU-001,DC-02,162,138,0,24,0,0
2023-05-16,SKU-001,DC-02,142,0,0,142,0,0
2023-05-17,SKU-001,DC-02,89,0,0,89,0,0
2023-05-18,SKU-001,DC-02,238,238,2446,0,2684,0
2023-05-19,SKU-001,DC-02,278,278,2168,0,0,0
2023-05-20,SKU-001,DC-02,151,151,2017,0,0,0
2023-05-21,SKU-001,DC-02,85,85,1932,0,0,0
2023-05-22,SKU-001,DC-02,190,190,1742,0,0,0
2023-05-23,SKU-001,DC-02,101,101,1641,0,0,0
2023-05-24,SKU-001,DC-02,317,317,1324,0,0,0
2023-05-25,SKU-001,DC-02,279,279,1045,0,0,0
2023-05-26,SKU-001,DC-02,263,263,782,0,0,0
2023-05-27,SKU-001,DC-02,110,110,672,0,0,0
2023-05-28,SKU-001,DC-02,161,161,511,0,0,2311
2023-05-29,SKU-001,DC-02,107,107,404,0,0,0
2023-05-30,SKU-001,DC-02,291,291,113,0,0,0
2023-05-31,SKU-001,DC-02,115,113,0,2,0,0
2023-06-01,SKU-001,DC-02,88,88,2223,0,2311,0
2023-06-02,SKU-001,DC-02,192,192,2031,0,0,0
2023-06-03,SKU-001,DC-02,262,262,1769,0,0,0
2023-06-04,SKU-001,DC-02,296,296,1473,0,0,0
2023-06-05,SKU-001,DC-02,209,209,1264,0,0,0
2023-06-06,SKU-001,DC-02,128,128,1136,0,0,0
2023-06-07,SKU-001,DC-02,252,252,884,0,0,0
2023-06-08,SKU-001,DC-02,372,372,512,0,0,0
2023-06-09,SKU-001,DC-02,183,183,329,0,0,0
2023-06-10,SKU-001,DC-02,125,125,204,0,0,0
2023-06-11,SKU-001,DC-02,198,198,6,0,0,2816
2023-06-12,SKU-001,DC-02,380,6,0,374,0,0
2023-06-13,SKU-001,DC-02,229,0,0,229,0,0
2023-06-14,SKU-001,DC-02,99,0,0,99,0,0
2023-06-15,SKU-001,DC-02,121,121,2695,0,2816,0
2023-06-16,SKU-001,DC-02,138,138,2557,0,0,0
2023-06-17,SKU-001,DC-02,152,152,2405,0,0,0
2023-06-18,SKU-001,DC-02,70,70,2335,0,0,0
2023-06-19,SKU-001,DC-02,330,330,2005,0,0,0
2023-06-20,SKU-001,DC-02,221,221,1784,0,0,0
2023-06-21,SKU-001,DC-02,114,114,1670,0,0,0
2023-06-22,SKU-001,DC-02,162,162,1508,0,0,0
2023-06-23,SKU-001,DC-02,233,233,1275,0,0,0
2023-06-24,SKU-001,DC-02,116,116,1159,0,0,0
2023-06-25,SKU-001,DC-02,101,101,1058,0,0,1764
2023-06-26,SKU-001,DC-02,201,201,857,0,0,0
2023-06-27,SKU-001,DC-02,113,113,744,0,0,0
2023-06-28,SKU-001,DC-02,175,175,569,0,0,0
2023-06-29,SKU-001,DC-02,332,332,2001,0,1764,0
2023-06-30,SKU-001,DC-02,128,128,1873,0,0,0
2023-07-01,SKU-001,DC-02,63,63,1810,0,0,0
2023-07-02,SKU-001,DC-02,159,159,1651,0,0,0
2023-07-03,SKU-001,DC-02,180,180,1471,0,0,0
2023-07-04,SKU-001,DC-02,133,133,1338,0,0,0
2023-07-05,SKU-001,DC-02,235,235,1103,0,0,0
2023-07-06,SKU-001,DC-02,175,175,928,0,0,0
2023-07-07,SKU-001,DC-02,229,229,699,0,0,0
2023-07-08,SKU-001,DC-02,116,116,583,0,0,0
2023-07-09,SKU-001,DC-02,46,46,537,0,0,2285
2023-07-10,SKU-001,DC-02,192,192,345,0,0,0
2023-07-11,SKU-001,DC-02,161,161,184,0,0,0
2023-07-12,SKU-001,DC-02,267,184,0,83,0,0
2023-07-13,SKU-001,DC-02,269,269,2016,0,2285,0
2023-07-14,SKU-001,DC-02,131,131,1885,0,0,0
2023-07-15,SKU-001,DC-02,66,66,1819,0,0,0
2023-07-16,SKU-001,DC-02,103,103,1716,0,0,0
2023-07-17,SKU-001,DC-02,126,126,1590,0,0,0
2023-07-18,SKU-001,DC-02,97,97,1493,0,0,0
2023-07-19,SKU-001,DC-02,119,119,1374,0,0,0
2023-07-20,SKU-001,DC-02,324,324,1050,0,0,0
2023-07-21,SKU-001,DC-02,98,98,952,0,0,0
2023-07-22,SKU-001,DC-02,146,146,806,0,0,0
2023-07-23,SKU-001,DC-02,116,116,690,0,0,2132
2023-07-24,SKU-001,DC-02,147,147,543,0,0,0
2023-07-25,SKU-001,DC-02,141,141,402,0,0,0
2023-07-26,SKU-001,DC-02,188,188,214,0,0,0
2023-07-27,SKU-001,DC-02,178,178,2168,0,2132,0
2023-07-28,SKU-001,DC-02,140,140,2028,0,0,0
2023-07-29,SKU-001,DC-02,75,75,1953,0,0,0
2023-07-30,SKU-001,DC-02,134,134,1819,0,0,0
2023-07-31,SKU-001,DC-02,175,175,1644,0,0,0
2023-08-01,SKU-001,DC-02,135,135,1509,0,0,0
2023-08-02,SKU-001,DC-02,205,205,1304,0,0,0
2023-08-03,SKU-001,DC-02,110,110,1194,0,0,0
2023-08-04,SKU-001,DC-02,61,61,1133,0,0,0
2023-08-05,SKU-001,DC-02,38,38,1095,0,0,0
2023-08-06,SKU-001,DC-02,80,80,1015,0,0,1807
2023-08-07,SKU-001,DC-02,178,178,837,0,0,0
2023-08-08,SKU-001,DC-02,105,105,732,0,0,0
2023-08-09,SKU-001,DC-02,213,213,519,0,0,0
2023-08-10,SKU-001,DC-02,134,134,2192,0,1807,0
2023-08-11,SKU-001,DC-02,343,343,1849,0,0,0
2023-08-12,SKU-001,DC-02,186,186,1663,0,0,0
2023-08-13,SKU-001,DC-02,104,104,1559,0,0,0
2023-08-14,SKU-001,DC-02,89,89,1470,0,0,0
2023-08-15,SKU-001,DC-02,354,354,1116,0,0,0
2023-08-16,SKU-001,DC-02,212,212,904,0,0,0
2023-08-17,SKU-001,DC-02,156,156,748,0,0,0
2023-08-18,SKU-001,DC-02,147,147,601,0,0,0
2023-08-19,SKU-001,DC-02,79,79,522,0,0,0
2023-08-20,SKU-001,DC-02,33,33,489,0,0,2333
2023-08-21,SKU-001,DC-02,89,89,400,0,0,0
2023-08-22,SKU-001,DC-02,255,255,145,0,0,0
2023-08-23,SKU-001,DC-02,268,145,0,123,0,0
2023-08-24,SKU-001,DC-02,168,168,2165,0,2333,0
2023-08-25,SKU-001,DC-02,331,331,1834,0,0,0
2023-08-26,SKU-001,DC-02,35,35,1799,0,0,0
2023-08-27,SKU-001,DC-02,64,64,1735,0,0,0
2023-08-28,SKU-001,DC-02,164,164,1571,0,0,0
2023-08-29,SKU-001,DC-02,224,224,1347,0,0,0
2023-08-30,SKU-001,DC-02,161,161,1186,0,0,0
2023-08-31,SKU-001,DC-02,149,149,1037,0,0,0
2023-09-01,SKU-001,DC-02,311,311,726,0,0,0
2023-09-02,SKU-001,DC-02,97,97,629,0,0,0
2023-09-03,SKU-001,DC-02,171,171,458,0,0,2364
2023-09-04,SKU-001,DC-02,221,221,237,0,0,0
2023-09-05,SKU-001,DC-02,220,220,17,0,0,0
2023-09-06,SKU-001,DC-02,129,17,0,112,0,0
2023-09-07,SKU-001,DC-02,197,197,2167,0,2364,0
2023-09-08,SKU-001,DC-02,211,211,1956,0,0,0
2023-09-09,SKU-001,DC-02,104,104,1852,0,0,0
2023-09-10,SKU-001,DC-02,158,158,1694,0,0,0
2023-09-11,SKU-001,DC-02,240,240,1454,0,0,0
2023-09-12,SKU-001,DC-02,239,239,1215,0,0,0
2023-09-13,SKU-001,DC-02,248,248,967,0,0,0
2023-09-14,SKU-001,DC-02,177,177,790,0,0,0
2023-09-15,SKU-001,DC-02,128,128,662,0,0,0
2023-09-16,SKU-001,DC-02,149,149,513,0,0,0
2023-09-17,SKU-001,DC-02,106,106,407,0,0,2415
2023-09-18,SKU-001,DC-02,114,114,293,0,0,0
2023-09-19,SKU-001,DC-02,183,183,110,0,0,0
2023-09-20,SKU-001,DC-02,138,110,0,28,0,0
2023-09-21,SKU-001,DC-02,243,243,2172,0,2415,0
2023-09-22,SKU-001,DC-02,202,202,1970,0,0,0
2023-09-23,SKU-001,DC-02,186,186,1784,0,0,0
2023-09-24,SKU-001,DC-02,245,245,1539,0,0,0
2023-09-25,SKU-001,DC-02,287,287,1252,0,0,0
2023-09-26,SKU-001,DC-02,281,281,971,0,0,0
2023-09-27,SKU-001,DC-02,125,125,846,0,0,0
2023-09-28,SKU-001,DC-02,244,244,602,0,0,0
2023-09-29,SKU-001,DC-02,187,187,415,0,0,0
2023-09-30,SKU-001,DC-02,114,114,301,0,0,0
2023-10-01,SKU-001,DC-02,111,111,190,0,0,2632
2023-10-02,SKU-001,DC-02,223,190,0,33,0,0
2023-10-03,SKU-001,DC-02,115,0,0,115,0,0
2023-10-04,SKU-001,DC-02,171,0,0,171,0,0
2023-10-05,SKU-001,DC-02,222,222,2410,0,2632,0
2023-10-06,SKU-001,DC-02,177,177,2233,0,0,0
2023-10-07,SKU-001,DC-02,94,94,2139,0,0,0
2023-10-08,SKU-001,DC-02,138,138,2001,0,0,0
2023-10-09,SKU-001,DC-02,168,168,1833,0,0,0
2023-10-10,SKU-001,DC-02,226,226,1607,0,0,0
2023-10-11,SKU-001,DC-02,109,109,1498,0,0,0
2023-10-12,SKU-001,DC-02,252,252,1246,0,0,0
2023-10-13,SKU-001,DC-02,215,215,1031,0,0,0
2023-10-14,SKU-001,DC-02,265,265,766,0,0,0
2023-10-15,SKU-001,DC-02,90,90,676,0,0,2146
2023-10-16,SKU-001,DC-02,114,114,562,0,0,0
2023-10-17,SKU-001,DC-02,134,134,428,0,0,0
2023-10-18,SKU-001,DC-02,471,428,0,43,0,0
2023-10-19,SKU-001,DC-02,312,312,1834,0,2146,0
2023-10-20,SKU-001,DC-02,155,155,1679,0,0,0
2023-10-21,SKU-001,DC-02,272,272,1407,0,0,0
2023-10-22,SKU-001,DC-02,95,95,1312,0,0,0
2023-10-23,SKU-001,DC-02,278,278,1034,0,0,0
2023-10-24,SKU-001,DC-02,161,161,873,0,0,0
2023-10-25,SKU-001,DC-02,155,155,718,0,0,0
2023-10-26,SKU-001,DC-02,423,423,295,0,0,0
2023-10-27,SKU-001,DC-02,466,295,0,171,0,0
2023-10-28,SKU-001,DC-02,88,0,0,88,0,0
2023-10-29,SKU-001,DC-02,163,0,0,163,0,2822
2023-10-30,SKU-001,DC-02,338,0,0,338,0,0
2023-10-31,SKU-001,DC-02,389,0,0,389,0,0
2023-11-01,SKU-001,DC-02,318,0,0,318,0,0
2023-11-02,SKU-001,DC-02,343,343,2479,0,2822,0
2023-11-03,SKU-001,DC-02,473,473,2006,0,0,0
2023-11-04,SKU-001,DC-02,117,117,1889,0,0,0
2023-11-05,SKU-001,DC-02,159,159,1730,0,0,0
2023-11-06,SKU-001,DC-02,232,232,1498,0,0,0
2023-11-07,SKU-001,DC-02,239,239,1259,0,0,0
2023-11-08,SKU-001,DC-02,273,273,986,0,0,0
2023-11-09,SKU-001,DC-02,250,250,736,0,0,0
2023-11-10,SKU-001,DC-02,368,368,368,0,0,0
2023-11-11,SKU-001,DC-02,136,136,232,0,0,0
2023-11-12,SKU-001,DC-02,108,108,124,0,0,2698
2023-11-13,SKU-001,DC-02,302,124,0,178,0,0
2023-11-14,SKU-001,DC-02,504,0,0,504,0,0
2023-11-15,SKU-001,DC-02,265,0,0,265,0,0
2023-11-16,SKU-001,DC-02,319,319,2379,0,2698,0
2023-11-17,SKU-001,DC-02,198,198,2181,0,0,0
2023-11-18,SKU-001,DC-02,98,98,2083,0,0,0
2023-11-19,SKU-001,DC-02,238,238,1845,0,0,0
2023-11-20,SKU-001,DC-02,297,297,1548,0,0,0
2023-11-21,SKU-001,DC-02,215,215,1333,0,0,0
2023-11-22,SKU-001,DC-02,50,50,1283,0,0,0
2023-11-23,SKU-001,DC-02,274,274,1009,0,0,0
2023-11-24,SKU-001,DC-02,138,138,871,0,0,0
2023-11-25,SKU-001,DC-02,169,169,702,0,0,0
2023-11-26,SKU-001,DC-02,252,252,450,0,0,2372
2023-11-27,SKU-001,DC-02,354,354,96,0,0,0
2023-11-28,SKU-001,DC-02,497,96,0,401,0,0
2023-11-29,SKU-001,DC-02,214,0,0,214,0,0
2023-11-30,SKU-001,DC-02,284,284,2088,0,2372,0
2023-12-01,SKU-001,DC-02,434,434,1654,0,0,0
2023-12-02,SKU-001,DC-02,189,189,1465,0,0,0
2023-12-03,SKU-001,DC-02,145,145,1320,0,0,0
2023-12-04,SKU-001,DC-02,248,248,1072,0,0,0
2023-12-05,SKU-001,DC-02,215,215,857,0,0,0
2023-12-06,SKU-001,DC-02,206,206,651,0,0,0
2023-12-07,SKU-001,DC-02,234,234,417,0,0,0
2023-12-08,SKU-001,DC-02,111,111,306,0,0,0
2023-12-09,SKU-001,DC-02,89,89,217,0,0,0
2023-12-10,SKU-001,DC-02,68,68,149,0,0,2673
2023-12-11,SKU-001,DC-02,511,149,0,362,0,0
2023-12-12,SKU-001,DC-02,115,0,0,115,0,0
2023-12-13,SKU-001,DC-02,340,0,0,340,0,0
2023-12-14,SKU-001,DC-02,263,263,2410,0,2673,0
2023-12-15,SKU-001,DC-02,484,484,1926,0,0,0
2023-12-16,SKU-001,DC-02,225,225,1701,0,0,0
2023-12-17,SKU-001,DC-02,128,128,1573,0,0,0
2023-12-18,SKU-001,DC-02,497,497,1076,0,0,0
2023-12-19,SKU-001,DC-02,168,168,908,0,0,0
2023-12-20,SKU-001,DC-02,264,264,644,0,0,0
2023-12-21,SKU-001,DC-02,189,189,455,0,0,0
2023-12-22,SKU-001,DC-02,310,310,145,0,0,0
2023-12-23,SKU-001,DC-02,71,71,74,0,0,0
2023-12-24,SKU-001,DC-02,126,74,0,52,0,2822
2023-12-25,SKU-001,DC-02,380,0,0,380,0,0
2023-12-26,SKU-001,DC-02,552,0,0,552,0,0
2023-12-27,SKU-001,DC-02,274,0,0,274,0,0
2023-12-28,SKU-001,DC-02,228,228,2594,0,2822,0
2023-12-29,SKU-001,DC-02,564,564,2030,0,0,0
2023-12-30,SKU-001,DC-02,149,149,1881,0,0,0
2023-12-31,SKU-001,DC-02,133,133,1748,0,0,0
2024-01-01,SKU-001,DC-02,262,262,1486,0,0,0
2024-01-02,SKU-001,DC-02,226,226,1260,0,0,0
2024-01-03,SKU-001,DC-02,146,146,1114,0,0,0
2024-01-04,SKU-001,DC-02,320,320,794,0,0,0
2024-01-05,SKU-001,DC-02,196,196,598,0,0,0
2024-01-06,SKU-001,DC-02,216,216,382,0,0,0
2024-01-07,SKU-001,DC-02,118,118,264,0,0,2558
2024-01-08,SKU-001,DC-02,373,264,0,109,0,0
2024-01-09,SKU-001,DC-02,311,0,0,311,0,0
2024-01-10,SKU-001,DC-02,298,0,0,298,0,0
2024-01-11,SKU-001,DC-02,450,450,2108,0,2558,0
2024-01-12,SKU-001,DC-02,236,236,1872,0,0,0
2024-01-13,SKU-001,DC-02,197,197,1675,0,0,0
2024-01-14,SKU-001,DC-02,150,150,1525,0,0,0
2024-01-15,SKU-001,DC-02,425,425,1100,0,0,0
2024-01-16,SKU-001,DC-02,241,241,859,0,0,0
2024-01-17,SKU-001,DC-02,394,394,465,0,0,0
2024-01-18,SKU-001,DC-02,197,197,268,0,0,0
2024-01-19,SKU-001,DC-02,469,268,0,201,0,0
2024-01-20,SKU-001,DC-02,91,0,0,91,0,0
2024-01-21,SKU-001,DC-02,120,0,0,120,0,2822
2024-01-22,SKU-001,DC-02,383,0,0,383,0,0
2024-01-23,SKU-001,DC-02,279,0,0,279,0,0
2024-01-24,SKU-001,DC-02,277,0,0,277,0,0
2024-01-25,SKU-001,DC-02,126,126,2696,0,2822,0
2024-01-26,SKU-001,DC-02,511,511,2185,0,0,0
2024-01-27,SKU-001,DC-02,244,244,1941,0,0,0
2024-01-28,SKU-001,DC-02,164,164,1777,0,0,0
2024-01-29,SKU-001,DC-02,288,288,1489,0,0,0
2024-01-30,SKU-001,DC-02,309,309,1180,0,0,0
2024-01-31,SKU-001,DC-02,225,225,955,0,0,0
2024-02-01,SKU-001,DC-02,138,138,817,0,0,0
2024-02-02,SKU-001,DC-02,456,456,361,0,0,0
2024-02-03,SKU-001,DC-02,164,164,197,0,0,0
2024-02-04,SKU-001,DC-02,118,118,79,0,0,2743
2024-02-05,SKU-001,DC-02,406,79,0,327,0,0
2024-02-06,SKU-001,DC-02,161,0,0,161,0,0
2024-02-07,SKU-001,DC-02,335,0,0,335,0,0
2024-02-08,SKU-001,DC-02,218,218,2525,0,2743,0
2024-02-09,SKU-001,DC-02,795,795,1730,0,0,0
2024-02-10,SKU-001,DC-02,273,273,1457,0,0,0
2024-02-11,SKU-001,DC-02,404,404,1053,0,0,1769
2024-02-12,SKU-001,DC-02,321,321,732,0,0,0
2024-02-13,SKU-001,DC-02,398,398,334,0,0,0
2024-02-14,SKU-001,DC-02,485,334,0,151,0,0
2024-02-15,SKU-001,DC-02,257,257,1512,0,1769,0
2024-02-16,SKU-001,DC-02,114,114,1398,0,0,0
2024-02-17,SKU-001,DC-02,112,112,1286,0,0,0
2024-02-18,SKU-001,DC-02,159,159,1127,0,0,1695
2024-02-19,SKU-001,DC-02,578,578,549,0,0,0
2024-02-20,SKU-001,DC-02,318,318,231,0,0,0
2024-02-21,SKU-001,DC-02,330,231,0,99,0,0
2024-02-22,SKU-001,DC-02,176,176,1519,0,1695,0
2024-02-23,SKU-001,DC-02,371,371,1148,0,0,0
2024-02-24,SKU-001,DC-02,84,84,1064,0,0,0
2024-02-25,SKU-001,DC-02,321,321,743,0,0,2079
2024-02-26,SKU-001,DC-02,368,368,375,0,0,0
2024-02-27,SKU-001,DC-02,291,291,84,0,0,0
2024-02-28,SKU-001,DC-02,261,84,0,177,0,0
2024-02-29,SKU-001,DC-02,250,250,1829,0,2079,0
2024-03-01,SKU-001,DC-02,283,283,1546,0,0,0
2024-03-02,SKU-001,DC-02,111,111,1435,0,0,0
2024-03-03,SKU-001,DC-02,147,147,1288,0,0,0
2024-03-04,SKU-001,DC-02,360,360,928,0,0,0
2024-03-05,SKU-001,DC-02,487,487,441,0,0,0
2024-03-06,SKU-001,DC-02,269,269,172,0,0,0
2024-03-07,SKU-001,DC-02,141,141,31,0,0,0
2024-03-08,SKU-001,DC-02,272,31,0,241,0,0
2024-03-09,SKU-001,DC-02,170,0,0,170,0,0
2024-03-10,SKU-001,DC-02,205,0,0,205,0,2822
2024-03-11,SKU-001,DC-02,155,0,0,155,0,0
2024-03-12,SKU-001,DC-02,128,0,0,128,0,0
2024-03-13,SKU-001,DC-02,313,0,0,313,0,0
2024-03-14,SKU-001,DC-02,158,158,2664,0,2822,0
2024-03-15,SKU-001,DC-02,267,267,2397,0,0,0
2024-03-16,SKU-001,DC-02,140,140,2257,0,0,0
2024-03-17,SKU-001,DC-02,237,237,2020,0,0,0
2024-03-18,SKU-001,DC-02,251,251,1769,0,0,0
2024-03-19,SKU-001,DC-02,248,248,1521,0,0,0
2024-03-20,SKU-001,DC-02,392,392,1129,0,0,0
2024-03-21,SKU-001,DC-02,378,378,751,0,0,0
2024-03-22,SKU-001,DC-02,333,333,418,0,0,0
2024-03-23,SKU-001,DC-02,143,143,275,0,0,0
2024-03-24,SKU-001,DC-02,198,198,77,0,0,2745
2024-03-25,SKU-001,DC-02,423,77,0,346,0,0
2024-03-26,SKU-001,DC-02,206,0,0,206,0,0
2024-03-27,SKU-001,DC-02,160,0,0,160,0,0
2024-03-28,SKU-001,DC-02,158,158,2587,0,2745,0
2024-03-29,SKU-001,DC-02,120,120,2467,0,0,0
2024-03-30,SKU-001,DC-02,141,141,2326,0,0,0
2024-03-31,SKU-001,DC-02,248,248,2078,0,0,0
2024-04-01,SKU-001,DC-02,141,141,1937,0,0,0
2024-04-02,SKU-001,DC-02,242,242,1695,0,0,0
2024-04-03,SKU-001,DC-02,264,264,1431,0,0,0
2024-04-04,SKU-001,DC-02,189,189,1242,0,0,0
2024-04-05,SKU-001,DC-02,148,148,1094,0,0,0
2024-04-06,SKU-001,DC-02,75,75,1019,0,0,0
2024-04-07,SKU-001,DC-02,178,178,841,0,0,1981
2024-04-08,SKU-001,DC-02,337,337,504,0,0,0
2024-04-09,SKU-001,DC-02,335,335,169,0,0,0
2024-04-10,SKU-001,DC-02,301,169,0,132,0,0
2024-04-11,SKU-001,DC-02,238,238,1743,0,1981,0
2024-04-12,SKU-001,DC-02,304,304,1439,0,0,0
2024-04-13,SKU-001,DC-02,59,59,1380,0,0,0
2024-04-14,SKU-001,DC-02,64,64,1316,0,0,0
2024-04-15,SKU-001,DC-02,232,232,1084,0,0,0
2024-04-16,SKU-001,DC-02,445,445,639,0,0,0
2024-04-17,SKU-001,DC-02,220,220,419,0,0,0
2024-04-18,SKU-001,DC-02,154,154,265,0,0,0
2024-04-19,SKU-001,DC-02,303,265,0,38,0,0
2024-04-20,SKU-001,DC-02,177,0,0,177,0,0
2024-04-21,SKU-001,DC-02,123,0,0,123,0,2822
2024-04-22,SKU-001,DC-02,93,0,0,93,0,0
2024-04-23,SKU-001,DC-02,269,0,0,269,0,0
2024-04-24,SKU-001,DC-02,241,0,0,241,0,0
2024-04-25,SKU-001,DC-02,242,242,2580,0,2822,0
2024-04-26,SKU-001,DC-02,90,90,2490,0,0,0
2024-04-27,SKU-001,DC-02,97,97,2393,0,0,0
2024-04-28,SKU-001,DC-02,70,70,2323,0,0,0
2024-04-29,SKU-001,DC-02,241,241,2082,0,0,0
2024-04-30,SKU-001,DC-02,453,453,1629,0,0,0
2024-05-01,SKU-001,DC-02,359,359,1270,0,0,0
2024-05-02,SKU-001,DC-02,423,423,847,0,0,0
2024-05-03,SKU-001,DC-02,380,380,467,0,0,0
2024-05-04,SKU-001,DC-02,85,85,382,0,0,0
2024-05-05,SKU-001,DC-02,115,115,267,0,0,2555
2024-05-06,SKU-001,DC-02,179,179,88,0,0,0
2024-05-07,SKU-001,DC-02,81,81,7,0,0,0
2024-05-08,SKU-001,DC-02,91,7,0,84,0,0
2024-05-09,SKU-001,DC-02,218,218,2337,0,2555,0
2024-05-10,SKU-001,DC-02,141,141,2196,0,0,0
2024-05-11,SKU-001,DC-02,112,112,2084,0,0,0
2024-05-12,SKU-001,DC-02,107,107,1977,0,0,0
2024-05-13,SKU-001,DC-02,169,169,1808,0,0,0
2024-05-14,SKU-001,DC-02,278,278,1530,0,0,0
2024-05-15,SKU-001,DC-02,285,285,1245,0,0,0
2024-05-16,SKU-001,DC-02,325,325,920,0,0,0
2024-05-17,SKU-001,DC-02,248,248,672,0,0,0
2024-05-18,SKU-001,DC-02,184,184,488,0,0,0
2024-05-19,SKU-001,DC-02,80,80,408,0,0,2414
2024-05-20,SKU-001,DC-02,275,275,133,0,0,0
2024-05-21,SKU-001,DC-02,185,133,0,52,0,0
2024-05-22,SKU-001,DC-02,204,0,0,204,0,0
2024-05-23,SKU-001,DC-02,204,204,2210,0,2414,0
2024-05-24,SKU-001,DC-02,208,208,2002,0,0,0
2024-05-25,SKU-001,DC-02,26,26,1976,0,0,0
2024-05-26,SKU-001,DC-02,91,91,1885,0,0,0
2024-05-27,SKU-001,DC-02,209,209,1676,0,0,0
2024-05-28,SKU-001,DC-02,172,172,1504,0,0,0
2024-05-29,SKU-001,DC-02,172,172,1332,0,0,0
2024-05-30,SKU-001,DC-02,191,191,1141,0,0,0
2024-05-31,SKU-001,DC-02,132,132,1009,0,0,0
2024-06-01,SKU-001,DC-02,162,162,847,0,0,0
2024-06-02,SKU-001,DC-02,67,67,780,0,0,2042
2024-06-03,SKU-001,DC-02,141,141,639,0,0,0
2024-06-04,SKU-001,DC-02,247,247,392,0,0,0
2024-06-05,SKU-001,DC-02,114,114,278,0,0,0
2024-06-06,SKU-001,DC-02,139,139,2181,0,2042,0
2024-06-07,SKU-001,DC-02,146,146,2035,0,0,0
2024-06-08,SKU-001,DC-02,158,158,1877,0,0,0
2024-06-09,SKU-001,DC-02,180,180,1697,0,0,0
2024-06-10,SKU-001,DC-02,217,217,1480,0,0,0
2024-06-11,SKU-001,DC-02,68,68,1412,0,0,0
2024-06-12,SKU-001,DC-02,189,189,1223,0,0,0
2024-06-13,SKU-001,DC-02,173,173,1050,0,0,0
2024-06-14,SKU-001,DC-02,275,275,775,0,0,0
2024-06-15,SKU-001,DC-02,179,179,596,0,0,0
2024-06-16,SKU-001,DC-02,91,91,505,0,0,2317
2024-06-17,SKU-001,DC-02,175,175,330,0,0,0
2024-06-18,SKU-001,DC-02,125,125,205,0,0,0
2024-06-19,SKU-001,DC-02,148,148,57,0,0,0
2024-06-20,SKU-001,DC-02,115,115,2259,0,2317,0
2024-06-21,SKU-001,DC-02,178,178,2081,0,0,0
2024-06-22,SKU-001,DC-02,82,82,1999,0,0,0
2024-06-23,SKU-001,DC-02,130,130,1869,0,0,0
2024-06-24,SKU-001,DC-02,151,151,1718,0,0,0
2024-06-25,SKU-001,DC-02,76,76,1642,0,0,0
2024-06-26,SKU-001,DC-02,243,243,1399,0,0,0
2024-06-27,SKU-001,DC-02,384,384,1015,0,0,0
2024-06-28,SKU-001,DC-02,173,173,842,0,0,0
2024-06-29,SKU-001,DC-02,58,58,784,0,0,0
2024-06-30,SKU-001,DC-02,130,130,654,0,0,2168
2024-07-01,SKU-001,DC-02,98,98,556,0,0,0
2024-07-02,SKU-001,DC-02,164,164,392,0,0,0
2024-07-03,SKU-001,DC-02,219,219,173,0,0,0
2024-07-04,SKU-001,DC-02,243,243,2098,0,2168,0
2024-07-05,SKU-001,DC-02,81,81,2017,0,0,0
2024-07-06,SKU-001,DC-02,111,111,1906,0,0,0
2024-07-07,SKU-001,DC-02,109,109,1797,0,0,0
2024-07-08,SKU-001,DC-02,206,206,1591,0,0,0
2024-07-09,SKU-001,DC-02,159,159,1432,0,0,0
2024-07-10,SKU-001,DC-02,177,177,1255,0,0,0
2024-07-11,SKU-001,DC-02,345,345,910,0,0,0
2024-07-12,SKU-001,DC-02,275,275,635,0,0,0
2024-07-13,SKU-001,DC-02,69,69,566,0,0,0
2024-07-14,SKU-001,DC-02,83,83,483,0,0,2339
2024-07-15,SKU-001,DC-02,279,279,204,0,0,0
2024-07-16,SKU-001,DC-02,286,204,0,82,0,0
2024-07-17,SKU-001,DC-02,136,0,0,136,0,0
2024-07-18,SKU-001,DC-02,282,282,2057,0,2339,0
2024-07-19,SKU-001,DC-02,423,423,1634,0,0,0
2024-07-20,SKU-001,DC-02,123,123,1511,0,0,0
2024-07-21,SKU-001,DC-02,152,152,1359,0,0,0
2024-07-22,SKU-001,DC-02,262,262,1097,0,0,0
2024-07-23,SKU-001,DC-02,53,53,1044,0,0,0
2024-07-24,SKU-001,DC-02,171,171,873,0,0,0
2024-07-25,SKU-001,DC-02,259,259,614,0,0,0
2024-07-26,SKU-001,DC-02,158,158,456,0,0,0
2024-07-27,SKU-001,DC-02,93,93,363,0,0,0
2024-07-28,SKU-001,DC-02,135,135,228,0,0,2594
2024-07-29,SKU-001,DC-02,199,199,29,0,0,0
2024-07-30,SKU-001,DC-02,316,29,0,287,0,0
2024-07-31,SKU-001,DC-02,244,0,0,244,0,0
2024-08-01,SKU-001,DC-02,204,204,2390,0,2594,0
2024-08-02,SKU-001,DC-02,213,213,2177,0,0,0
2024-08-03,SKU-001,DC-02,28,28,2149,0,0,0
2024-08-04,SKU-001,DC-02,78,78,2071,0,0,0
2024-08-05,SKU-001,DC-02,106,106,1965,0,0,0
2024-08-06,SKU-001,DC-02,65,65,1900,0,0,0
2024-08-07,SKU-001,DC-02,284,284,1616,0,0,0
2024-08-08,SKU-001,DC-02,231,231,1385,0,0,0
2024-08-09,SKU-001,DC-02,206,206,1179,0,0,0
2024-08-10,SKU-001,DC-02,228,228,951,0,0,0
2024-08-11,SKU-001,DC-02,115,115,836,0,0,1986
2024-08-12,SKU-001,DC-02,203,203,633,0,0,0
2024-08-13,SKU-001,DC-02,106,106,527,0,0,0
2024-08-14,SKU-001,DC-02,143,143,384,0,0,0
2024-08-15,SKU-001,DC-02,131,131,2239,0,1986,0
2024-08-16,SKU-001,DC-02,360,360,1879,0,0,0
2024-08-17,SKU-001,DC-02,146,146,1733,0,0,0
2024-08-18,SKU-001,DC-02,271,271,1462,0,0,0
2024-08-19,SKU-001,DC-02,251,251,1211,0,0,0
2024-08-20,SKU-001,DC-02,88,88,1123,0,0,0
2024-08-21,SKU-001,DC-02,52,52,1071,0,0,0
2024-08-22,SKU-001,DC-02,137,137,934,0,0,0
2024-08-23,SKU-001,DC-02,214,214,720,0,0,0
2024-08-24,SKU-001,DC-02,72,72,648,0,0,0
2024-08-25,SKU-001,DC-02,54,54,594,0,0,2228
2024-08-26,SKU-001,DC-02,176,176,418,0,0,0
2024-08-27,SKU-001,DC-02,130,130,288,0,0,0
2024-08-28,SKU-001,DC-02,80,80,208,0,0,0
2024-08-29,SKU-001,DC-02,188,188,2248,0,2228,0
2024-08-30,SKU-001,DC-02,184,184,2064,0,0,0
2024-08-31,SKU-001,DC-02,126,126,1938,0,0,0
2024-09-01,SKU-001,DC-02,85,85,1853,0,0,0
2024-09-02,SKU-001,DC-02,281,281,1572,0,0,0
2024-09-03,SKU-001,DC-02,253,253,1319,0,0,0
2024-09-04,SKU-001,DC-02,144,144,1175,0,0,0
2024-09-05,SKU-001,DC-02,457,457,718,0,0,0
2024-09-06,SKU-001,DC-02,289,289,429,0,0,0
2024-09-07,SKU-001,DC-02,123,123,306,0,0,0
2024-09-08,SKU-001,DC-02,226,226,80,0,0,2742
2024-09-09,SKU-001,DC-02,168,80,0,88,0,0
2024-09-10,SKU-001,DC-02,207,0,0,207,0,0
2024-09-11,SKU-001,DC-02,375,0,0,375,0,0
2024-09-12,SKU-001,DC-02,294,294,2448,0,2742,0
2024-09-13,SKU-001,DC-02,117,117,2331,0,0,0
2024-09-14,SKU-001,DC-02,87,87,2244,0,0,0
2024-09-15,SKU-001,DC-02,71,71,2173,0,0,0
2024-09-16,SKU-001,DC-02,229,229,1944,0,0,0
2024-09-17,SKU-001,DC-02,95,95,1849,0,0,0
2024-09-18,SKU-001,DC-02,283,283,1566,0,0,0
2024-09-19,SKU-001,DC-02,325,325,1241,0,0,0
2024-09-20,SKU-001,DC-02,145,145,1096,0,0,0
2024-09-21,SKU-001,DC-02,232,232,864,0,0,0
2024-09-22,SKU-001,DC-02,109,109,755,0,0,2067
2024-09-23,SKU-001,DC-02,242,242,513,0,0,0
2024-09-24,SKU-001,DC-02,257,257,256,0,0,0
2024-09-25,SKU-001,DC-02,340,256,0,84,0,0
2024-09-26,SKU-001,DC-02,282,282,1785,0,2067,0
2024-09-27,SKU-001,DC-02,335,335,1450,0,0,0
2024-09-28,SKU-001,DC-02,140,140,1310,0,0,0
2024-09-29,SKU-001,DC-02,119,119,1191,0,0,1631
2024-09-30,SKU-001,DC-02,229,229,962,0,0,0
2024-10-01,SKU-001,DC-02,106,106,856,0,0,0
2024-10-02,SKU-001,DC-02,227,227,629,0,0,0
2024-10-03,SKU-001,DC-02,323,323,1937,0,1631,0
2024-10-04,SKU-001,DC-02,375,375,1562,0,0,0
2024-10-05,SKU-001,DC-02,211,211,1351,0,0,0
2024-10-06,SKU-001,DC-02,156,156,1195,0,0,1627
2024-10-07,SKU-001,DC-02,211,211,984,0,0,0
2024-10-08,SKU-001,DC-02,98,98,886,0,0,0
2024-10-09,SKU-001,DC-02,362,362,524,0,0,0
2024-10-10,SKU-001,DC-02,239,239,1912,0,1627,0
2024-10-11,SKU-001,DC-02,162,162,1750,0,0,0
2024-10-12,SKU-001,DC-02,161,161,1589,0,0,0
2024-10-13,SKU-001,DC-02,145,145,1444,0,0,0
2024-10-14,SKU-001,DC-02,185,185,1259,0,0,0
2024-10-15,SKU-001,DC-02,295,295,964,0,0,0
2024-10-16,SKU-001,DC-02,145,145,819,0,0,0
2024-10-17,SKU-001,DC-02,261,261,558,0,0,0
2024-10-18,SKU-001,DC-02,364,364,194,0,0,0
2024-10-19,SKU-001,DC-02,101,101,93,0,0,0
2024-10-20,SKU-001,DC-02,222,93,0,129,0,2822
2024-10-21,SKU-001,DC-02,264,0,0,264,0,0
2024-10-22,SKU-001,DC-02,232,0,0,232,0,0
2024-10-23,SKU-001,DC-02,215,0,0,215,0,0
2024-10-24,SKU-001,DC-02,214,214,2608,0,2822,0
2024-10-25,SKU-001,DC-02,111,111,2497,0,0,0
2024-10-26,SKU-001,DC-02,205,205,2292,0,0,0
2024-10-27,SKU-001,DC-02,186,186,2106,0,0,0
2024-10-28,SKU-001,DC-02,123,123,1983,0,0,0
2024-10-29,SKU-001,DC-02,393,393,1590,0,0,0
2024-10-30,SKU-001,DC-02,202,202,1388,0,0,0
2024-10-31,SKU-001,DC-02,227,227,1161,0,0,0
2024-11-01,SKU-001,DC-02,226,226,935,0,0,0
2024-11-02,SKU-001,DC-02,171,171,764,0,0,0
2024-11-03,SKU-001,DC-02,102,102,662,0,0,2160
2024-11-04,SKU-001,DC-02,525,525,137,0,0,0
2024-11-05,SKU-001,DC-02,160,137,0,23,0,0
2024-11-06,SKU-001,DC-02,323,0,0,323,0,0
2024-11-07,SKU-001,DC-02,484,484,1676,0,2160,0
2024-11-08,SKU-001,DC-02,237,237,1439,0,0,0
2024-11-09,SKU-001,DC-02,328,328,1111,0,0,0
2024-11-10,SKU-001,DC-02,79,79,1032,0,0,1790
2024-11-11,SKU-001,DC-02,265,265,767,0,0,0
2024-11-12,SKU-001,DC-02,304,304,463,0,0,0
2024-11-13,SKU-001,DC-02,333,333,130,0,0,0
2024-11-14,SKU-001,DC-02,399,399,1521,0,1790,0
2024-11-15,SKU-001,DC-02,339,339,1182,0,0,0
2024-11-16,SKU-001,DC-02,152,152,1030,0,0,0
2024-11-17,SKU-001,DC-02,210,210,820,0,0,2002
2024-11-18,SKU-001,DC-02,155,155,665,0,0,0
2024-11-19,SKU-001,DC-02,309,309,356,0,0,0
2024-11-20,SKU-001,DC-02,217,217,139,0,0,0
2024-11-21,SKU-001,DC-02,399,399,1742,0,2002,0
2024-11-22,SKU-001,DC-02,304,304,1438,0,0,0
2024-11-23,SKU-001,DC-02,126,126,1312,0,0,0
2024-11-24,SKU-001,DC-02,165,165,1147,0,0,1675
2024-11-25,SKU-001,DC-02,607,607,540,0,0,0
2024-11-26,SKU-001,DC-02,249,249,291,0,0,0
2024-11-27,SKU-001,DC-02,285,285,6,0,0,0
2024-11-28,SKU-001,DC-02,379,379,1302,0,1675,0
2024-11-29,SKU-001,DC-02,233,233,1069,0,0,0
2024-11-30,SKU-001,DC-02,308,308,761,0,0,0
2024-12-01,SKU-001,DC-02,218,218,543,0,0,2279
2024-12-02,SKU-001,DC-02,432,432,111,0,0,0
2024-12-03,SKU-001,DC-02,703,111,0,592,0,0
2024-12-04,SKU-001,DC-02,226,0,0,226,0,0
2024-12-05,SKU-001,DC-02,144,144,2135,0,2279,0
2024-12-06,SKU-001,DC-02,318,318,1817,0,0,0
2024-12-07,SKU-001,DC-02,151,151,1666,0,0,0
2024-12-08,SKU-001,DC-02,161,161,1505,0,0,0
2024-12-09,SKU-001,DC-02,267,267,1238,0,0,0
2024-12-10,SKU-001,DC-02,357,357,881,0,0,0
2024-12-11,SKU-001,DC-02,372,372,509,0,0,0
2024-12-12,SKU-001,DC-02,247,247,262,0,0,0
2024-12-13,SKU-001,DC-02,169,169,93,0,0,0
2024-12-14,SKU-001,DC-02,246,93,0,153,0,0
2024-12-15,SKU-001,DC-02,69,0,0,69,0,2822
2024-12-16,SKU-001,DC-02,212,0,0,212,0,0
2024-12-17,SKU-001,DC-02,228,0,0,228,0,0
2024-12-18,SKU-001,DC-02,284,0,0,284,0,0
2024-12-19,SKU-001,DC-02,283,283,2539,0,2822,0
2024-12-20,SKU-001,DC-02,476,476,2063,0,0,0
2024-12-21,SKU-001,DC-02,141,141,1922,0,0,0
2024-12-22,SKU-001,DC-02,101,101,1821,0,0,0
2024-12-23,SKU-001,DC-02,157,157,1664,0,0,0
2024-12-24,SKU-001,DC-02,241,241,1423,0,0,0
2024-12-25,SKU-001,DC-02,215,215,1208,0,0,0
2024-12-26,SKU-001,DC-02,275,275,933,0,0,0
2024-12-27,SKU-001,DC-02,226,226,707,0,0,0
2024-12-28,SKU-001,DC-02,109,109,598,0,0,0
2024-12-29,SKU-001,DC-02,224,224,374,0,0,2448
2024-12-30,SKU-001,DC-02,509,374,0,135,0,0
2024-12-31,SKU-001,DC-02,158,0,0,158,0,0
2023-01-01,SKU-001,DC-03,104,104,2096,0,0,0
2023-01-02,SKU-001,DC-03,112,112,1984,0,0,0
2023-01-03,SKU-001,DC-03,173,173,1811,0,0,0
2023-01-04,SKU-001,DC-03,369,369,1442,0,0,0
2023-01-05,SKU-001,DC-03,81,81,1361,0,0,0
2023-01-06,SKU-001,DC-03,338,338,1023,0,0,0
2023-01-07,SKU-001,DC-03,37,37,986,0,0,0
2023-01-08,SKU-001,DC-03,82,82,904,0,0,1616
2023-01-09,SKU-001,DC-03,309,309,595,0,0,0
2023-01-10,SKU-001,DC-03,234,234,361,0,0,0
2023-01-11,SKU-001,DC-03,250,250,111,0,0,0
2023-01-12,SKU-001,DC-03,200,111,0,89,0,0
2023-01-13,SKU-001,DC-03,161,161,1455,0,1616,0
2023-01-14,SKU-001,DC-03,61,61,1394,0,0,0
2023-01-15,SKU-001,DC-03,219,219,1175,0,0,1345
2023-01-16,SKU-001,DC-03,98,98,1077,0,0,0
2023-01-17,SKU-001,DC-03,102,102,975,0,0,0
2023-01-18,SKU-001,DC-03,271,271,704,0,0,0
2023-01-19,SKU-001,DC-03,254,254,450,0,0,0
2023-01-20,SKU-001,DC-03,216,216,1579,0,1345,0
2023-01-21,SKU-001,DC-03,96,96,1483,0,0,0
2023-01-22,SKU-001,DC-03,81,81,1402,0,0,0
2023-01-23,SKU-001,DC-03,286,286,1116,0,0,0
2023-01-24,SKU-001,DC-03,261,261,855,0,0,0
2023-01-25,SKU-001,DC-03,240,240,615,0,0,0
2023-01-26,SKU-001,DC-03,146,146,469,0,0,0
2023-01-27,SKU-001,DC-03,322,322,147,0,0,0
2023-01-28,SKU-001,DC-03,132,132,15,0,0,0
2023-01-29,SKU-001,DC-03,317,15,0,302,0,2520
2023-01-30,SKU-001,DC-03,229,0,0,229,0,0
2023-01-31,SKU-001,DC-03,366,0,0,366,0,0
2023-02-01,SKU-001,DC-03,172,0,0,172,0,0
2023-02-02,SKU-001,DC-03,122,0,0,122,0,0
2023-02-03,SKU-001,DC-03,314,314,2206,0,2520,0
2023-02-04,SKU-001,DC-03,107,107,2099,0,0,0
2023-02-05,SKU-001,DC-03,105,105,1994,0,0,0
2023-02-06,SKU-001,DC-03,159,159,1835,0,0,0
2023-02-07,SKU-001,DC-03,158,158,1677,0,0,0
2023-02-08,SKU-001,DC-03,411,411,1266,0,0,0
2023-02-09,SKU-001,DC-03,189,189,1077,0,0,0
2023-02-10,SKU-001,DC-03,239,239,838,0,0,0
2023-02-11,SKU-001,DC-03,103,103,735,0,0,0
2023-02-12,SKU-001,DC-03,106,106,629,0,0,1891
2023-02-13,SKU-001,DC-03,577,577,52,0,0,0
2023-02-14,SKU-001,DC-03,222,52,0,170,0,0
2023-02-15,SKU-001,DC-03,136,0,0,136,0,0
2023-02-16,SKU-001,DC-03,204,0,0,204,0,0
2023-02-17,SKU-001,DC-03,199,199,1692,0,1891,0
2023-02-18,SKU-001,DC-03,82,82,1610,0,0,0
2023-02-19,SKU-001,DC-03,173,173,1437,0,0,0
2023-02-20,SKU-001,DC-03,308,308,1129,0,0,0
2023-02-21,SKU-001,DC-03,219,219,910,0,0,0
2023-02-22,SKU-001,DC-03,148,148,762,0,0,0
2023-02-23,SKU-001,DC-03,228,228,534,0,0,0
2023-02-24,SKU-001,DC-03,213,213,321,0,0,0
2023-02-25,SKU-001,DC-03,166,166,155,0,0,0
2023-02-26,SKU-001,DC-03,121,121,34,0,0,2486
2023-02-27,SKU-001,DC-03,314,34,0,280,0,0
2023-02-28,SKU-001,DC-03,336,0,0,336,0,0
2023-03-01,SKU-001,DC-03,187,0,0,187,0,0
2023-03-02,SKU-001,DC-03,255,0,0,255,0,0
2023-03-03,SKU-001,DC-03,315,315,2171,0,2486,0
2023-03-04,SKU-001,DC-03,105,105,2066,0,0,0
2023-03-05,SKU-001,DC-03,100,100,1966,0,0,0
2023-03-06,SKU-001,DC-03,196,196,1770,0,0,0
2023-03-07,SKU-001,DC-03,214,214,1556,0,0,0
2023-03-08,SKU-001,DC-03,266,266,1290,0,0,0
2023-03-09,SKU-001,DC-03,113,113,1177,0,0,0
2023-03-10,SKU-001,DC-03,138,138,1039,0,0,0
2023-03-11,SKU-001,DC-03,166,166,873,0,0,0
2023-03-12,SKU-001,DC-03,171,171,702,0,0,1818
2023-03-13,SKU-001,DC-03,182,182,520,0,0,0
2023-03-14,SKU-001,DC-03,111,111,409,0,0,0
2023-03-15,SKU-001,DC-03,256,256,153,0,0,0
2023-03-16,SKU-001,DC-03,325,153,0,172,0,0
2023-03-17,SKU-001,DC-03,204,204,1614,0,1818,0
2023-03-18,SKU-001,DC-03,134,134,1480,0,0,0
2023-03-19,SKU-001,DC-03,66,66,1414,0,0,0
2023-03-20,SKU-001,DC-03,48,48,1366,0,0,0
2023-03-21,SKU-001,DC-03,73,73,1293,0,0,0
2023-03-22,SKU-001,DC-03,192,192,1101,0,0,0
2023-03-23,SKU-001,DC-03,133,133,968,0,0,0
2023-03-24,SKU-001,DC-03,100,100,868,0,0,0
2023-03-25,SKU-001,DC-03,313,313,555,0,0,0
2023-03-26,SKU-001,DC-03,79,79,476,0,0,2044
2023-03-27,SKU-001,DC-03,52,52,424,0,0,0
2023-03-28,SKU-001,DC-03,84,84,340,0,0,0
2023-03-29,SKU-001,DC-03,219,219,121,0,0,0
2023-03-30,SKU-001,DC-03,180,121,0,59,0,0
2023-03-31,SKU-001,DC-03,239,239,1805,0,2044,0
2023-04-01,SKU-001,DC-03,113,113,1692,0,0,0
2023-04-02,SKU-001,DC-03,121,121,1571,0,0,0
2023-04-03,SKU-001,DC-03,254,254,1317,0,0,0
2023-04-04,SKU-001,DC-03,173,173,1144,0,0,0
2023-04-05,SKU-001,DC-03,90,90,1054,0,0,0
2023-04-06,SKU-001,DC-03,44,44,1010,0,0,0
2023-04-07,SKU-001,DC-03,74,74,936,0,0,0
2023-04-08,SKU-001,DC-03,48,48,888,0,0,0
2023-04-09,SKU-001,DC-03,130,130,758,0,0,1762
2023-04-10,SKU-001,DC-03,68,68,690,0,0,0
2023-04-11,SKU-001,DC-03,198,198,492,0,0,0
2023-04-12,SKU-001,DC-03,459,459,33,0,0,0
2023-04-13,SKU-001,DC-03,230,33,0,197,0,0
2023-04-14,SKU-001,DC-03,266,266,1496,0,1762,0
2023-04-15,SKU-001,DC-03,306,306,1190,0,0,0
2023-04-16,SKU-001,DC-03,63,63,1127,0,0,1393
2023-04-17,SKU-001,DC-03,209,209,918,0,0,0
2023-04-18,SKU-001,DC-03,430,430,488,0,0,0
2023-04-19,SKU-001,DC-03,147,147,341,0,0,0
2023-04-20,SKU-001,DC-03,214,214,127,0,0,0
2023-04-21,SKU-001,DC-03,295,295,1225,0,1393,0
2023-04-22,SKU-001,DC-03,132,132,1093,0,0,0
2023-04-23,SKU-001,DC-03,32,32,1061,0,0,1459
2023-04-24,SKU-001,DC-03,110,110,951,0,0,0
2023-04-25,SKU-001,DC-03,197,197,754,0,0,0
2023-04-26,SKU-001,DC-03,192,192,562,0,0,0
2023-04-27,SKU-001,DC-03,231,231,331,0,0,0
2023-04-28,SKU-001,DC-03,173,173,1617,0,1459,0
2023-04-29,SKU-001,DC-03,58,58,1559,0,0,0
2023-04-30,SKU-001,DC-03,67,67,1492,0,0,0
2023-05-01,SKU-001,DC-03,147,147,1345,0,0,0
2023-05-02,SKU-001,DC-03,166,166,1179,0,0,0
2023-05-03,SKU-001,DC-03,172,172,1007,0,0,0
2023-05-04,SKU-001,DC-03,254,254,753,0,0,0
2023-05-05,SKU-001,DC-03,183,183,570,0,0,0
2023-05-06,SKU-001,DC-03,53,53,517,0,0,0
2023-05-07,SKU-001,DC-03,61,61,456,0,0,2064
2023-05-08,SKU-001,DC-03,262,262,194,0,0,0
2023-05-09,SKU-001,DC-03,63,63,131,0,0,0
2023-05-10,SKU-001,DC-03,70,70,61,0,0,0
2023-05-11,SKU-001,DC-03,178,61,0,117,0,0
2023-05-12,SKU-001,DC-03,249,249,1815,0,2064,0
2023-05-13,SKU-001,DC-03,89,89,1726,0,0,0
2023-05-14,SKU-001,DC-03,89,89,1637,0,0,0
2023-05-15,SKU-001,DC-03,208,208,1429,0,0,0
2023-05-16,SKU-001,DC-03,222,222,1207,0,0,0
2023-05-17,SKU-001,DC-03,97,97,1110,0,0,0
2023-05-18,SKU-001,DC-03,90,90,1020,0,0,0
2023-05-19,SKU-001,DC-03,83,83,937,0,0,0
2023-05-20,SKU-001,DC-03,72,72,865,0,0,0
2023-05-21,SKU-001,DC-03,13,13,852,0,0,1668
2023-05-22,SKU-001,DC-03,185,185,667,0,0,0
2023-05-23,SKU-001,DC-03,98,98,569,0,0,0
2023-05-24,SKU-001,DC-03,225,225,344,0,0,0
2023-05-25,SKU-001,DC-03,82,82,262,0,0,0
2023-05-26,SKU-001,DC-03,254,254,1676,0,1668,0
2023-05-27,SKU-001,DC-03,15,15,1661,0,0,0
2023-05-28,SKU-001,DC-03,99,99,1562,0,0,0
2023-05-29,SKU-001,DC-03,87,87,1475,0,0,0
2023-05-30,SKU-001,DC-03,217,217,1258,0,0,0
2023-05-31,SKU-001,DC-03,291,291,967,0,0,0
2023-06-01,SKU-001,DC-03,121,121,846,0,0,0
2023-06-02,SKU-001,DC-03,68,68,778,0,0,0
2023-06-03,SKU-001,DC-03,111,111,667,0,0,0
2023-06-04,SKU-001,DC-03,255,255,412,0,0,2108
2023-06-05,SKU-001,DC-03,387,387,25,0,0,0
2023-06-06,SKU-001,DC-03,324,25,0,299,0,0
2023-06-07,SKU-001,DC-03,192,0,0,192,0,0
2023-06-08,SKU-001,DC-03,407,0,0,407,0,0
2023-06-09,SKU-001,DC-03,173,173,1935,0,2108,0
2023-06-10,SKU-001,DC-03,124,124,1811,0,0,0
2023-06-11,SKU-001,DC-03,133,133,1678,0,0,0
2023-06-12,SKU-001,DC-03,526,526,1152,0,0,0
2023-06-13,SKU-001,DC-03,226,226,926,0,0,0
2023-06-14,SKU-001,DC-03,66,66,860,0,0,0
2023-06-15,SKU-001,DC-03,168,168,692,0,0,0
2023-06-16,SKU-001,DC-03,163,163,529,0,0,0
2023-06-17,SKU-001,DC-03,60,60,469,0,0,0
2023-06-18,SKU-001,DC-03,56,56,413,0,0,2107
2023-06-19,SKU-001,DC-03,131,131,282,0,0,0
2023-06-20,SKU-001,DC-03,170,170,112,0,0,0
2023-06-21,SKU-001,DC-03,68,68,44,0,0,0
2023-06-22,SKU-001,DC-03,114,44,0,70,0,0
2023-06-23,SKU-001,DC-03,200,200,1907,0,2107,0
2023-06-24,SKU-001,DC-03,47,47,1860,0,0,0
2023-06-25,SKU-001,DC-03,82,82,1778,0,0,0
2023-06-26,SKU-001,DC-03,137,137,1641,0,0,0
2023-06-27,SKU-001,DC-03,252,252,1389,0,0,0
2023-06-28,SKU-001,DC-03,123,123,1266,0,0,0
2023-06-29,SKU-001,DC-03,123,123,1143,0,0,0
2023-06-30,SKU-001,DC-03,361,361,782,0,0,0
2023-07-01,SKU-001,DC-03,68,68,714,0,0,0
2023-07-02,SKU-001,DC-03,56,56,658,0,0,1862
2023-07-03,SKU-001,DC-03,87,87,571,0,0,0
2023-07-04,SKU-001,DC-03,138,138,433,0,0,0
2023-07-05,SKU-001,DC-03,88,88,345,0,0,0
2023-07-06,SKU-001,DC-03,60,60,285,0,0,0
2023-07-07,SKU-001,DC-03,271,271,1876,0,1862,0
2023-07-08,SKU-001,DC-03,92,92,1784,0,0,0
2023-07-09,SKU-001,DC-03,87,87,1697,0,0,0
2023-07-10,SKU-001,DC-03,88,88,1609,0,0,0
2023-07-11,SKU-001,DC-03,103,103,1506,0,0,0
2023-07-12,SKU-001,DC-03,212,212,1294,0,0,0
2023-07-13,SKU-001,DC-03,135,135,1159,0,0,0
2023-07-14,SKU-001,DC-03,73,73,1086,0,0,0
2023-07-15,SKU-001,DC-03,31,31,1055,0,0,0
2023-07-16,SKU-001,DC-03,114,114,941,0,0,1579
2023-07-17,SKU-001,DC-03,139,139,802,0,0,0
2023-07-18,SKU-001,DC-03,127,127,675,0,0,0
2023-07-19,SKU-001,DC-03,115,115,560,0,0,0
2023-07-20,SKU-001,DC-03,134,134,426,0,0,0
2023-07-21,SKU-001,DC-03,250,250,1755,0,1579,0
2023-07-22,SKU-001,DC-03,47,47,1708,0,0,0
2023-07-23,SKU-001,DC-03,151,151,1557,0,0,0
2023-07-24,SKU-001,DC-03,154,154,1403,0,0,0
2023-07-25,SKU-001,DC-03,293,293,1110,0,0,0
2023-07-26,SKU-001,DC-03,156,156,954,0,0,0
2023-07-27,SKU-001,DC-03,227,227,727,0,0,0
2023-07-28,SKU-001,DC-03,100,100,627,0,0,0
2023-07-29,SKU-001,DC-03,88,88,539,0,0,0
2023-07-30,SKU-001,DC-03,95,95,444,0,0,2076
2023-07-31,SKU-001,DC-03,126,126,318,0,0,0
2023-08-01,SKU-001,DC-03,56,56,262,0,0,0
2023-08-02,SKU-001,DC-03,167,167,95,0,0,0
2023-08-03,SKU-001,DC-03,115,95,0,20,0,0
2023-08-04,SKU-001,DC-03,148,148,1928,0,2076,0
2023-08-05,SKU-001,DC-03,95,95,1833,0,0,0
2023-08-06,SKU-001,DC-03,220,220,1613,0,0,0
2023-08-07,SKU-001,DC-03,207,207,1406,0,0,0
2023-08-08,SKU-001,DC-03,87,87,1319,0,0,0
2023-08-09,SKU-001,DC-03,163,163,1156,0,0,0
2023-08-10,SKU-001,DC-03,185,185,971,0,0,0
2023-08-11,SKU-001,DC-03,234,234,737,0,0,0
2023-08-12,SKU-001,DC-03,109,109,628,0,0,0
2023-08-13,SKU-001,DC-03,61,61,567,0,0,1953
2023-08-14,SKU-001,DC-03,88,88,479,0,0,0
2023-08-15,SKU-001,DC-03,240,240,239,0,0,0
2023-08-16,SKU-001,DC-03,111,111,128,0,0,0
2023-08-17,SKU-001,DC-03,158,128,0,30,0,0
2023-08-18,SKU-001,DC-03,42,42,1911,0,1953,0
2023-08-19,SKU-001,DC-03,26,26,1885,0,0,0
2023-08-20,SKU-001,DC-03,44,44,1841,0,0,0
2023-08-21,SKU-001,DC-03,163,163,1678,0,0,0
2023-08-22,SKU-001,DC-03,212,212,1466,0,0,0
2023-08-23,SKU-001,DC-03,148,148,1318,0,0,0
2023-08-24,SKU-001,DC-03,103,103,1215,0,0,0
2023-08-25,SKU-001,DC-03,180,180,1035,0,0,0
2023-08-26,SKU-001,DC-03,81,81,954,0,0,0
2023-08-27,SKU-001,DC-03,63,63,891,0,0,1629
2023-08-28,SKU-001,DC-03,175,175,716,0,0,0
2023-08-29,SKU-001,DC-03,222,222,494,0,0,0
2023-08-30,SKU-001,DC-03,251,251,243,0,0,0
2023-08-31,SKU-001,DC-03,100,100,143,0,0,0
2023-09-01,SKU-001,DC-03,163,163,1609,0,1629,0
2023-09-02,SKU-001,DC-03,178,178,1431,0,0,0
2023-09-03,SKU-001,DC-03,129,129,1302,0,0,0
2023-09-04,SKU-001,DC-03,188,188,1114,0,0,0
2023-09-05,SKU-001,DC-03,134,134,980,0,0,0
2023-09-06,SKU-001,DC-03,119,119,861,0,0,0
2023-09-07,SKU-001,DC-03,80,80,781,0,0,0
2023-09-08,SKU-001,DC-03,63,63,718,0,0,0
2023-09-09,SKU-001,DC-03,130,130,588,0,0,0
2023-09-10,SKU-001,DC-03,113,113,475,0,0,2045
2023-09-11,SKU-001,DC-03,120,120,355,0,0,0
2023-09-12,SKU-001,DC-03,92,92,263,0,0,0
2023-09-13,SKU-001,DC-03,290,263,0,27,0,0
2023-09-14,SKU-001,DC-03,216,0,0,216,0,0
2023-09-15,SKU-001,DC-03,204,204,1841,0,2045,0
2023-09-16,SKU-001,DC-03,29,29,1812,0,0,0
2023-09-17,SKU-001,DC-03,20,20,1792,0,0,0
2023-09-18,SKU-001,DC-03,144,144,1648,0,0,0
2023-09-19,SKU-001,DC-03,162,162,1486,0,0,0
2023-09-20,SKU-001,DC-03,164,164,1322,0,0,0
2023-09-21,SKU-001,DC-03,128,128,1194,0,0,0
2023-09-22,SKU-001,DC-03,87,87,1107,0,0,0
2023-09-23,SKU-001,DC-03,89,89,1018,0,0,0
2023-09-24,SKU-001,DC-03,68,68,950,0,0,1570
2023-09-25,SKU-001,DC-03,136,136,814,0,0,0
2023-09-26,SKU-001,DC-03,229,229,585,0,0,0
2023-09-27,SKU-001,DC-03,129,129,456,0,0,0
2023-09-28,SKU-001,DC-03,127,127,329,0,0,0
2023-09-29,SKU-001,DC-03,170,170,1729,0,1570,0
2023-09-30,SKU-001,DC-03,70,70,1659,0,0,0
2023-10-01,SKU-001,DC-03,172,172,1487,0,0,0
2023-10-02,SKU-001,DC-03,177,177,1310,0,0,0
2023-10-03,SKU-001,DC-03,197,197,1113,0,0,0
2023-10-04,SKU-001,DC-03,266,266,847,0,0,0
2023-10-05,SKU-001,DC-03,180,180,667,0,0,0
2023-10-06,SKU-001,DC-03,189,189,478,0,0,0
2023-10-07,SKU-001,DC-03,75,75,403,0,0,0
2023-10-08,SKU-001,DC-03,81,81,322,0,0,2198
2023-10-09,SKU-001,DC-03,57,57,265,0,0,0
2023-10-10,SKU-001,DC-03,231,231,34,0,0,0
2023-10-11,SKU-001,DC-03,308,34,0,274,0,0
2023-10-12,SKU-001,DC-03,420,0,0,420,0,0
2023-10-13,SKU-001,DC-03,138,138,2060,0,2198,0
2023-10-14,SKU-001,DC-03,189,189,1871,0,0,0
2023-10-15,SKU-001,DC-03,108,108,1763,0,0,0
2023-10-16,SKU-001,DC-03,250,250,1513,0,0,0
2023-10-17,SKU-001,DC-03,203,203,1310,0,0,0
2023-10-18,SKU-001,DC-03,260,260,1050,0,0,0
2023-10-19,SKU-001,DC-03,278,278,772,0,0,0
2023-10-20,SKU-001,DC-03,127,127,645,0,0,0
2023-10-21,SKU-001,DC-03,98,98,547,0,0,0
2023-10-22,SKU-001,DC-03,116,116,431,0,0,2089
2023-10-23,SKU-001,DC-03,323,323,108,0,0,0
2023-10-24,SKU-001,DC-03,213,108,0,105,0,0
2023-10-25,SKU-001,DC-03,248,0,0,248,0,0
2023-10-26,SKU-001,DC-03,193,0,0,193,0,0
2023-10-27,SKU-001,DC-03,319,319,1770,0,2089,0
2023-10-28,SKU-001,DC-03,72,72,1698,0,0,0
2023-10-29,SKU-001,DC-03,165,165,1533,0,0,0
2023-10-30,SKU-001,DC-03,507,507,1026,0,0,0
2023-10-31,SKU-001,DC-03,182,182,844,0,0,0
2023-11-01,SKU-001,DC-03,253,253,591,0,0,0
2023-11-02,SKU-001,DC-03,351,351,240,0,0,0
2023-11-03,SKU-001,DC-03,258,240,0,18,0,0
2023-11-04,SKU-001,DC-03,131,0,0,131,0,0
2023-11-05,SKU-001,DC-03,181,0,0,181,0,2520
2023-11-06,SKU-001,DC-03,120,0,0,120,0,0
2023-11-07,SKU-001,DC-03,252,0,0,252,0,0
2023-11-08,SKU-001,DC-03,190,0,0,190,0,0
2023-11-09,SKU-001,DC-03,118,0,0,118,0,0
2023-11-10,SKU-001,DC-03,371,371,2149,0,2520,0
2023-11-11,SKU-001,DC-03,63,63,2086,0,0,0
2023-11-12,SKU-001,DC-03,76,76,2010,0,0,0
2023-11-13,SKU-001,DC-03,291,291,1719,0,0,0
2023-11-14,SKU-001,DC-03,378,378,1341,0,0,0
2023-11-15,SKU-001,DC-03,167,167,1174,0,0,0
2023-11-16,SKU-001,DC-03,121,121,1053,0,0,0
2023-11-17,SKU-001,DC-03,180,180,873,0,0,0
2023-11-18,SKU-001,DC-03,48,48,825,0,0,0
2023-11-19,SKU-001,DC-03,181,181,644,0,0,1876
2023-11-20,SKU-001,DC-03,256,256,388,0,0,0
2023-11-21,SKU-001,DC-03,179,179,209,0,0,0
2023-11-22,SKU-001,DC-03,284,209,0,75,0,0
2023-11-23,SKU-001,DC-03,195,0,0,195,0,0
2023-11-24,SKU-001,DC-03,62,62,1814,0,1876,0
2023-11-25,SKU-001,DC-03,166,166,1648,0,0,0
2023-11-26,SKU-001,DC-03,143,143,1505,0,0,0
2023-11-27,SKU-001,DC-03,341,341,1164,0,0,0
2023-11-28,SKU-001,DC-03,138,138,1026,0,0,0
2023-11-29,SKU-001,DC-03,237,237,789,0,0,0
2023-11-30,SKU-001,DC-03,145,145,644,0,0,0
2023-12-01,SKU-001,DC-03,223,223,421,0,0,0
2023-12-02,SKU-001,DC-03,133,133,288,0,0,0
2023-12-03,SKU-001,DC-03,142,142,146,0,0,2374
2023-12-04,SKU-001,DC-03,236,146,0,90,0,0
2023-12-05,SKU-001,DC-03,506,0,0,506,0,0
2023-12-06,SKU-001,DC-03,206,0,0,206,0,0
2023-12-07,SKU-001,DC-03,339,0,0,339,0,0
2023-12-08,SKU-001,DC-03,114,114,2260,0,2374,0
2023-12-09,SKU-001,DC-03,120,120,2140,0,0,0
2023-12-10,SKU-001,DC-03,90,90,2050,0,0,0
2023-12-11,SKU-001,DC-03,197,197,1853,0,0,0
2023-12-12,SKU-001,DC-03,305,305,1548,0,0,0
2023-12-13,SKU-001,DC-03,164,164,1384,0,0,0
2023-12-14,SKU-001,DC-03,263,263,1121,0,0,0
2023-12-15,SKU-001,DC-03,285,285,836,0,0,0
2023-12-16,SKU-001,DC-03,118,118,718,0,0,0
2023-12-17,SKU-001,DC-03,105,105,613,0,0,1907
2023-12-18,SKU-001,DC-03,143,143,470,0,0,0
2023-12-19,SKU-001,DC-03,269,269,201,0,0,0
2023-12-20,SKU-001,DC-03,241,201,0,40,0,0
2023-12-21,SKU-001,DC-03,444,0,0,444,0,0
2023-12-22,SKU-001,DC-03,273,273,1634,0,1907,0
2023-12-23,SKU-001,DC-03,47,47,1587,0,0,0
2023-12-24,SKU-001,DC-03,131,131,1456,0,0,0
2023-12-25,SKU-001,DC-03,172,172,1284,0,0,0
2023-12-26,SKU-001,DC-03,321,321,963,0,0,0
2023-12-27,SKU-001,DC-03,192,192,771,0,0,0
2023-12-28,SKU-001,DC-03,295,295,476,0,0,0
2023-12-29,SKU-001,DC-03,278,278,198,0,0,0
2023-12-30,SKU-001,DC-03,129,129,69,0,0,0
2023-12-31,SKU-001,DC-03,133,69,0,64,0,2520
2024-01-01,SKU-001,DC-03,141,0,0,141,0,0
2024-01-02,SKU-001,DC-03,272,0,0,272,0,0
2024-01-03,SKU-001,DC-03,184,0,0,184,0,0
2024-01-04,SKU-001,DC-03,90,0,0,90,0,0
2024-01-05,SKU-001,DC-03,198,198,2322,0,2520,0
2024-01-06,SKU-001,DC-03,149,149,2173,0,0,0
2024-01-07,SKU-001,DC-03,117,117,2056,0,0,0
2024-01-08,SKU-001,DC-03,83,83,1973,0,0,0
2024-01-09,SKU-001,DC-03,229,229,1744,0,0,0
2024-01-10,SKU-001,DC-03,123,123,1621,0,0,0
2024-01-11,SKU-001,DC-03,286,286,1335,0,0,0
2024-01-12,SKU-001,DC-03,266,266,1069,0,0,0
2024-01-13,SKU-001,DC-03,147,147,922,0,0,0
2024-01-14,SKU-001,DC-03,95,95,827,0,0,1693
2024-01-15,SKU-001,DC-03,259,259,568,0,0,0
2024-01-16,SKU-001,DC-03,158,158,410,0,0,0
2024-01-17,SKU-001,DC-03,473,410,0,63,0,0
2024-01-18,SKU-001,DC-03,214,0,0,214,0,0
2024-01-19,SKU-001,DC-03,232,232,1461,0,1693,0
2024-01-20,SKU-001,DC-03,212,212,1249,0,0,0
2024-01-21,SKU-001,DC-03,104,104,1145,0,0,1375
2024-01-22,SKU-001,DC-03,531,531,614,0,0,0
2024-01-23,SKU-001,DC-03,267,267,347,0,0,0
2024-01-24,SKU-001,DC-03,306,306,41,0,0,0
2024-01-25,SKU-001,DC-03,420,41,0,379,0,0
2024-01-26,SKU-001,DC-03,269,269,1106,0,1375,0
2024-01-27,SKU-001,DC-03,102,102,1004,0,0,0
2024-01-28,SKU-001,DC-03,107,107,897,0,0,1623
2024-01-29,SKU-001,DC-03,242,242,655,0,0,0
2024-01-30,SKU-001,DC-03,268,268,387,0,0,0
2024-01-31,SKU-001,DC-03,177,177,210,0,0,0
2024-02-01,SKU-001,DC-03,213,210,0,3,0,0
2024-02-02,SKU-001,DC-03,244,244,1379,0,1623,0
2024-02-03,SKU-001,DC-03,144,144,1235,0,0,0
2024-02-04,SKU-001,DC-03,161,161,1074,0,0,1446
2024-02-05,SKU-001,DC-03,238,238,836,0,0,0
2024-02-06,SKU-001,DC-03,417,417,419,0,0,0
2024-02-07,SKU-001,DC-03,194,194,225,0,0,0
2024-02-08,SKU-001,DC-03,261,225,0,36,0,0
2024-02-09,SKU-001,DC-03,350,350,1096,0,1446,0
2024-02-10,SKU-001,DC-03,114,114,982,0,0,0
2024-02-11,SKU-001,DC-03,126,126,856,0,0,1664
2024-02-12,SKU-001,DC-03,238,238,618,0,0,0
2024-02-13,SKU-001,DC-03,391,391,227,0,0,0
2024-02-14,SKU-001,DC-03,185,185,42,0,0,0
2024-02-15,SKU-001,DC-03,361,42,0,319,0,0
2024-02-16,SKU-001,DC-03,266,266,1398,0,1664,0
2024-02-17,SKU-001,DC-03,87,87,1311,0,0,0
2024-02-18,SKU-001,DC-03,157,157,1154,0,0,1366
2024-02-19,SKU-001,DC-03,271,271,883,0,0,0
2024-02-20,SKU-001,DC-03,341,341,542,0,0,0
2024-02-21,SKU-001,DC-03,204,204,338,0,0,0
2024-02-22,SKU-001,DC-03,261,261,77,0,0,0
2024-02-23,SKU-001,DC-03,190,190,1253,0,1366,0
2024-02-24,SKU-001,DC-03,181,181,1072,0,0,0
2024-02-25,SKU-001,DC-03,107,107,965,0,0,1555
2024-02-26,SKU-001,DC-03,365,365,600,0,0,0
2024-02-27,SKU-001,DC-03,295,295,305,0,0,0
2024-02-28,SKU-001,DC-03,269,269,36,0,0,0
2024-02-29,SKU-001,DC-03,227,36,0,191,0,0
2024-03-01,SKU-001,DC-03,414,414,1141,0,1555,0
2024-03-02,SKU-001,DC-03,74,74,1067,0,0,0
2024-03-03,SKU-001,DC-03,171,171,896,0,0,1624
2024-03-04,SKU-001,DC-03,242,242,654,0,0,0
2024-03-05,SKU-001,DC-03,235,235,419,0,0,0
2024-03-06,SKU-001,DC-03,325,325,94,0,0,0
2024-03-07,SKU-001,DC-03,351,94,0,257,0,0
2024-03-08,SKU-001,DC-03,115,115,1509,0,1624,0
2024-03-09,SKU-001,DC-03,79,79,1430,0,0,0
2024-03-10,SKU-001,DC-03,66,66,1364,0,0,0
2024-03-11,SKU-001,DC-03,161,161,1203,0,0,0
2024-03-12,SKU-001,DC-03,402,402,801,0,0,0
2024-03-13,SKU-001,DC-03,343,343,458,0,0,0
2024-03-14,SKU-001,DC-03,424,424,34,0,0,0
2024-03-15,SKU-001,DC-03,121,34,0,87,0,0
2024-03-16,SKU-001,DC-03,185,0,0,185,0,0
2024-03-17,SKU-001,DC-03,112,0,0,112,0,2520
2024-03-18,SKU-001,DC-03,182,0,0,182,0,0
2024-03-19,SKU-001,DC-03,310,0,0,310,0,0
2024-03-20,SKU-001,DC-03,139,0,0,139,0,0
2024-03-21,SKU-001,DC-03,167,0,0,167,0,0
2024-03-22,SKU-001,DC-03,123,123,2397,0,2520,0
2024-03-23,SKU-001,DC-03,115,115,2282,0,0,0
2024-03-24,SKU-001,DC-03,146,146,2136,0,0,0
2024-03-25,SKU-001,DC-03,132,132,2004,0,0,0
2024-03-26,SKU-001,DC-03,305,305,1699,0,0,0
2024-03-27,SKU-001,DC-03,154,154,1545,0,0,0
2024-03-28,SKU-001,DC-03,91,91,1454,0,0,0
2024-03-29,SKU-001,DC-03,198,198,1256,0,0,0
2024-03-30,SKU-001,DC-03,104,104,1152,0,0,0
2024-03-31,SKU-001,DC-03,99,99,1053,0,0,1467
2024-04-01,SKU-001,DC-03,82,82,971,0,0,0
2024-04-02,SKU-001,DC-03,213,213,758,0,0,0
2024-04-03,SKU-001,DC-03,122,122,636,0,0,0
2024-04-04,SKU-001,DC-03,154,154,482,0,0,0
2024-04-05,SKU-001,DC-03,253,253,1696,0,1467,0
2024-04-06,SKU-001,DC-03,110,110,1586,0,0,0
2024-04-07,SKU-001,DC-03,92,92,1494,0,0,0
2024-04-08,SKU-001,DC-03,272,272,1222,0,0,0
2024-04-09,SKU-001,DC-03,439,439,783,0,0,0
2024-04-10,SKU-001,DC-03,114,114,669,0,0,0
2024-04-11,SKU-001,DC-03,239,239,430,0,0,0
2024-04-12,SKU-001,DC-03,147,147,283,0,0,0
2024-04-13,SKU-001,DC-03,160,160,123,0,0,0
2024-04-14,SKU-001,DC-03,126,123,0,3,0,2520
2024-04-15,SKU-001,DC-03,101,0,0,101,0,0
2024-04-16,SKU-001,DC-03,104,0,0,104,0,0
2024-04-17,SKU-001,DC-03,181,0,0,181,0,0
2024-04-18,SKU-001,DC-03,271,0,0,271,0,0
2024-04-19,SKU-001,DC-03,114,114,2406,0,2520,0
2024-04-20,SKU-001,DC-03,106,106,2300,0,0,0
2024-04-21,SKU-001,DC-03,48,48,2252,0,0,0
2024-04-22,SKU-001,DC-03,249,249,2003,0,0,0
2024-04-23,SKU-001,DC-03,301,301,1702,0,0,0
2024-04-24,SKU-001,DC-03,256,256,1446,0,0,0
2024-04-25,SKU-001,DC-03,235,235,1211,0,0,0
2024-04-26,SKU-001,DC-03,286,286,925,0,0,0
2024-04-27,SKU-001,DC-03,80,80,845,0,0,0
2024-04-28,SKU-001,DC-03,93,93,752,0,0,1768
2024-04-29,SKU-001,DC-03,210,210,542,0,0,0
2024-04-30,SKU-001,DC-03,244,244,298,0,0,0
2024-05-01,SKU-001,DC-03,329,298,0,31,0,0
2024-05-02,SKU-001,DC-03,224,0,0,224,0,0
2024-05-03,SKU-001,DC-03,327,327,1441,0,1768,0
2024-05-04,SKU-001,DC-03,100,100,1341,0,0,0
2024-05-05,SKU-001,DC-03,81,81,1260,0,0,0
2024-05-06,SKU-001,DC-03,137,137,1123,0,0,0
2024-05-07,SKU-001,DC-03,150,150,973,0,0,0
2024-05-08,SKU-001,DC-03,75,75,898,0,0,0
2024-05-09,SKU-001,DC-03,101,101,797,0,0,0
2024-05-10,SKU-001,DC-03,132,132,665,0,0,0
2024-05-11,SKU-001,DC-03,65,65,600,0,0,0
2024-05-12,SKU-001,DC-03,39,39,561,0,0,1959
2024-05-13,SKU-001,DC-03,105,105,456,0,0,0
2024-05-14,SKU-001,DC-03,110,110,346,0,0,0
2024-05-15,SKU-001,DC-03,289,289,57,0,0,0
2024-05-16,SKU-001,DC-03,160,57,0,103,0,0
2024-05-17,SKU-001,DC-03,127,127,1832,0,1959,0
2024-05-18,SKU-001,DC-03,43,43,1789,0,0,0
2024-05-19,SKU-001,DC-03,70,70,1719,0,0,0
2024-05-20,SKU-001,DC-03,259,259,1460,0,0,0
2024-05-21,SKU-001,DC-03,176,176,1284,0,0,0
2024-05-22,SKU-001,DC-03,191,191,1093,0,0,0
2024-05-23,SKU-001,DC-03,217,217,876,0,0,0
2024-05-24,SKU-001,DC-03,285,285,591,0,0,0
2024-05-25,SKU-001,DC-03,30,30,561,0,0,0
2024-05-26,SKU-001,DC-03,59,59,502,0,0,2018
2024-05-27,SKU-001,DC-03,252,252,250,0,0,0
2024-05-28,SKU-001,DC-03,357,250,0,107,0,0
2024-05-29,SKU-001,DC-03,143,0,0,143,0,0
2024-05-30,SKU-001,DC-03,205,0,0,205,0,0
2024-05-31,SKU-001,DC-03,208,208,1810,0,2018,0
2024-06-01,SKU-001,DC-03,95,95,1715,0,0,0
2024-06-02,SKU-001,DC-03,88,88,1627,0,0,0
2024-06-03,SKU-001,DC-03,154,154,1473,0,0,0
2024-06-04,SKU-001,DC-03,162,162,1311,0,0,0
2024-06-05,SKU-001,DC-03,129,129,1182,0,0,0
2024-06-06,SKU-001,DC-03,129,129,1053,0,0,0
2024-06-07,SKU-001,DC-03,175,175,878,0,0,0
2024-06-08,SKU-001,DC-03,59,59,819,0,0,0
2024-06-09,SKU-001,DC-03,96,96,723,0,0,1797
2024-06-10,SKU-001,DC-03,135,135,588,0,0,0
2024-06-11,SKU-001,DC-03,75,75,513,0,0,0
2024-06-12,SKU-001,DC-03,95,95,418,0,0,0
2024-06-13,SKU-001,DC-03,53,53,365,0,0,0
2024-06-14,SKU-001,DC-03,149,149,2013,0,1797,0
2024-06-15,SKU-001,DC-03,128,128,1885,0,0,0
2024-06-16,SKU-001,DC-03,59,59,1826,0,0,0
2024-06-17,SKU-001,DC-03,165,165,1661,0,0,0
2024-06-18,SKU-001,DC-03,78,78,1583,0,0,0
2024-06-19,SKU-001,DC-03,246,246,1337,0,0,0
2024-06-20,SKU-001,DC-03,89,89,1248,0,0,0
2024-06-21,SKU-001,DC-03,126,126,1122,0,0,0
2024-06-22,SKU-001,DC-03,85,85,1037,0,0,0
2024-06-23,SKU-001,DC-03,67,67,970,0,0,1550
2024-06-24,SKU-001,DC-03,192,192,778,0,0,0
2024-06-25,SKU-001,DC-03,127,127,651,0,0,0
2024-06-26,SKU-001,DC-03,148,148,503,0,0,0
2024-06-27,SKU-001,DC-03,113,113,390,0,0,0
2024-06-28,SKU-001,DC-03,53,53,1887,0,1550,0
2024-06-29,SKU-001,DC-03,42,42,1845,0,0,0
2024-06-30,SKU-001,DC-03,155,155,1690,0,0,0
2024-07-01,SKU-001,DC-03,89,89,1601,0,0,0
2024-07-02,SKU-001,DC-03,163,163,1438,0,0,0
2024-07-03,SKU-001,DC-03,218,218,1220,0,0,0
2024-07-04,SKU-001,DC-03,219,219,1001,0,0,0
2024-07-05,SKU-001,DC-03,176,176,825,0,0,0
2024-07-06,SKU-001,DC-03,175,175,650,0,0,0
2024-07-07,SKU-001,DC-03,31,31,619,0,0,1901
2024-07-08,SKU-001,DC-03,112,112,507,0,0,0
2024-07-09,SKU-001,DC-03,198,198,309,0,0,0
2024-07-10,SKU-001,DC-03,81,81,228,0,0,0
2024-07-11,SKU-001,DC-03,183,183,45,0,0,0
2024-07-12,SKU-001,DC-03,314,314,1632,0,1901,0
2024-07-13,SKU-001,DC-03,107,107,1525,0,0,0
2024-07-14,SKU-001,DC-03,117,117,1408,0,0,0
2024-07-15,SKU-001,DC-03,97,97,1311,0,0,0
2024-07-16,SKU-001,DC-03,113,113,1198,0,0,0
2024-07-17,SKU-001,DC-03,161,161,1037,0,0,0
2024-07-18,SKU-001,DC-03,177,177,860,0,0,0
2024-07-19,SKU-001,DC-03,173,173,687,0,0,0
2024-07-20,SKU-001,DC-03,54,54,633,0,0,0
2024-07-21,SKU-001,DC-03,160,160,473,0,0,2047
2024-07-22,SKU-001,DC-03,142,142,331,0,0,0
2024-07-23,SKU-001,DC-03,224,224,107,0,0,0
2024-07-24,SKU-001,DC-03,233,107,0,126,0,0
2024-07-25,SKU-001,DC-03,168,0,0,168,0,0
2024-07-26,SKU-001,DC-03,95,95,1952,0,2047,0
2024-07-27,SKU-001,DC-03,102,102,1850,0,0,0
2024-07-28,SKU-001,DC-03,75,75,1775,0,0,0
2024-07-29,SKU-001,DC-03,138,138,1637,0,0,0
2024-07-30,SKU-001,DC-03,144,144,1493,0,0,0
2024-07-31,SKU-001,DC-03,193,193,1300,0,0,0
2024-08-01,SKU-001,DC-03,179,179,1121,0,0,0
2024-08-02,SKU-001,DC-03,211,211,910,0,0,0
2024-08-03,SKU-001,DC-03,58,58,852,0,0,0
2024-08-04,SKU-001,DC-03,87,87,765,0,0,1755
2024-08-05,SKU-001,DC-03,194,194,571,0,0,0
2024-08-06,SKU-001,DC-03,245,245,326,0,0,0
2024-08-07,SKU-001,DC-03,187,187,139,0,0,0
2024-08-08,SKU-001,DC-03,150,139,0,11,0,0
2024-08-09,SKU-001,DC-03,156,156,1599,0,1755,0
2024-08-10,SKU-001,DC-03,58,58,1541,0,0,0
2024-08-11,SKU-001,DC-03,237,237,1304,0,0,0
2024-08-12,SKU-001,DC-03,108,108,1196,0,0,0
2024-08-13,SKU-001,DC-03,123,123,1073,0,0,0
2024-08-14,SKU-001,DC-03,176,176,897,0,0,0
2024-08-15,SKU-001,DC-03,140,140,757,0,0,0
2024-08-16,SKU-001,DC-03,47,47,710,0,0,0
2024-08-17,SKU-001,DC-03,83,83,627,0,0,0
2024-08-18,SKU-001,DC-03,80,80,547,0,0,1973
2024-08-19,SKU-001,DC-03,62,62,485,0,0,0
2024-08-20,SKU-001,DC-03,157,157,328,0,0,0
2024-08-21,SKU-001,DC-03,110,110,218,0,0,0
2024-08-22,SKU-001,DC-03,104,104,114,0,0,0
2024-08-23,SKU-001,DC-03,124,124,1963,0,1973,0
2024-08-24,SKU-001,DC-03,101,101,1862,0,0,0
2024-08-25,SKU-001,DC-03,120,120,1742,0,0,0
2024-08-26,SKU-001,DC-03,150,150,1592,0,0,0
2024-08-27,SKU-001,DC-03,155,155,1437,0,0,0
2024-08-28,SKU-001,DC-03,97,97,1340,0,0,0
2024-08-29,SKU-001,DC-03,210,210,1130,0,0,0
2024-08-30,SKU-001,DC-03,253,253,877,0,0,0
2024-08-31,SKU-001,DC-03,92,92,785,0,0,0
2024-09-01,SKU-001,DC-03,131,131,654,0,0,1866
2024-09-02,SKU-001,DC-03,234,234,420,0,0,0
2024-09-03,SKU-001,DC-03,76,76,344,0,0,0
2024-09-04,SKU-001,DC-03,130,130,214,0,0,0
2024-09-05,SKU-001,DC-03,265,214,0,51,0,0
2024-09-06,SKU-001,DC-03,294,294,1572,0,1866,0
2024-09-07,SKU-001,DC-03,116,116,1456,0,0,0
2024-09-08,SKU-001,DC-03,154,154,1302,0,0,0
2024-09-09,SKU-001,DC-03,225,225,1077,0,0,0
2024-09-10,SKU-001,DC-03,260,260,817,0,0,0
2024-09-11,SKU-001,DC-03,221,221,596,0,0,0
2024-09-12,SKU-001,DC-03,165,165,431,0,0,0
2024-09-13,SKU-001,DC-03,174,174,257,0,0,0
2024-09-14,SKU-001,DC-03,46,46,211,0,0,0
2024-09-15,SKU-001,DC-03,108,108,103,0,0,2417
2024-09-16,SKU-001,DC-03,108,103,0,5,0,0
2024-09-17,SKU-001,DC-03,293,0,0,293,0,0
2024-09-18,SKU-001,DC-03,99,0,0,99,0,0
2024-09-19,SKU-001,DC-03,187,0,0,187,0,0
2024-09-20,SKU-001,DC-03,132,132,2285,0,2417,0
2024-09-21,SKU-001,DC-03,90,90,2195,0,0,0
2024-09-22,SKU-001,DC-03,167,167,2028,0,0,0
2024-09-23,SKU-001,DC-03,143,143,1885,0,0,0
2024-09-24,SKU-001,DC-03,172,172,1713,0,0,0
2024-09-25,SKU-001,DC-03,218,218,1495,0,0,0
2024-09-26,SKU-001,DC-03,198,198,1297,0,0,0
2024-09-27,SKU-001,DC-03,193,193,1104,0,0,0
2024-09-28,SKU-001,DC-03,107,107,997,0,0,0
2024-09-29,SKU-001,DC-03,101,101,896,0,0,1624
2024-09-30,SKU-001,DC-03,187,187,709,0,0,0
2024-10-01,SKU-001,DC-03,91,91,618,0,0,0
2024-10-02,SKU-001,DC-03,262,262,356,0,0,0
2024-10-03,SKU-001,DC-03,124,124,232,0,0,0
2024-10-04,SKU-001,DC-03,125,125,1731,0,1624,0
2024-10-05,SKU-001,DC-03,104,104,1627,0,0,0
2024-10-06,SKU-001,DC-03,72,72,1555,0,0,0
2024-10-07,SKU-001,DC-03,235,235,1320,0,0,0
2024-10-08,SKU-001,DC-03,203,203,1117,0,0,0
2024-10-09,SKU-001,DC-03,191,191,926,0,0,0
2024-10-10,SKU-001,DC-03,370,370,556,0,0,0
2024-10-11,SKU-001,DC-03,218,218,338,0,0,0
2024-10-12,SKU-001,DC-03,125,125,213,0,0,0
2024-10-13,SKU-001,DC-03,142,142,71,0,0,2449
2024-10-14,SKU-001,DC-03,319,71,0,248,0,0
2024-10-15,SKU-001,DC-03,158,0,0,158,0,0
2024-10-16,SKU-001,DC-03,357,0,0,357,0,0
2024-10-17,SKU-001,DC-03,299,0,0,299,0,0
2024-10-18,SKU-001,DC-03,141,141,2308,0,2449,0
2024-10-19,SKU-001,DC-03,297,297,2011,0,0,0
2024-10-20,SKU-001,DC-03,107,107,1904,0,0,0
2024-10-21,SKU-001,DC-03,451,451,1453,0,0,0
2024-10-22,SKU-001,DC-03,287,287,1166,0,0,0
2024-10-23,SKU-001,DC-03,298,298,868,0,0,0
2024-10-24,SKU-001,DC-03,182,182,686,0,0,0
2024-10-25,SKU-001,DC-03,429,429,257,0,0,0
2024-10-26,SKU-001,DC-03,64,64,193,0,0,0
2024-10-27,SKU-001,DC-03,149,149,44,0,0,2476
2024-10-28,SKU-001,DC-03,225,44,0,181,0,0
2024-10-29,SKU-001,DC-03,414,0,0,414,0,0
2024-10-30,SKU-001,DC-03,120,0,0,120,0,0
2024-10-31,SKU-001,DC-03,319,0,0,319,0,0
2024-11-01,SKU-001,DC-03,187,187,2289,0,2476,0
2024-11-02,SKU-001,DC-03,200,200,2089,0,0,0
2024-11-03,SKU-001,DC-03,299,299,1790,0,0,0
2024-11-04,SKU-001,DC-03,371,371,1419,0,0,0
2024-11-05,SKU-001,DC-03,257,257,1162,0,0,0
2024-11-06,SKU-001,DC-03,235,235,927,0,0,0
2024-11-07,SKU-001,DC-03,298,298,629,0,0,0
2024-11-08,SKU-001,DC-03,372,372,257,0,0,0
2024-11-09,SKU-001,DC-03,134,134,123,0,0,0
2024-11-10,SKU-001,DC-03,109,109,14,0,0,2506
2024-11-11,SKU-001,DC-03,375,14,0,361,0,0
2024-11-12,SKU-001,DC-03,300,0,0,300,0,0
2024-11-13,SKU-001,DC-03,323,0,0,323,0,0
2024-11-14,SKU-001,DC-03,184,0,0,184,0,0
2024-11-15,SKU-001,DC-03,504,504,2002,0,2506,0
2024-11-16,SKU-001,DC-03,69,69,1933,0,0,0
2024-11-17,SKU-001,DC-03,153,153,1780,0,0,0
2024-11-18,SKU-001,DC-03,241,241,1539,0,0,0
2024-11-19,SKU-001,DC-03,347,347,1192,0,0,0
2024-11-20,SKU-001,DC-03,299,299,893,0,0,0
2024-11-21,SKU-001,DC-03,280,280,613,0,0,0
2024-11-22,SKU-001,DC-03,145,145,468,0,0,0
2024-11-23,SKU-001,DC-03,223,223,245,0,0,0
2024-11-24,SKU-001,DC-03,66,66,179,0,0,2341
2024-11-25,SKU-001,DC-03,204,179,0,25,0,0
2024-11-26,SKU-001,DC-03,257,0,0,257,0,0
2024-11-27,SKU-001,DC-03,145,0,0,145,0,0
2024-11-28,SKU-001,DC-03,137,0,0,137,0,0
2024-11-29,SKU-001,DC-03,422,422,1919,0,2341,0
2024-11-30,SKU-001,DC-03,84,84,1835,0,0,0
2024-12-01,SKU-001,DC-03,159,159,1676,0,0,0
2024-12-02,SKU-001,DC-03,387,387,1289,0,0,0
2024-12-03,SKU-001,DC-03,220,220,1069,0,0,0
2024-12-04,SKU-001,DC-03,156,156,913,0,0,0
2024-12-05,SKU-001,DC-03,62,62,851,0,0,0
2024-12-06,SKU-001,DC-03,97,97,754,0,0,0
2024-12-07,SKU-001,DC-03,129,129,625,0,0,0
2024-12-08,SKU-001,DC-03,185,185,440,0,0,2080
2024-12-09,SKU-001,DC-03,82,82,358,0,0,0
2024-12-10,SKU-001,DC-03,410,358,0,52,0,0
2024-12-11,SKU-001,DC-03,420,0,0,420,0,0
2024-12-12,SKU-001,DC-03,368,0,0,368,0,0
2024-12-13,SKU-001,DC-03,357,357,1723,0,2080,0
2024-12-14,SKU-001,DC-03,133,133,1590,0,0,0
2024-12-15,SKU-001,DC-03,131,131,1459,0,0,0
2024-12-16,SKU-001,DC-03,165,165,1294,0,0,0
2024-12-17,SKU-001,DC-03,388,388,906,0,0,0
2024-12-18,SKU-001,DC-03,146,146,760,0,0,0
2024-12-19,SKU-001,DC-03,155,155,605,0,0,0
2024-12-20,SKU-001,DC-03,296,296,309,0,0,0
2024-12-21,SKU-001,DC-03,160,160,149,0,0,0
2024-12-22,SKU-001,DC-03,84,84,65,0,0,2455
2024-12-23,SKU-001,DC-03,424,65,0,359,0,0
2024-12-24,SKU-001,DC-03,378,0,0,378,0,0
2024-12-25,SKU-001,DC-03,320,0,0,320,0,0
2024-12-26,SKU-001,DC-03,383,0,0,383,0,0
2024-12-27,SKU-001,DC-03,151,151,2304,0,2455,0
2024-12-28,SKU-001,DC-03,117,117,2187,0,0,0
2024-12-29,SKU-001,DC-03,226,226,1961,0,0,0
2024-12-30,SKU-001,DC-03,267,267,1694,0,0,0
2024-12-31,SKU-001,DC-03,114,114,1580,0,0,0
2023-01-01,SKU-001,DC-04,85,85,1522,0,0,0
2023-01-02,SKU-001,DC-04,60,60,1462,0,0,0
2023-01-03,SKU-001,DC-04,386,386,1076,0,0,0
2023-01-04,SKU-001,DC-04,197,197,879,0,0,0
2023-01-05,SKU-001,DC-04,180,180,699,0,0,0
2023-01-06,SKU-001,DC-04,159,159,540,0,0,0
2023-01-07,SKU-001,DC-04,149,149,391,0,0,0
2023-01-08,SKU-001,DC-04,45,45,346,0,0,1439
2023-01-09,SKU-001,DC-04,153,153,193,0,0,0
2023-01-10,SKU-001,DC-04,221,193,0,28,0,0
2023-01-11,SKU-001,DC-04,80,0,0,80,0,0
2023-01-12,SKU-001,DC-04,86,86,1353,0,1439,0
2023-01-13,SKU-001,DC-04,56,56,1297,0,0,0
2023-01-14,SKU-001,DC-04,104,104,1193,0,0,0
2023-01-15,SKU-001,DC-04,93,93,1100,0,0,0
2023-01-16,SKU-001,DC-04,236,236,864,0,0,0
2023-01-17,SKU-001,DC-04,127,127,737,0,0,0
2023-01-18,SKU-001,DC-04,145,145,592,0,0,0
2023-01-19,SKU-001,DC-04,88,88,504,0,0,0
2023-01-20,SKU-001,DC-04,272,272,232,0,0,0
2023-01-21,SKU-001,DC-04,82,82,150,0,0,0
2023-01-22,SKU-001,DC-04,121,121,29,0,0,1756
2023-01-23,SKU-001,DC-04,429,29,0,400,0,0
2023-01-24,SKU-001,DC-04,132,0,0,132,0,0
2023-01-25,SKU-001,DC-04,424,0,0,424,0,0
2023-01-26,SKU-001,DC-04,159,159,1597,0,1756,0
2023-01-27,SKU-001,DC-04,308,308,1289,0,0,0
2023-01-28,SKU-001,DC-04,82,82,1207,0,0,0
2023-01-29,SKU-001,DC-04,175,175,1032,0,0,0
2023-01-30,SKU-001,DC-04,148,148,884,0,0,0
2023-01-31,SKU-001,DC-04,228,228,656,0,0,0
2023-02-01,SKU-001,DC-04,375,375,281,0,0,0
2023-02-02,SKU-001,DC-04,341,281,0,60,0,0
2023-02-03,SKU-001,DC-04,269,0,0,269,0,0
2023-02-04,SKU-001,DC-04,85,0,0,85,0,0
2023-02-05,SKU-001,DC-04,75,0,0,75,0,1785
2023-02-06,SKU-001,DC-04,170,0,0,170,0,0
2023-02-07,SKU-001,DC-04,145,0,0,145,0,0
2023-02-08,SKU-001,DC-04,101,0,0,101,0,0
2023-02-09,SKU-001,DC-04,50,50,1735,0,1785,0
2023-02-10,SKU-001,DC-04,238,238,1497,0,0,0
2023-02-11,SKU-001,DC-04,45,45,1452,0,0,0
2023-02-12,SKU-001,DC-04,66,66,1386,0,0,0
2023-02-13,SKU-001,DC-04,118,118,1268,0,0,0
2023-02-14,SKU-001,DC-04,147,147,1121,0,0,0
2023-02-15,SKU-001,DC-04,103,103,1018,0,0,0
2023-02-16,SKU-001,DC-04,90,90,928,0,0,0
2023-02-17,SKU-001,DC-04,192,192,736,0,0,0
2023-02-18,SKU-001,DC-04,104,104,632,0,0,0
2023-02-19,SKU-001,DC-04,63,63,569,0,0,1216
2023-02-20,SKU-001,DC-04,266,266,303,0,0,0
2023-02-21,SKU-001,DC-04,188,188,115,0,0,0
2023-02-22,SKU-001,DC-04,199,115,0,84,0,0
2023-02-23,SKU-001,DC-04,68,68,1148,0,1216,0
2023-02-24,SKU-001,DC-04,97,97,1051,0,0,0
2023-02-25,SKU-001,DC-04,105,105,946,0,0,0
2023-02-26,SKU-001,DC-04,91,91,855,0,0,0
2023-02-27,SKU-001,DC-04,142,142,713,0,0,0
2023-02-28,SKU-001,DC-04,181,181,532,0,0,0
2023-03-01,SKU-001,DC-04,166,166,366,0,0,0
2023-03-02,SKU-001,DC-04,126,126,240,0,0,0
2023-03-03,SKU-001,DC-04,189,189,51,0,0,0
2023-03-04,SKU-001,DC-04,124,51,0,73,0,0
2023-03-05,SKU-001,DC-04,83,0,0,83,0,1785
2023-03-06,SKU-001,DC-04,140,0,0,140,0,0
2023-03-07,SKU-001,DC-04,151,0,0,151,0,0
2023-03-08,SKU-001,DC-04,94,0,0,94,0,0
2023-03-09,SKU-001,DC-04,145,145,1640,0,1785,0
2023-03-10,SKU-001,DC-04,152,152,1488,0,0,0
2023-03-11,SKU-001,DC-04,49,49,1439,0,0,0
2023-03-12,SKU-001,DC-04,122,122,1317,0,0,0
2023-03-13,SKU-001,DC-04,159,159,1158,0,0,0
2023-03-14,SKU-001,DC-04,132,132,1026,0,0,0
2023-03-15,SKU-001,DC-04,127,127,899,0,0,0
2023-03-16,SKU-001,DC-04,80,80,819,0,0,0
2023-03-17,SKU-001,DC-04,172,172,647,0,0,0
2023-03-18,SKU-001,DC-04,29,29,618,0,0,0
2023-03-19,SKU-001,DC-04,125,125,493,0,0,1292
2023-03-20,SKU-001,DC-04,161,161,332,0,0,0
2023-03-21,SKU-001,DC-04,314,314,18,0,0,0
2023-03-22,SKU-001,DC-04,80,18,0,62,0,0
2023-03-23,SKU-001,DC-04,160,160,1132,0,1292,0
2023-03-24,SKU-001,DC-04,175,175,957,0,0,0
2023-03-25,SKU-001,DC-04,36,36,921,0,0,0
2023-03-26,SKU-001,DC-04,58,58,863,0,0,0
2023-03-27,SKU-001,DC-04,203,203,660,0,0,0
2023-03-28,SKU-001,DC-04,245,245,415,0,0,0
2023-03-29,SKU-001,DC-04,97,97,318,0,0,0
2023-03-30,SKU-001,DC-04,187,187,131,0,0,0
2023-03-31,SKU-001,DC-04,150,131,0,19,0,0
2023-04-01,SKU-001,DC-04,68,0,0,68,0,0
2023-04-02,SKU-001,DC-04,77,0,0,77,0,1785
2023-04-03,SKU-001,DC-04,117,0,0,117,0,0
2023-04-04,SKU-001,DC-04,119,0,0,119,0,0
2023-04-05,SKU-001,DC-04,201,0,0,201,0,0
2023-04-06,SKU-001,DC-04,153,153,1632,0,1785,0
2023-04-07,SKU-001,DC-04,111,111,1521,0,0,0
2023-04-08,SKU-001,DC-04,32,32,1489,0,0,0
2023-04-09,SKU-001,DC-04,74,74,1415,0,0,0
2023-04-10,SKU-001,DC-04,123,123,1292,0,0,0
2023-04-11,SKU-001,DC-04,96,96,1196,0,0,0
2023-04-12,SKU-001,DC-04,166,166,1030,0,0,0
2023-04-13,SKU-001,DC-04,378,378,652,0,0,0
2023-04-14,SKU-001,DC-04,391,391,261,0,0,0
2023-04-15,SKU-001,DC-04,106,106,155,0,0,0
2023-04-16,SKU-001,DC-04,154,154,1,0,0,1784
2023-04-17,SKU-001,DC-04,102,1,0,101,0,0
2023-04-18,SKU-001,DC-04,222,0,0,222,0,0
2023-04-19,SKU-001,DC-04,158,0,0,158,0,0
2023-04-20,SKU-001,DC-04,100,100,1684,0,1784,0
2023-04-21,SKU-001,DC-04,144,144,1540,0,0,0
2023-04-22,SKU-001,DC-04,74,74,1466,0,0,0
2023-04-23,SKU-001,DC-04,28,28,1438,0,0,0
2023-04-24,SKU-001,DC-04,132,132,1306,0,0,0
2023-04-25,SKU-001,DC-04,102,102,1204,0,0,0
2023-04-26,SKU-001,DC-04,50,50,1154,0,0,0
2023-04-27,SKU-001,DC-04,172,172,982,0,0,0
2023-04-28,SKU-001,DC-04,139,139,843,0,0,0
2023-04-29,SKU-001,DC-04,58,58,785,0,0,0
2023-04-30,SKU-001,DC-04,52,52,733,0,0,1052
2023-05-01,SKU-001,DC-04,81,81,652,0,0,0
2023-05-02,SKU-001,DC-04,115,115,537,0,0,0
2023-05-03,SKU-001,DC-04,54,54,483,0,0,0
2023-05-04,SKU-001,DC-04,107,107,1428,0,1052,0
2023-05-05,SKU-001,DC-04,108,108,1320,0,0,0
2023-05-06,SKU-001,DC-04,145,145,1175,0,0,0
2023-05-07,SKU-001,DC-04,70,70,1105,0,0,0
2023-05-08,SKU-001,DC-04,244,244,861,0,0,0
2023-05-09,SKU-001,DC-04,176,176,685,0,0,0
2023-05-10,SKU-001,DC-04,103,103,582,0,0,0
2023-05-11,SKU-001,DC-04,259,259,323,0,0,0
2023-05-12,SKU-001,DC-04,153,153,170,0,0,0
2023-05-13,SKU-001,DC-04,61,61,109,0,0,0
2023-05-14,SKU-001,DC-04,145,109,0,36,0,1785
2023-05-15,SKU-001,DC-04,76,0,0,76,0,0
2023-05-16,SKU-001,DC-04,289,0,0,289,0,0
2023-05-17,SKU-001,DC-04,113,0,0,113,0,0
2023-05-18,SKU-001,DC-04,155,155,1630,0,1785,0
2023-05-19,SKU-001,DC-04,215,215,1415,0,0,0
2023-05-20,SKU-001,DC-04,117,117,1298,0,0,0
2023-05-21,SKU-001,DC-04,70,70,1228,0,0,0
2023-05-22,SKU-001,DC-04,77,77,1151,0,0,0
2023-05-23,SKU-001,DC-04,156,156,995,0,0,0
2023-05-24,SKU-001,DC-04,72,72,923,0,0,0
2023-05-25,SKU-001,DC-04,100,100,823,0,0,0
2023-05-26,SKU-001,DC-04,58,58,765,0,0,0
2023-05-27,SKU-001,DC-04,91,91,674,0,0,0
2023-05-28,SKU-001,DC-04,102,102,572,0,0,1213
2023-05-29,SKU-001,DC-04,139,139,433,0,0,0
2023-05-30,SKU-001,DC-04,118,118,315,0,0,0
2023-05-31,SKU-001,DC-04,59,59,256,0,0,0
2023-06-01,SKU-001,DC-04,111,111,1358,0,1213,0
2023-06-02,SKU-001,DC-04,108,108,1250,0,0,0
2023-06-03,SKU-001,DC-04,191,191,1059,0,0,0
2023-06-04,SKU-001,DC-04,94,94,965,0,0,0
2023-06-05,SKU-001,DC-04,274,274,691,0,0,0
2023-06-06,SKU-001,DC-04,214,214,477,0,0,0
2023-06-07,SKU-001,DC-04,228,228,249,0,0,0
2023-06-08,SKU-001,DC-04,330,249,0,81,0,0
2023-06-09,SKU-001,DC-04,217,0,0,217,0,0
2023-06-10,SKU-001,DC-04,74,0,0,74,0,0
2023-06-11,SKU-001,DC-04,181,0,0,181,0,1785
2023-06-12,SKU-001,DC-04,231,0,0,231,0,0
2023-06-13,SKU-001,DC-04,266,0,0,266,0,0
2023-06-14,SKU-001,DC-04,81,0,0,81,0,0
2023-06-15,SKU-001,DC-04,169,169,1616,0,1785,0
2023-06-16,SKU-001,DC-04,104,104,1512,0,0,0
2023-06-17,SKU-001,DC-04,83,83,1429,0,0,0
2023-06-18,SKU-001,DC-04,77,77,1352,0,0,0
2023-06-19,SKU-001,DC-04,77,77,1275,0,0,0
2023-06-20,SKU-001,DC-04,81,81,1194,0,0,0
2023-06-21,SKU-001,DC-04,80,80,1114,0,0,0
2023-06-22,SKU-001,DC-04,123,123,991,0,0,0
2023-06-23,SKU-001,DC-04,117,117,874,0,0,0
2023-06-24,SKU-001,DC-04,58,58,816,0,0,0
2023-06-25,SKU-001,DC-04,22,22,794,0,0,991
2023-06-26,SKU-001,DC-04,89,89,705,0,0,0
2023-06-27,SKU-001,DC-04,96,96,609,0,0,0
2023-06-28,SKU-001,DC-04,40,40,569,0,0,0
2023-06-29,SKU-001,DC-04,117,117,1443,0,991,0
2023-06-30,SKU-001,DC-04,164,164,1279,0,0,0
2023-07-01,SKU-001,DC-04,52,52,1227,0,0,0
2023-07-02,SKU-001,DC-04,79,79,1148,0,0,0
2023-07-03,SKU-001,DC-04,67,67,1081,0,0,0
2023-07-04,SKU-001,DC-04,71,71,1010,0,0,0
2023-07-05,SKU-001,DC-04,174,174,836,0,0,0
2023-07-06,SKU-001,DC-04,45,45,791,0,0,0
2023-07-07,SKU-001,DC-04,132,132,659,0,0,0
2023-07-08,SKU-001,DC-04,71,71,588,0,0,0
2023-07-09,SKU-001,DC-04,64,64,524,0,0,1261
2023-07-10,SKU-001,DC-04,130,130,394,0,0,0
2023-07-11,SKU-001,DC-04,121,121,273,0,0,0
2023-07-12,SKU-001,DC-04,117,117,156,0,0,0
2023-07-13,SKU-001,DC-04,96,96,1321,0,1261,0
2023-07-14,SKU-001,DC-04,187,187,1134,0,0,0
2023-07-15,SKU-001,DC-04,63,63,1071,0,0,0
2023-07-16,SKU-001,DC-04,102,102,969,0,0,0
2023-07-17,SKU-001,DC-04,107,107,862,0,0,0
2023-07-18,SKU-001,DC-04,152,152,710,0,0,0
2023-07-19,SKU-001,DC-04,100,100,610,0,0,0
2023-07-20,SKU-001,DC-04,70,70,540,0,0,0
2023-07-21,SKU-001,DC-04,120,120,420,0,0,0
2023-07-22,SKU-001,DC-04,98,98,322,0,0,0
2023-07-23,SKU-001,DC-04,36,36,286,0,0,1499
2023-07-24,SKU-001,DC-04,133,133,153,0,0,0
2023-07-25,SKU-001,DC-04,120,120,33,0,0,0
2023-07-26,SKU-001,DC-04,126,33,0,93,0,0
2023-07-27,SKU-001,DC-04,54,54,1445,0,1499,0
2023-07-28,SKU-001,DC-04,153,153,1292,0,0,0
2023-07-29,SKU-001,DC-04,60,60,1232,0,0,0
2023-07-30,SKU-001,DC-04,43,43,1189,0,0,0
2023-07-31,SKU-001,DC-04,97,97,1092,0,0,0
2023-08-01,SKU-001,DC-04,244,244,848,0,0,0
2023-08-02,SKU-001,DC-04,87,87,761,0,0,0
2023-08-03,SKU-001,DC-04,139,139,622,0,0,0
2023-08-04,SKU-001,DC-04,145,145,477,0,0,0
2023-08-05,SKU-001,DC-04,33,33,444,0,0,0
2023-08-06,SKU-001,DC-04,38,38,406,0,0,1379
2023-08-07,SKU-001,DC-04,66,66,340,0,0,0
2023-08-08,SKU-001,DC-04,73,73,267,0,0,0
2023-08-09,SKU-001,DC-04,143,143,124,0,0,0
2023-08-10,SKU-001,DC-04,137,137,1366,0,1379,0
2023-08-11,SKU-001,DC-04,121,121,1245,0,0,0
2023-08-12,SKU-001,DC-04,133,133,1112,0,0,0
2023-08-13,SKU-001,DC-04,33,33,1079,0,0,0
2023-08-14,SKU-001,DC-04,69,69,1010,0,0,0
2023-08-15,SKU-001,DC-04,100,100,910,0,0,0
2023-08-16,SKU-001,DC-04,127,127,783,0,0,0
2023-08-17,SKU-001,DC-04,239,239,544,0,0,0
2023-08-18,SKU-001,DC-04,25,25,519,0,0,0
2023-08-19,SKU-001,DC-04,72,72,447,0,0,0
2023-08-20,SKU-001,DC-04,47,47,400,0,0,1385
2023-08-21,SKU-001,DC-04,86,86,314,0,0,0
2023-08-22,SKU-001,DC-04,118,118,196,0,0,0
2023-08-23,SKU-001,DC-04,94,94,102,0,0,0
2023-08-24,SKU-001,DC-04,130,130,1357,0,1385,0
2023-08-25,SKU-001,DC-04,141,141,1216,0,0,0
2023-08-26,SKU-001,DC-04,94,94,1122,0,0,0
2023-08-27,SKU-001,DC-04,84,84,1038,0,0,0
2023-08-28,SKU-001,DC-04,53,53,985,0,0,0
2023-08-29,SKU-001,DC-04,94,94,891,0,0,0
2023-08-30,SKU-001,DC-04,221,221,670,0,0,0
2023-08-31,SKU-001,DC-04,110,110,560,0,0,0
2023-09-01,SKU-001,DC-04,169,169,391,0,0,0
2023-09-02,SKU-001,DC-04,80,80,311,0,0,0
2023-09-03,SKU-001,DC-04,56,56,255,0,0,1530
2023-09-04,SKU-001,DC-04,108,108,147,0,0,0
2023-09-05,SKU-001,DC-04,150,147,0,3,0,0
2023-09-06,SKU-001,DC-04,124,0,0,124,0,0
2023-09-07,SKU-001,DC-04,85,85,1445,0,1530,0
2023-09-08,SKU-001,DC-04,75,75,1370,0,0,0
2023-09-09,SKU-001,DC-04,71,71,1299,0,0,0
2023-09-10,SKU-001,DC-04,53,53,1246,0,0,0
2023-09-11,SKU-001,DC-04,164,164,1082,0,0,0
2023-09-12,SKU-001,DC-04,91,91,991,0,0,0
2023-09-13,SKU-001,DC-04,96,96,895,0,0,0
2023-09-14,SKU-001,DC-04,181,181,714,0,0,0
2023-09-15,SKU-001,DC-04,108,108,606,0,0,0
2023-09-16,SKU-001,DC-04,43,43,563,0,0,0
2023-09-17,SKU-001,DC-04,126,126,437,0,0,1348
2023-09-18,SKU-001,DC-04,269,269,168,0,0,0
2023-09-19,SKU-001,DC-04,70,70,98,0,0,0
2023-09-20,SKU-001,DC-04,209,98,0,111,0,0
2023-09-21,SKU-001,DC-04,107,107,1241,0,1348,0
2023-09-22,SKU-001,DC-04,181,181,1060,0,0,0
2023-09-23,SKU-001,DC-04,194,194,866,0,0,0
2023-09-24,SKU-001,DC-04,53,53,813,0,0,0
2023-09-25,SKU-001,DC-04,55,55,758,0,0,0
2023-09-26,SKU-001,DC-04,74,74,684,0,0,0
2023-09-27,SKU-001,DC-04,80,80,604,0,0,0
2023-09-28,SKU-001,DC-04,128,128,476,0,0,0
2023-09-29,SKU-001,DC-04,173,173,303,0,0,0
2023-09-30,SKU-001,DC-04,51,51,252,0,0,0
2023-10-01,SKU-001,DC-04,135,135,117,0,0,1668
2023-10-02,SKU-001,DC-04,147,117,0,30,0,0
2023-10-03,SKU-001,DC-04,164,0,0,164,0,0
2023-10-04,SKU-001,DC-04,189,0,0,189,0,0
2023-10-05,SKU-001,DC-04,86,86,1582,0,1668,0
2023-10-06,SKU-001,DC-04,201,201,1381,0,0,0
2023-10-07,SKU-001,DC-04,63,63,1318,0,0,0
2023-10-08,SKU-001,DC-04,94,94,1224,0,0,0
2023-10-09,SKU-001,DC-04,137,137,1087,0,0,0
2023-10-10,SKU-001,DC-04,140,140,947,0,0,0
2023-10-11,SKU-001,DC-04,131,131,816,0,0,0
2023-10-12,SKU-001,DC-04,246,246,570,0,0,0
2023-10-13,SKU-001,DC-04,311,311,259,0,0,0
2023-10-14,SKU-001,DC-04,133,133,126,0,0,0
2023-10-15,SKU-001,DC-04,63,63,63,0,0,1722
2023-10-16,SKU-001,DC-04,149,63,0,86,0,0
2023-10-17,SKU-001,DC-04,142,0,0,142,0,0
2023-10-18,SKU-001,DC-04,137,0,0,137,0,0
2023-10-19,SKU-001,DC-04,97,97,1625,0,1722,0
2023-10-20,SKU-001,DC-04,176,176,1449,0,0,0
2023-10-21,SKU-001,DC-04,39,39,1410,0,0,0
2023-10-22,SKU-001,DC-04,63,63,1347,0,0,0
2023-10-23,SKU-001,DC-04,65,65,1282,0,0,0
2023-10-24,SKU-001,DC-04,300,300,982,0,0,0
2023-10-25,SKU-001,DC-04,156,156,826,0,0,0
2023-10-26,SKU-001,DC-04,98,98,728,0,0,0
2023-10-27,SKU-001,DC-04,102,102,626,0,0,0
2023-10-28,SKU-001,DC-04,107,107,519,0,0,0
2023-10-29,SKU-001,DC-04,63,63,456,0,0,1329
2023-10-30,SKU-001,DC-04,134,134,322,0,0,0
2023-10-31,SKU-001,DC-04,242,242,80,0,0,0
2023-11-01,SKU-001,DC-04,143,80,0,63,0,0
2023-11-02,SKU-001,DC-04,269,269,1060,0,1329,0
2023-11-03,SKU-001,DC-04,117,117,943,0,0,0
2023-11-04,SKU-001,DC-04,52,52,891,0,0,0
2023-11-05,SKU-001,DC-04,122,122,769,0,0,1016
2023-11-06,SKU-001,DC-04,226,226,543,0,0,0
2023-11-07,SKU-001,DC-04,113,113,430,0,0,0
2023-11-08,SKU-001,DC-04,251,251,179,0,0,0
2023-11-09,SKU-001,DC-04,120,120,1075,0,1016,0
2023-11-10,SKU-001,DC-04,92,92,983,0,0,0
2023-11-11,SKU-001,DC-04,85,85,898,0,0,0
2023-11-12,SKU-001,DC-04,129,129,769,0,0,1016
2023-11-13,SKU-001,DC-04,287,287,482,0,0,0
2023-11-14,SKU-001,DC-04,278,278,204,0,0,0
2023-11-15,SKU-001,DC-04,113,113,91,0,0,0
2023-11-16,SKU-001,DC-04,244,244,863,0,1016,0
2023-11-17,SKU-001,DC-04,323,323,540,0,0,0
2023-11-18,SKU-001,DC-04,118,118,422,0,0,0
2023-11-19,SKU-001,DC-04,72,72,350,0,0,1435
2023-11-20,SKU-001,DC-04,169,169,181,0,0,0
2023-11-21,SKU-001,DC-04,126,126,55,0,0,0
2023-11-22,SKU-001,DC-04,109,55,0,54,0,0
2023-11-23,SKU-001,DC-04,152,152,1283,0,1435,0
2023-11-24,SKU-001,DC-04,302,302,981,0,0,0
2023-11-25,SKU-001,DC-04,145,145,836,0,0,0
2023-11-26,SKU-001,DC-04,228,228,608,0,0,1177
2023-11-27,SKU-001,DC-04,233,233,375,0,0,0
2023-11-28,SKU-001,DC-04,155,155,220,0,0,0
2023-11-29,SKU-001,DC-04,103,103,117,0,0,0
2023-11-30,SKU-001,DC-04,208,208,1086,0,1177,0
2023-12-01,SKU-001,DC-04,208,208,878,0,0,0
2023-12-02,SKU-001,DC-04,45,45,833,0,0,0
2023-12-03,SKU-001,DC-04,98,98,735,0,0,1050
2023-12-04,SKU-001,DC-04,341,341,394,0,0,0
2023-12-05,SKU-001,DC-04,104,104,290,0,0,0
2023-12-06,SKU-001,DC-04,270,270,20,0,0,0
2023-12-07,SKU-001,DC-04,463,463,607,0,1050,0
2023-12-08,SKU-001,DC-04,125,125,482,0,0,0
2023-12-09,SKU-001,DC-04,139,139,343,0,0,0
2023-12-10,SKU-001,DC-04,119,119,224,0,0,1561
2023-12-11,SKU-001,DC-04,76,76,148,0,0,0
2023-12-12,SKU-001,DC-04,70,70,78,0,0,0
2023-12-13,SKU-001,DC-04,144,78,0,66,0,0
2023-12-14,SKU-001,DC-04,128,128,1433,0,1561,0
2023-12-15,SKU-001,DC-04,103,103,1330,0,0,0
2023-12-16,SKU-001,DC-04,109,109,1221,0,0,0
2023-12-17,SKU-001,DC-04,91,91,1130,0,0,0
2023-12-18,SKU-001,DC-04,154,154,976,0,0,0
2023-12-19,SKU-001,DC-04,165,165,811,0,0,0
2023-12-20,SKU-001,DC-04,177,177,634,0,0,0
2023-12-21,SKU-001,DC-04,284,284,350,0,0,0
2023-12-22,SKU-001,DC-04,349,349,1,0,0,0
2023-12-23,SKU-001,DC-04,188,1,0,187,0,0
2023-12-24,SKU-001,DC-04,181,0,0,181,0,1785
2023-12-25,SKU-001,DC-04,182,0,0,182,0,0
2023-12-26,SKU-001,DC-04,100,0,0,100,0,0
2023-12-27,SKU-001,DC-04,356,0,0,356,0,0
2023-12-28,SKU-001,DC-04,212,212,1573,0,1785,0
2023-12-29,SKU-001,DC-04,162,162,1411,0,0,0
2023-12-30,SKU-001,DC-04,115,115,1296,0,0,0
2023-12-31,SKU-001,DC-04,87,87,1209,0,0,0
2024-01-01,SKU-001,DC-04,342,342,867,0,0,0
2024-01-02,SKU-001,DC-04,222,222,645,0,0,0
2024-01-03,SKU-001,DC-04,354,354,291,0,0,0
2024-01-04,SKU-001,DC-04,201,201,90,0,0,0
2024-01-05,SKU-001,DC-04,219,90,0,129,0,0
2024-01-06,SKU-001,DC-04,116,0,0,116,0,0
2024-01-07,SKU-001,DC-04,182,0,0,182,0,1785
2024-01-08,SKU-001,DC-04,165,0,0,165,0,0
2024-01-09,SKU-001,DC-04,192,0,0,192,0,0
2024-01-10,SKU-001,DC-04,95,0,0,95,0,0
2024-01-11,SKU-001,DC-04,190,190,1595,0,1785,0
2024-01-12,SKU-001,DC-04,112,112,1483,0,0,0
2024-01-13,SKU-001,DC-04,75,75,1408,0,0,0
2024-01-14,SKU-001,DC-04,73,73,1335,0,0,0
2024-01-15,SKU-001,DC-04,146,146,1189,0,0,0
2024-01-16,SKU-001,DC-04,304,304,885,0,0,0
2024-01-17,SKU-001,DC-04,228,228,657,0,0,0
2024-01-18,SKU-001,DC-04,203,203,454,0,0,0
2024-01-19,SKU-001,DC-04,86,86,368,0,0,0
2024-01-20,SKU-001,DC-04,47,47,321,0,0,0
2024-01-21,SKU-001,DC-04,94,94,227,0,0,1558
2024-01-22,SKU-001,DC-04,185,185,42,0,0,0
2024-01-23,SKU-001,DC-04,213,42,0,171,0,0
2024-01-24,SKU-001,DC-04,111,0,0,111,0,0
2024-01-25,SKU-001,DC-04,94,94,1464,0,1558,0
2024-01-26,SKU-001,DC-04,303,303,1161,0,0,0
2024-01-27,SKU-001,DC-04,112,112,1049,0,0,0
2024-01-28,SKU-001,DC-04,98,98,951,0,0,0
2024-01-29,SKU-001,DC-04,147,147,804,0,0,0
2024-01-30,SKU-001,DC-04,165,165,639,0,0,0
2024-01-31,SKU-001,DC-04,167,167,472,0,0,0
2024-02-01,SKU-001,DC-04,230,230,242,0,0,0
2024-02-02,SKU-001,DC-04,121,121,121,0,0,0
2024-02-03,SKU-001,DC-04,97,97,24,0,0,0
2024-02-04,SKU-001,DC-04,53,24,0,29,0,1785
2024-02-05,SKU-001,DC-04,73,0,0,73,0,0
2024-02-06,SKU-001,DC-04,247,0,0,247,0,0
2024-02-07,SKU-001,DC-04,46,0,0,46,0,0
2024-02-08,SKU-001,DC-04,145,145,1640,0,1785,0
2024-02-09,SKU-001,DC-04,215,215,1425,0,0,0
2024-02-10,SKU-001,DC-04,123,123,1302,0,0,0
2024-02-11,SKU-001,DC-04,60,60,1242,0,0,0
2024-02-12,SKU-001,DC-04,273,273,969,0,0,0
2024-02-13,SKU-001,DC-04,224,224,745,0,0,0
2024-02-14,SKU-001,DC-04,97,97,648,0,0,0
2024-02-15,SKU-001,DC-04,138,138,510,0,0,0
2024-02-16,SKU-001,DC-04,287,287,223,0,0,0
2024-02-17,SKU-001,DC-04,34,34,189,0,0,0
2024-02-18,SKU-001,DC-04,79,79,110,0,0,1675
2024-02-19,SKU-001,DC-04,185,110,0,75,0,0
2024-02-20,SKU-001,DC-04,199,0,0,199,0,0
2024-02-21,SKU-001,DC-04,128,0,0,128,0,0
2024-02-22,SKU-001,DC-04,133,133,1542,0,1675,0
2024-02-23,SKU-001,DC-04,203,203,1339,0,0,0
2024-02-24,SKU-001,DC-04,75,75,1264,0,0,0
2024-02-25,SKU-001,DC-04,102,102,1162,0,0,0
2024-02-26,SKU-001,DC-04,116,116,1046,0,0,0
2024-02-27,SKU-001,DC-04,213,213,833,0,0,0
2024-02-28,SKU-001,DC-04,93,93,740,0,0,0
2024-02-29,SKU-001,DC-04,66,66,674,0,0,0
2024-03-01,SKU-001,DC-04,248,248,426,0,0,0
2024-03-02,SKU-001,DC-04,76,76,350,0,0,0
2024-03-03,SKU-001,DC-04,92,92,258,0,0,1527
2024-03-04,SKU-001,DC-04,159,159,99,0,0,0
2024-03-05,SKU-001,DC-04,197,99,0,98,0,0
2024-03-06,SKU-001,DC-04,144,0,0,144,0,0
2024-03-07,SKU-001,DC-04,143,143,1384,0,1527,0
2024-03-08,SKU-001,DC-04,271,271,1113,0,0,0
2024-03-09,SKU-001,DC-04,90,90,1023,0,0,0
2024-03-10,SKU-001,DC-04,19,19,1004,0,0,0
2024-03-11,SKU-001,DC-04,51,51,953,0,0,0
2024-03-12,SKU-001,DC-04,142,142,811,0,0,0
2024-03-13,SKU-001,DC-04,128,128,683,0,0,0
2024-03-14,SKU-001,DC-04,94,94,589,0,0,0
2024-03-15,SKU-001,DC-04,169,169,420,0,0,0
2024-03-16,SKU-001,DC-04,78,78,342,0,0,0
2024-03-17,SKU-001,DC-04,66,66,276,0,0,1509
2024-03-18,SKU-001,DC-04,318,276,0,42,0,0
2024-03-19,SKU-001,DC-04,151,0,0,151,0,0
2024-03-20,SKU-001,DC-04,153,0,0,153,0,0
2024-03-21,SKU-001,DC-04,182,182,1327,0,1509,0
2024-03-22,SKU-001,DC-04,107,107,1220,0,0,0
2024-03-23,SKU-001,DC-04,91,91,1129,0,0,0
2024-03-24,SKU-001,DC-04,166,166,963,0,0,0
2024-03-25,SKU-001,DC-04,131,131,832,0,0,0
2024-03-26,SKU-001,DC-04,159,159,673,0,0,0
2024-03-27,SKU-001,DC-04,110,110,563,0,0,0
2024-03-28,SKU-001,DC-04,135,135,428,0,0,0
2024-03-29,SKU-001,DC-04,166,166,262,0,0,0
2024-03-30,SKU-001,DC-04,84,84,178,0,0,0
2024-03-31,SKU-001,DC-04,66,66,112,0,0,1673
2024-04-01,SKU-001,DC-04,159,112,0,47,0,0
2024-04-02,SKU-001,DC-04,240,0,0,240,0,0
2024-04-03,SKU-001,DC-04,244,0,0,244,0,0
2024-04-04,SKU-001,DC-04,191,191,1482,0,1673,0
2024-04-05,SKU-001,DC-04,93,93,1389,0,0,0
2024-04-06,SKU-001,DC-04,67,67,1322,0,0,0
2024-04-07,SKU-001,DC-04,93,93,1229,0,0,0
2024-04-08,SKU-001,DC-04,105,105,1124,0,0,0
2024-04-09,SKU-001,DC-04,211,211,913,0,0,0
2024-04-10,SKU-001,DC-04,221,221,692,0,0,0
2024-04-11,SKU-001,DC-04,136,136,556,0,0,0
2024-04-12,SKU-001,DC-04,204,204,352,0,0,0
2024-04-13,SKU-001,DC-04,115,115,237,0,0,0
2024-04-14,SKU-001,DC-04,67,67,170,0,0,1615
2024-04-15,SKU-001,DC-04,71,71,99,0,0,0
2024-04-16,SKU-001,DC-04,207,99,0,108,0,0
2024-04-17,SKU-001,DC-04,92,0,0,92,0,0
2024-04-18,SKU-001,DC-04,78,78,1537,0,1615,0
2024-04-19,SKU-001,DC-04,84,84,1453,0,0,0
2024-04-20,SKU-001,DC-04,68,68,1385,0,0,0
2024-04-21,SKU-001,DC-04,97,97,1288,0,0,0
2024-04-22,SKU-001,DC-04,152,152,1136,0,0,0
2024-04-23,SKU-001,DC-04,212,212,924,0,0,0
2024-04-24,SKU-001,DC-04,174,174,750,0,0,0
2024-04-25,SKU-001,DC-04,202,202,548,0,0,0
2024-04-26,SKU-001,DC-04,128,128,420,0,0,0
2024-04-27,SKU-001,DC-04,113,113,307,0,0,0
2024-04-28,SKU-001,DC-04,36,36,271,0,0,1514
2024-04-29,SKU-001,DC-04,124,124,147,0,0,0
2024-04-30,SKU-001,DC-04,155,147,0,8,0,0
2024-05-01,SKU-001,DC-04,333,0,0,333,0,0
2024-05-02,SKU-001,DC-04,246,246,1268,0,1514,0
2024-05-03,SKU-001,DC-04,46,46,1222,0,0,0
2024-05-04,SKU-001,DC-04,64,64,1158,0,0,0
2024-05-05,SKU-001,DC-04,79,79,1079,0,0,0
2024-05-06,SKU-001,DC-04,98,98,981,0,0,0
2024-05-07,SKU-001,DC-04,54,54,927,0,0,0
2024-05-08,SKU-001,DC-04,193,193,734,0,0,0
2024-05-09,SKU-001,DC-04,179,179,555,0,0,0
2024-05-10,SKU-001,DC-04,75,75,480,0,0,0
2024-05-11,SKU-001,DC-04,85,85,395,0,0,0
2024-05-12,SKU-001,DC-04,92,92,303,0,0,1482
2024-05-13,SKU-001,DC-04,91,91,212,0,0,0
2024-05-14,SKU-001,DC-04,129,129,83,0,0,0
2024-05-15,SKU-001,DC-04,171,83,0,88,0,0
2024-05-16,SKU-001,DC-04,188,188,1294,0,1482,0
2024-05-17,SKU-001,DC-04,83,83,1211,0,0,0
2024-05-18,SKU-001,DC-04,96,96,1115,0,0,0
2024-05-19,SKU-001,DC-04,73,73,1042,0,0,0
2024-05-20,SKU-001,DC-04,186,186,856,0,0,0
2024-05-21,SKU-001,DC-04,137,137,719,0,0,0
2024-05-22,SKU-001,DC-04,139,139,580,0,0,0
2024-05-23,SKU-001,DC-04,95,95,485,0,0,0
2024-05-24,SKU-001,DC-04,127,127,358,0,0,0
2024-05-25,SKU-001,DC-04,86,86,272,0,0,0
2024-05-26,SKU-001,DC-04,39,39,233,0,0,1552
2024-05-27,SKU-001,DC-04,114,114,119,0,0,0
2024-05-28,SKU-001,DC-04,134,119,0,15,0,0
2024-05-29,SKU-001,DC-04,103,0,0,103,0,0
2024-05-30,SKU-001,DC-04,260,260,1292,0,1552,0
2024-05-31,SKU-001,DC-04,51,51,1241,0,0,0
2024-06-01,SKU-001,DC-04,60,60,1181,0,0,0
2024-06-02,SKU-001,DC-04,59,59,1122,0,0,0
2024-06-03,SKU-001,DC-04,160,160,962,0,0,0
2024-06-04,SKU-001,DC-04,310,310,652,0,0,0
2024-06-05,SKU-001,DC-04,71,71,581,0,0,0
2024-06-06,SKU-001,DC-04,139,139,442,0,0,0
2024-06-07,SKU-001,DC-04,113,113,329,0,0,0
2024-06-08,SKU-001,DC-04,50,50,279,0,0,0
2024-06-09,SKU-001,DC-04,84,84,195,0,0,1590
2024-06-10,SKU-001,DC-04,176,176,19,0,0,0
2024-06-11,SKU-001,DC-04,170,19,0,151,0,0
2024-06-12,SKU-001,DC-04,108,0,0,108,0,0
2024-06-13,SKU-001,DC-04,103,103,1487,0,1590,0
2024-06-14,SKU-001,DC-04,68,68,1419,0,0,0
2024-06-15,SKU-001,DC-04,119,119,1300,0,0,0
2024-06-16,SKU-001,DC-04,66,66,1234,0,0,0
2024-06-17,SKU-001,DC-04,153,153,1081,0,0,0
2024-06-18,SKU-001,DC-04,163,163,918,0,0,0
2024-06-19,SKU-001,DC-04,149,149,769,0,0,0
2024-06-20,SKU-001,DC-04,83,83,686,0,0,0
2024-06-21,SKU-001,DC-04,117,117,569,0,0,0
2024-06-22,SKU-001,DC-04,77,77,492,0,0,0
2024-06-23,SKU-001,DC-04,46,46,446,0,0,1339
2024-06-24,SKU-001,DC-04,60,60,386,0,0,0
2024-06-25,SKU-001,DC-04,111,111,275,0,0,0
2024-06-26,SKU-001,DC-04,60,60,215,0,0,0
2024-06-27,SKU-001,DC-04,95,95,1459,0,1339,0
2024-06-28,SKU-001,DC-04,142,142,1317,0,0,0
2024-06-29,SKU-001,DC-04,63,63,1254,0,0,0
2024-06-30,SKU-001,DC-04,55,55,1199,0,0,0
2024-07-01,SKU-001,DC-04,143,143,1056,0,0,0
2024-07-02,SKU-001,DC-04,103,103,953,0,0,0
2024-07-03,SKU-001,DC-04,41,41,912,0,0,0
2024-07-04,SKU-001,DC-04,84,84,828,0,0,0
2024-07-05,SKU-001,DC-04,87,87,741,0,0,0
2024-07-06,SKU-001,DC-04,38,38,703,0,0,0
2024-07-07,SKU-001,DC-04,91,91,612,0,0,1173
2024-07-08,SKU-001,DC-04,87,87,525,0,0,0
2024-07-09,SKU-001,DC-04,180,180,345,0,0,0
2024-07-10,SKU-001,DC-04,96,96,249,0,0,0
2024-07-11,SKU-001,DC-04,91,91,1331,0,1173,0
2024-07-12,SKU-001,DC-04,281,281,1050,0,0,0
2024-07-13,SKU-001,DC-04,18,18,1032,0,0,0
2024-07-14,SKU-001,DC-04,65,65,967,0,0,0
2024-07-15,SKU-001,DC-04,122,122,845,0,0,0
2024-07-16,SKU-001,DC-04,77,77,768,0,0,0
2024-07-17,SKU-001,DC-04,175,175,593,0,0,0
2024-07-18,SKU-001,DC-04,104,104,489,0,0,0
2024-07-19,SKU-001,DC-04,205,205,284,0,0,0
2024-07-20,SKU-001,DC-04,80,80,204,0,0,0
2024-07-21,SKU-001,DC-04,114,114,90,0,0,1695
2024-07-22,SKU-001,DC-04,137,90,0,47,0,0
2024-07-23,SKU-001,DC-04,96,0,0,96,0,0
2024-07-24,SKU-001,DC-04,131,0,0,131,0,0
2024-07-25,SKU-001,DC-04,168,168,1527,0,1695,0
2024-07-26,SKU-001,DC-04,58,58,1469,0,0,0
2024-07-27,SKU-001,DC-04,74,74,1395,0,0,0
2024-07-28,SKU-001,DC-04,122,122,1273,0,0,0
2024-07-29,SKU-001,DC-04,266,266,1007,0,0,0
2024-07-30,SKU-001,DC-04,110,110,897,0,0,0
2024-07-31,SKU-001,DC-04,193,193,704,0,0,0
2024-08-01,SKU-001,DC-04,129,129,575,0,0,0
2024-08-02,SKU-001,DC-04,139,139,436,0,0,0
2024-08-03,SKU-001,DC-04,41,41,395,0,0,0
2024-08-04,SKU-001,DC-04,66,66,329,0,0,1456
2024-08-05,SKU-001,DC-04,160,160,169,0,0,0
2024-08-06,SKU-001,DC-04,110,110,59,0,0,0
2024-08-07,SKU-001,DC-04,111,59,0,52,0,0
2024-08-08,SKU-001,DC-04,173,173,1283,0,1456,0
2024-08-09,SKU-001,DC-04,133,133,1150,0,0,0
2024-08-10,SKU-001,DC-04,46,46,1104,0,0,0
2024-08-11,SKU-001,DC-04,88,88,1016,0,0,0
2024-08-12,SKU-001,DC-04,90,90,926,0,0,0
2024-08-13,SKU-001,DC-04,158,158,768,0,0,0
2024-08-14,SKU-001,DC-04,107,107,661,0,0,0
2024-08-15,SKU-001,DC-04,92,92,569,0,0,0
2024-08-16,SKU-001,DC-04,225,225,344,0,0,0
2024-08-17,SKU-001,DC-04,66,66,278,0,0,0
2024-08-18,SKU-001,DC-04,95,95,183,0,0,1602
2024-08-19,SKU-001,DC-04,159,159,24,0,0,0
2024-08-20,SKU-001,DC-04,163,24,0,139,0,0
2024-08-21,SKU-001,DC-04,207,0,0,207,0,0
2024-08-22,SKU-001,DC-04,74,74,1528,0,1602,0
2024-08-23,SKU-001,DC-04,195,195,1333,0,0,0
2024-08-24,SKU-001,DC-04,38,38,1295,0,0,0
2024-08-25,SKU-001,DC-04,59,59,1236,0,0,0
2024-08-26,SKU-001,DC-04,152,152,1084,0,0,0
2024-08-27,SKU-001,DC-04,200,200,884,0,0,0
2024-08-28,SKU-001,DC-04,125,125,759,0,0,0
2024-08-29,SKU-001,DC-04,160,160,599,0,0,0
2024-08-30,SKU-001,DC-04,91,91,508,0,0,0
2024-08-31,SKU-001,DC-04,144,144,364,0,0,0
2024-09-01,SKU-001,DC-04,68,68,296,0,0,1489
2024-09-02,SKU-001,DC-04,99,99,197,0,0,0
2024-09-03,SKU-001,DC-04,81,81,116,0,0,0
2024-09-04,SKU-001,DC-04,221,116,0,105,0,0
2024-09-05,SKU-001,DC-04,80,80,1409,0,1489,0
2024-09-06,SKU-001,DC-04,140,140,1269,0,0,0
2024-09-07,SKU-001,DC-04,157,157,1112,0,0,0
2024-09-08,SKU-001,DC-04,70,70,1042,0,0,0
2024-09-09,SKU-001,DC-04,182,182,860,0,0,0
2024-09-10,SKU-001,DC-04,95,95,765,0,0,0
2024-09-11,SKU-001,DC-04,243,243,522,0,0,0
2024-09-12,SKU-001,DC-04,68,68,454,0,0,0
2024-09-13,SKU-001,DC-04,94,94,360,0,0,0
2024-09-14,SKU-001,DC-04,101,101,259,0,0,0
2024-09-15,SKU-001,DC-04,54,54,205,0,0,1580
2024-09-16,SKU-001,DC-04,111,111,94,0,0,0
2024-09-17,SKU-001,DC-04,190,94,0,96,0,0
2024-09-18,SKU-001,DC-04,103,0,0,103,0,0
2024-09-19,SKU-001,DC-04,191,191,1389,0,1580,0
2024-09-20,SKU-001,DC-04,192,192,1197,0,0,0
2024-09-21,SKU-001,DC-04,45,45,1152,0,0,0
2024-09-22,SKU-001,DC-04,116,116,1036,0,0,0
2024-09-23,SKU-001,DC-04,201,201,835,0,0,0
2024-09-24,SKU-001,DC-04,71,71,764,0,0,0
2024-09-25,SKU-001,DC-04,205,205,559,0,0,0
2024-09-26,SKU-001,DC-04,244,244,315,0,0,0
2024-09-27,SKU-001,DC-04,151,151,164,0,0,0
2024-09-28,SKU-001,DC-04,113,113,51,0,0,0
2024-09-29,SKU-001,DC-04,132,51,0,81,0,1785
2024-09-30,SKU-001,DC-04,43,0,0,43,0,0
2024-10-01,SKU-001,DC-04,74,0,0,74,0,0
2024-10-02,SKU-001,DC-04,149,0,0,149,0,0
2024-10-03,SKU-001,DC-04,175,175,1610,0,1785,0
2024-10-04,SKU-001,DC-04,183,183,1427,0,0,0
2024-10-05,SKU-001,DC-04,154,154,1273,0,0,0
2024-10-06,SKU-001,DC-04,68,68,1205,0,0,0
2024-10-07,SKU-001,DC-04,115,115,1090,0,0,0
2024-10-08,SKU-001,DC-04,82,82,1008,0,0,0
2024-10-09,SKU-001,DC-04,267,267,741,0,0,0
2024-10-10,SKU-001,DC-04,115,115,626,0,0,0
2024-10-11,SKU-001,DC-04,86,86,540,0,0,0
2024-10-12,SKU-001,DC-04,61,61,479,0,0,0
2024-10-13,SKU-001,DC-04,66,66,413,0,0,1372
2024-10-14,SKU-001,DC-04,281,281,132,0,0,0
2024-10-15,SKU-001,DC-04,223,132,0,91,0,0
2024-10-16,SKU-001,DC-04,212,0,0,212,0,0
2024-10-17,SKU-001,DC-04,308,308,1064,0,1372,0
2024-10-18,SKU-001,DC-04,418,418,646,0,0,0
2024-10-19,SKU-001,DC-04,117,117,529,0,0,0
2024-10-20,SKU-001,DC-04,94,94,435,0,0,1350
2024-10-21,SKU-001,DC-04,195,195,240,0,0,0
2024-10-22,SKU-001,DC-04,195,195,45,0,0,0
2024-10-23,SKU-001,DC-04,175,45,0,130,0,0
2024-10-24,SKU-001,DC-04,197,197,1153,0,1350,0
2024-10-25,SKU-001,DC-04,296,296,857,0,0,0
2024-10-26,SKU-001,DC-04,143,143,714,0,0,0
2024-10-27,SKU-001,DC-04,125,125,589,0,0,1196
2024-10-28,SKU-001,DC-04,122,122,467,0,0,0
2024-10-29,SKU-001,DC-04,169,169,298,0,0,0
2024-10-30,SKU-001,DC-04,97,97,201,0,0,0
2024-10-31,SKU-001,DC-04,458,458,939,0,1196,0
2024-11-01,SKU-001,DC-04,199,199,740,0,0,0
2024-11-02,SKU-001,DC-04,144,144,596,0,0,0
2024-11-03,SKU-001,DC-04,122,122,474,0,0,1311
2024-11-04,SKU-001,DC-04,150,150,324,0,0,0
2024-11-05,SKU-001,DC-04,175,175,149,0,0,0
2024-11-06,SKU-001,DC-04,246,149,0,97,0,0
2024-11-07,SKU-001,DC-04,272,272,1039,0,1311,0
2024-11-08,SKU-001,DC-04,174,174,865,0,0,0
2024-11-09,SKU-001,DC-04,117,117,748,0,0,0
2024-11-10,SKU-001,DC-04,80,80,668,0,0,1117
2024-11-11,SKU-001,DC-04,148,148,520,0,0,0
2024-11-12,SKU-001,DC-04,303,303,217,0,0,0
2024-11-13,SKU-001,DC-04,242,217,0,25,0,0
2024-11-14,SKU-001,DC-04,242,242,875,0,1117,0
2024-11-15,SKU-001,DC-04,143,143,732,0,0,0
2024-11-16,SKU-001,DC-04,63,63,669,0,0,0
2024-11-17,SKU-001,DC-04,215,215,454,0,0,1331
2024-11-18,SKU-001,DC-04,226,226,228,0,0,0
2024-11-19,SKU-001,DC-04,181,181,47,0,0,0
2024-11-20,SKU-001,DC-04,197,47,0,150,0,0
2024-11-21,SKU-001,DC-04,390,390,941,0,1331,0
2024-11-22,SKU-001,DC-04,88,88,853,0,0,0
2024-11-23,SKU-001,DC-04,277,277,576,0,0,0
2024-11-24,SKU-001,DC-04,147,147,429,0,0,1356
2024-11-25,SKU-001,DC-04,262,262,167,0,0,0
2024-11-26,SKU-001,DC-04,212,167,0,45,0,0
2024-11-27,SKU-001,DC-04,151,0,0,151,0,0
2024-11-28,SKU-001,DC-04,91,91,1265,0,1356,0
2024-11-29,SKU-001,DC-04,186,186,1079,0,0,0
2024-11-30,SKU-001,DC-04,131,131,948,0,0,0
2024-12-01,SKU-001,DC-04,81,81,867,0,0,0
2024-12-02,SKU-001,DC-04,318,318,549,0,0,0
2024-12-03,SKU-001,DC-04,159,159,390,0,0,0
2024-12-04,SKU-001,DC-04,203,203,187,0,0,0
2024-12-05,SKU-001,DC-04,145,145,42,0,0,0
2024-12-06,SKU-001,DC-04,152,42,0,110,0,0
2024-12-07,SKU-001,DC-04,98,0,0,98,0,0
2024-12-08,SKU-001,DC-04,47,0,0,47,0,1785
2024-12-09,SKU-001,DC-04,133,0,0,133,0,0
2024-12-10,SKU-001,DC-04,221,0,0,221,0,0
2024-12-11,SKU-001,DC-04,157,0,0,157,0,0
2024-12-12,SKU-001,DC-04,207,207,1578,0,1785,0
2024-12-13,SKU-001,DC-04,276,276,1302,0,0,0
2024-12-14,SKU-001,DC-04,110,110,1192,0,0,0
2024-12-15,SKU-001,DC-04,83,83,1109,0,0,0
2024-12-16,SKU-001,DC-04,282,282,827,0,0,0
2024-12-17,SKU-001,DC-04,314,314,513,0,0,0
2024-12-18,SKU-001,DC-04,144,144,369,0,0,0
2024-12-19,SKU-001,DC-04,102,102,267,0,0,0
2024-12-20,SKU-001,DC-04,167,167,100,0,0,0
2024-12-21,SKU-001,DC-04,61,61,39,0,0,0
2024-12-22,SKU-001,DC-04,173,39,0,134,0,1785
2024-12-23,SKU-001,DC-04,271,0,0,271,0,0
2024-12-24,SKU-001,DC-04,186,0,0,186,0,0
2024-12-25,SKU-001,DC-04,188,0,0,188,0,0
2024-12-26,SKU-001,DC-04,137,137,1648,0,1785,0
2024-12-27,SKU-001,DC-04,113,113,1535,0,0,0
2024-12-28,SKU-001,DC-04,205,205,1330,0,0,0
2024-12-29,SKU-001,DC-04,202,202,1128,0,0,0
2024-12-30,SKU-001,DC-04,271,271,857,0,0,0
2024-12-31,SKU-001,DC-04,158,158,699,0,0,0
2023-01-01,SKU-001,DC-05,98,98,2434,0,0,0
2023-01-02,SKU-001,DC-05,721,721,1713,0,0,0
2023-01-03,SKU-001,DC-05,402,402,1311,0,0,0
2023-01-04,SKU-001,DC-05,270,270,1041,0,0,0
2023-01-05,SKU-001,DC-05,687,687,354,0,0,0
2023-01-06,SKU-001,DC-05,270,270,84,0,0,0
2023-01-07,SKU-001,DC-05,111,84,0,27,0,0
2023-01-08,SKU-001,DC-05,113,0,0,113,0,2828
2023-01-09,SKU-001,DC-05,239,0,0,239,0,0
2023-01-10,SKU-001,DC-05,250,0,0,250,0,0
2023-01-11,SKU-001,DC-05,350,350,2478,0,2828,0
2023-01-12,SKU-001,DC-05,360,360,2118,0,0,0
2023-01-13,SKU-001,DC-05,210,210,1908,0,0,0
2023-01-14,SKU-001,DC-05,211,211,1697,0,0,0
2023-01-15,SKU-001,DC-05,152,152,1545,0,0,0
2023-01-16,SKU-001,DC-05,616,616,929,0,0,0
2023-01-17,SKU-001,DC-05,427,427,502,0,0,0
2023-01-18,SKU-001,DC-05,255,255,247,0,0,0
2023-01-19,SKU-001,DC-05,172,172,75,0,0,0
2023-01-20,SKU-001,DC-05,360,75,0,285,0,0
2023-01-21,SKU-001,DC-05,115,0,0,115,0,0
2023-01-22,SKU-001,DC-05,165,0,0,165,0,2828
2023-01-23,SKU-001,DC-05,438,0,0,438,0,0
2023-01-24,SKU-001,DC-05,295,0,0,295,0,0
2023-01-25,SKU-001,DC-05,310,310,2518,0,2828,0
2023-01-26,SKU-001,DC-05,88,88,2430,0,0,0
2023-01-27,SKU-001,DC-05,219,219,2211,0,0,0
2023-01-28,SKU-001,DC-05,130,130,2081,0,0,0
2023-01-29,SKU-001,DC-05,96,96,1985,0,0,0
2023-01-30,SKU-001,DC-05,227,227,1758,0,0,0
2023-01-31,SKU-001,DC-05,167,167,1591,0,0,0
2023-02-01,SKU-001,DC-05,215,215,1376,0,0,0
2023-02-02,SKU-001,DC-05,253,253,1123,0,0,0
2023-02-03,SKU-001,DC-05,213,213,910,0,0,0
2023-02-04,SKU-001,DC-05,263,263,647,0,0,0
2023-02-05,SKU-001,DC-05,229,229,418,0,0,2410
2023-02-06,SKU-001,DC-05,222,222,196,0,0,0
2023-02-07,SKU-001,DC-05,638,196,0,442,0,0
2023-02-08,SKU-001,DC-05,406,406,2004,0,2410,0
2023-02-09,SKU-001,DC-05,163,163,1841,0,0,0
2023-02-10,SKU-001,DC-05,373,373,1468,0,0,0
2023-02-11,SKU-001,DC-05,234,234,1234,0,0,0
2023-02-12,SKU-001,DC-05,257,257,977,0,0,1851
2023-02-13,SKU-001,DC-05,123,123,854,0,0,0
2023-02-14,SKU-001,DC-05,237,237,617,0,0,0
2023-02-15,SKU-001,DC-05,499,499,1969,0,1851,0
2023-02-16,SKU-001,DC-05,156,156,1813,0,0,0
2023-02-17,SKU-001,DC-05,337,337,1476,0,0,0
2023-02-18,SKU-001,DC-05,413,413,1063,0,0,0
2023-02-19,SKU-001,DC-05,97,97,966,0,0,1862
2023-02-20,SKU-001,DC-05,173,173,793,0,0,0
2023-02-21,SKU-001,DC-05,154,154,639,0,0,0
2023-02-22,SKU-001,DC-05,387,387,2114,0,1862,0
2023-02-23,SKU-001,DC-05,285,285,1829,0,0,0
2023-02-24,SKU-001,DC-05,159,159,1670,0,0,0
2023-02-25,SKU-001,DC-05,337,337,1333,0,0,0
2023-02-26,SKU-001,DC-05,94,94,1239,0,0,0
2023-02-27,SKU-001,DC-05,347,347,892,0,0,0
2023-02-28,SKU-001,DC-05,428,428,464,0,0,0
2023-03-01,SKU-001,DC-05,498,464,0,34,0,0
2023-03-02,SKU-001,DC-05,191,0,0,191,0,0
2023-03-03,SKU-001,DC-05,348,0,0,348,0,0
2023-03-04,SKU-001,DC-05,84,0,0,84,0,0
2023-03-05,SKU-001,DC-05,77,0,0,77,0,2828
2023-03-06,SKU-001,DC-05,359,0,0,359,0,0
2023-03-07,SKU-001,DC-05,105,0,0,105,0,0
2023-03-08,SKU-001,DC-05,308,308,2520,0,2828,0
2023-03-09,SKU-001,DC-05,233,233,2287,0,0,0
2023-03-10,SKU-001,DC-05,201,201,2086,0,0,0
2023-03-11,SKU-001,DC-05,196,196,1890,0,0,0
2023-03-12,SKU-001,DC-05,156,156,1734,0,0,0
2023-03-13,SKU-001,DC-05,459,459,1275,0,0,0
2023-03-14,SKU-001,DC-05,337,337,938,0,0,0
2023-03-15,SKU-001,DC-05,524,524,414,0,0,0
2023-03-16,SKU-001,DC-05,125,125,289,0,0,0
2023-03-17,SKU-001,DC-05,182,182,107,0,0,0
2023-03-18,SKU-001,DC-05,128,107,0,21,0,0
2023-03-19,SKU-001,DC-05,207,0,0,207,0,2828
2023-03-20,SKU-001,DC-05,377,0,0,377,0,0
2023-03-21,SKU-001,DC-05,295,0,0,295,0,0
2023-03-22,SKU-001,DC-05,133,133,2695,0,2828,0
2023-03-23,SKU-001,DC-05,287,287,2408,0,0,0
2023-03-24,SKU-001,DC-05,529,529,1879,0,0,0
2023-03-25,SKU-001,DC-05,151,151,1728,0,0,0
2023-03-26,SKU-001,DC-05,117,117,1611,0,0,0
2023-03-27,SKU-001,DC-05,180,180,1431,0,0,0
2023-03-28,SKU-001,DC-05,108,108,1323,0,0,0
2023-03-29,SKU-001,DC-05,513,513,810,0,0,0
2023-03-30,SKU-001,DC-05,141,141,669,0,0,0
2023-03-31,SKU-001,DC-05,243,243,426,0,0,0
2023-04-01,SKU-001,DC-05,185,185,241,0,0,0
2023-04-02,SKU-001,DC-05,108,108,133,0,0,2695
2023-04-03,SKU-001,DC-05,152,133,0,19,0,0
2023-04-04,SKU-001,DC-05,267,0,0,267,0,0
2023-04-05,SKU-001,DC-05,510,510,2185,0,2695,0
2023-04-06,SKU-001,DC-05,268,268,1917,0,0,0
2023-04-07,SKU-001,DC-05,120,120,1797,0,0,0
2023-04-08,SKU-001,DC-05,113,113,1684,0,0,0
2023-04-09,SKU-001,DC-05,206,206,1478,0,0,0
2023-04-10,SKU-001,DC-05,491,491,987,0,0,0
2023-04-11,SKU-001,DC-05,73,73,914,0,0,0
2023-04-12,SKU-001,DC-05,442,442,472,0,0,0
2023-04-13,SKU-001,DC-05,465,465,7,0,0,0
2023-04-14,SKU-001,DC-05,339,7,0,332,0,0
2023-04-15,SKU-001,DC-05,115,0,0,115,0,0
2023-04-16,SKU-001,DC-05,131,0,0,131,0,2828
2023-04-17,SKU-001,DC-05,214,0,0,214,0,0
2023-04-18,SKU-001,DC-05,231,0,0,231,0,0
2023-04-19,SKU-001,DC-05,146,146,2682,0,2828,0
2023-04-20,SKU-001,DC-05,143,143,2539,0,0,0
2023-04-21,SKU-001,DC-05,173,173,2366,0,0,0
2023-04-22,SKU-001,DC-05,185,185,2181,0,0,0
2023-04-23,SKU-001,DC-05,250,250,1931,0,0,0
2023-04-24,SKU-001,DC-05,257,257,1674,0,0,0
2023-04-25,SKU-001,DC-05,186,186,1488,0,0,0
2023-04-26,SKU-001,DC-05,405,405,1083,0,0,0
2023-04-27,SKU-001,DC-05,247,247,836,0,0,0
2023-04-28,SKU-001,DC-05,246,246,590,0,0,0
2023-04-29,SKU-001,DC-05,76,76,514,0,0,0
2023-04-30,SKU-001,DC-05,88,88,426,0,0,2402
2023-05-01,SKU-001,DC-05,221,221,205,0,0,0
2023-05-02,SKU-001,DC-05,102,102,103,0,0,0
2023-05-03,SKU-001,DC-05,154,154,2351,0,2402,0
2023-05-04,SKU-001,DC-05,210,210,2141,0,0,0
2023-05-05,SKU-001,DC-05,217,217,1924,0,0,0
2023-05-06,SKU-001,DC-05,102,102,1822,0,0,0
2023-05-07,SKU-001,DC-05,170,170,1652,0,0,0
2023-05-08,SKU-001,DC-05,185,185,1467,0,0,0
2023-05-09,SKU-001,DC-05,179,179,1288,0,0,0
2023-05-10,SKU-001,DC-05,323,323,965,0,0,0
2023-05-11,SKU-001,DC-05,340,340,625,0,0,0
2023-05-12,SKU-001,DC-05,249,249,376,0,0,0
2023-05-13,SKU-001,DC-05,188,188,188,0,0,0
2023-05-14,SKU-001,DC-05,178,178,10,0,0,2818
2023-05-15,SKU-001,DC-05,253,10,0,243,0,0
2023-05-16,SKU-001,DC-05,194,0,0,194,0,0
2023-05-17,SKU-001,DC-05,362,362,2456,0,2818,0
2023-05-18,SKU-001,DC-05,209,209,2247,0,0,0
2023-05-19,SKU-001,DC-05,401,401,1846,0,0,0
2023-05-20,SKU-001,DC-05,97,97,1749,0,0,0
2023-05-21,SKU-001,DC-05,128,128,1621,0,0,0
2023-05-22,SKU-001,DC-05,201,201,1420,0,0,0
2023-05-23,SKU-001,DC-05,197,197,1223,0,0,0
2023-05-24,SKU-001,DC-05,138,138,1085,0,0,0
2023-05-25,SKU-001,DC-05,197,197,888,0,0,0
2023-05-26,SKU-001,DC-05,228,228,660,0,0,0
2023-05-27,SKU-001,DC-05,96,96,564,0,0,0
2023-05-28,SKU-001,DC-05,87,87,477,0,0,2351
2023-05-29,SKU-001,DC-05,250,250,227,0,0,0
2023-05-30,SKU-001,DC-05,255,227,0,28,0,0
2023-05-31,SKU-001,DC-05,254,254,2097,0,2351,0
2023-06-01,SKU-001,DC-05,247,247,1850,0,0,0
2023-06-02,SKU-001,DC-05,225,225,1625,0,0,0
2023-06-03,SKU-001,DC-05,265,265,1360,0,0,0
2023-06-04,SKU-001,DC-05,63,63,1297,0,0,0
2023-06-05,SKU-001,DC-05,249,249,1048,0,0,0
2023-06-06,SKU-001,DC-05,317,317,731,0,0,0
2023-06-07,SKU-001,DC-05,333,333,398,0,0,0
2023-06-08,SKU-001,DC-05,562,398,0,164,0,0
2023-06-09,SKU-001,DC-05,563,0,0,563,0,0
2023-06-10,SKU-001,DC-05,439,0,0,439,0,0
2023-06-11,SKU-001,DC-05,288,0,0,288,0,2828
2023-06-12,SKU-001,DC-05,93,0,0,93,0,0
2023-06-13,SKU-001,DC-05,244,0,0,244,0,0
2023-06-14,SKU-001,DC-05,245,245,2583,0,2828,0
2023-06-15,SKU-001,DC-05,156,156,2427,0,0,0
2023-06-16,SKU-001,DC-05,100,100,2327,0,0,0
2023-06-17,SKU-001,DC-05,130,130,2197,0,0,0
2023-06-18,SKU-001,DC-05,52,52,2145,0,0,0
2023-06-19,SKU-001,DC-05,180,180,1965,0,0,0
2023-06-20,SKU-001,DC-05,394,394,1571,0,0,0
2023-06-21,SKU-001,DC-05,140,140,1431,0,0,0
2023-06-22,SKU-001,DC-05,225,225,1206,0,0,0
2023-06-23,SKU-001,DC-05,202,202,1004,0,0,0
2023-06-24,SKU-001,DC-05,61,61,943,0,0,0
2023-06-25,SKU-001,DC-05,111,111,832,0,0,1996
2023-06-26,SKU-001,DC-05,206,206,626,0,0,0
2023-06-27,SKU-001,DC-05,283,283,343,0,0,0
2023-06-28,SKU-001,DC-05,261,261,2078,0,1996,0
2023-06-29,SKU-001,DC-05,172,172,1906,0,0,0
2023-06-30,SKU-001,DC-05,251,251,1655,0,0,0
2023-07-01,SKU-001,DC-05,30,30,1625,0,0,0
2023-07-02,SKU-001,DC-05,87,87,1538,0,0,0
2023-07-03,SKU-001,DC-05,311,311,1227,0,0,0
2023-07-04,SKU-001,DC-05,108,108,1119,0,0,0
2023-07-05,SKU-001,DC-05,177,177,942,0,0,0
2023-07-06,SKU-001,DC-05,169,169,773,0,0,0
2023-07-07,SKU-001,DC-05,234,234,539,0,0,0
2023-07-08,SKU-001,DC-05,55,55,484,0,0,0
2023-07-09,SKU-001,DC-05,91,91,393,0,0,2435
2023-07-10,SKU-001,DC-05,289,289,104,0,0,0
2023-07-11,SKU-001,DC-05,169,104,0,65,0,0
2023-07-12,SKU-001,DC-05,224,224,2211,0,2435,0
2023-07-13,SKU-001,DC-05,102,102,2109,0,0,0
2023-07-14,SKU-001,DC-05,290,290,1819,0,0,0
2023-07-15,SKU-001,DC-05,190,190,1629,0,0,0
2023-07-16,SKU-001,DC-05,103,103,1526,0,0,0
2023-07-17,SKU-001,DC-05,134,134,1392,0,0,0
2023-07-18,SKU-001,DC-05,243,243,1149,0,0,0
2023-07-19,SKU-001,DC-05,417,417,732,0,0,0
2023-07-20,SKU-001,DC-05,113,113,619,0,0,0
2023-07-21,SKU-001,DC-05,170,170,449,0,0,0
2023-07-22,SKU-001,DC-05,88,88,361,0,0,0
2023-07-23,SKU-001,DC-05,108,108,253,0,0,2575
2023-07-24,SKU-001,DC-05,279,253,0,26,0,0
2023-07-25,SKU-001,DC-05,277,0,0,277,0,0
2023-07-26,SKU-001,DC-05,132,132,2443,0,2575,0
2023-07-27,SKU-001,DC-05,273,273,2170,0,0,0
2023-07-28,SKU-001,DC-05,420,420,1750,0,0,0
2023-07-29,SKU-001,DC-05,109,109,1641,0,0,0
2023-07-30,SKU-001,DC-05,99,99,1542,0,0,0
2023-07-31,SKU-001,DC-05,38,38,1504,0,0,0
2023-08-01,SKU-001,DC-05,280,280,1224,0,0,0
2023-08-02,SKU-001,DC-05,201,201,1023,0,0,0
2023-08-03,SKU-001,DC-05,249,249,774,0,0,0
2023-08-04,SKU-001,DC-05,236,236,538,0,0,0
2023-08-05,SKU-001,DC-05,119,119,419,0,0,0
2023-08-06,SKU-001,DC-05,76,76,343,0,0,2485
2023-08-07,SKU-001,DC-05,220,220,123,0,0,0
2023-08-08,SKU-001,DC-05,364,123,0,241,0,0
2023-08-09,SKU-001,DC-05,127,127,2358,0,2485,0
2023-08-10,SKU-001,DC-05,177,177,2181,0,0,0
2023-08-11,SKU-001,DC-05,189,189,1992,0,0,0
2023-08-12,SKU-001,DC-05,72,72,1920,0,0,0
2023-08-13,SKU-001,DC-05,85,85,1835,0,0,0
2023-08-14,SKU-001,DC-05,199,199,1636,0,0,0
2023-08-15,SKU-001,DC-05,400,400,1236,0,0,0
2023-08-16,SKU-001,DC-05,79,79,1157,0,0,0
2023-08-17,SKU-001,DC-05,188,188,969,0,0,0
2023-08-18,SKU-001,DC-05,166,166,803,0,0,0
2023-08-19,SKU-001,DC-05,144,144,659,0,0,0
2023-08-20,SKU-001,DC-05,101,101,558,0,0,2270
2023-08-21,SKU-001,DC-05,212,212,346,0,0,0
2023-08-22,SKU-001,DC-05,168,168,178,0,0,0
2023-08-23,SKU-001,DC-05,145,145,2303,0,2270,0
2023-08-24,SKU-001,DC-05,377,377,1926,0,0,0
2023-08-25,SKU-001,DC-05,208,208,1718,0,0,0
2023-08-26,SKU-001,DC-05,159,159,1559,0,0,0
2023-08-27,SKU-001,DC-05,90,90,1469,0,0,0
2023-08-28,SKU-001,DC-05,86,86,1383,0,0,0
2023-08-29,SKU-001,DC-05,440,440,943,0,0,0
2023-08-30,SKU-001,DC-05,122,122,821,0,0,0
2023-08-31,SKU-001,DC-05,208,208,613,0,0,0
2023-09-01,SKU-001,DC-05,214,214,399,0,0,0
2023-09-02,SKU-001,DC-05,222,222,177,0,0,0
2023-09-03,SKU-001,DC-05,176,176,1,0,0,2827
2023-09-04,SKU-001,DC-05,299,1,0,298,0,0
2023-09-05,SKU-001,DC-05,321,0,0,321,0,0
2023-09-06,SKU-001,DC-05,225,225,2602,0,2827,0
2023-09-07,SKU-001,DC-05,153,153,2449,0,0,0
2023-09-08,SKU-001,DC-05,83,83,2366,0,0,0
2023-09-09,SKU-001,DC-05,83,83,2283,0,0,0
2023-09-10,SKU-001,DC-05,135,135,2148,0,0,0
2023-09-11,SKU-001,DC-05,160,160,1988,0,0,0
2023-09-12,SKU-001,DC-05,155,155,1833,0,0,0
2023-09-13,SKU-001,DC-05,130,130,1703,0,0,0
2023-09-14,SKU-001,DC-05,183,183,1520,0,0,0
2023-09-15,SKU-001,DC-05,141,141,1379,0,0,0
2023-09-16,SKU-001,DC-05,45,45,1334,0,0,0
2023-09-17,SKU-001,DC-05,181,181,1153,0,0,0
2023-09-18,SKU-001,DC-05,194,194,959,0,0,0
2023-09-19,SKU-001,DC-05,621,621,338,0,0,0
2023-09-20,SKU-001,DC-05,255,255,83,0,0,0
2023-09-21,SKU-001,DC-05,311,83,0,228,0,0
2023-09-22,SKU-001,DC-05,333,0,0,333,0,0
2023-09-23,SKU-001,DC-05,175,0,0,175,0,0
2023-09-24,SKU-001,DC-05,134,0,0,134,0,2828
2023-09-25,SKU-001,DC-05,391,0,0,391,0,0
2023-09-26,SKU-001,DC-05,163,0,0,163,0,0
2023-09-27,SKU-001,DC-05,104,104,2724,0,2828,0
2023-09-28,SKU-001,DC-05,402,402,2322,0,0,0
2023-09-29,SKU-001,DC-05,284,284,2038,0,0,0
2023-09-30,SKU-001,DC-05,135,135,1903,0,0,0
2023-10-01,SKU-001,DC-05,211,211,1692,0,0,0
2023-10-02,SKU-001,DC-05,335,335,1357,0,0,0
2023-10-03,SKU-001,DC-05,285,285,1072,0,0,0
2023-10-04,SKU-001,DC-05,366,366,706,0,0,0
2023-10-05,SKU-001,DC-05,368,368,338,0,0,0
2023-10-06,SKU-001,DC-05,146,146,192,0,0,0
2023-10-07,SKU-001,DC-05,185,185,7,0,0,0
2023-10-08,SKU-001,DC-05,178,7,0,171,0,2828
2023-10-09,SKU-001,DC-05,150,0,0,150,0,0
2023-10-10,SKU-001,DC-05,283,0,0,283,0,0
2023-10-11,SKU-001,DC-05,217,217,2611,0,2828,0
2023-10-12,SKU-001,DC-05,279,279,2332,0,0,0
2023-10-13,SKU-001,DC-05,389,389,1943,0,0,0
2023-10-14,SKU-001,DC-05,88,88,1855,0,0,0
2023-10-15,SKU-001,DC-05,180,180,1675,0,0,0
2023-10-16,SKU-001,DC-05,159,159,1516,0,0,0
2023-10-17,SKU-001,DC-05,193,193,1323,0,0,0
2023-10-18,SKU-001,DC-05,280,280,1043,0,0,0
2023-10-19,SKU-001,DC-05,244,244,799,0,0,0
2023-10-20,SKU-001,DC-05,558,558,241,0,0,0
2023-10-21,SKU-001,DC-05,212,212,29,0,0,0
2023-10-22,SKU-001,DC-05,108,29,0,79,0,2828
2023-10-23,SKU-001,DC-05,326,0,0,326,0,0
2023-10-24,SKU-001,DC-05,348,0,0,348,0,0
2023-10-25,SKU-001,DC-05,301,301,2527,0,2828,0
2023-10-26,SKU-001,DC-05,221,221,2306,0,0,0
2023-10-27,SKU-001,DC-05,281,281,2025,0,0,0
2023-10-28,SKU-001,DC-05,120,120,1905,0,0,0
2023-10-29,SKU-001,DC-05,180,180,1725,0,0,0
2023-10-30,SKU-001,DC-05,175,175,1550,0,0,0
2023-10-31,SKU-001,DC-05,284,284,1266,0,0,0
2023-11-01,SKU-001,DC-05,266,266,1000,0,0,0
2023-11-02,SKU-001,DC-05,336,336,664,0,0,0
2023-11-03,SKU-001,DC-05,373,373,291,0,0,0
2023-11-04,SKU-001,DC-05,44,44,247,0,0,0
2023-11-05,SKU-001,DC-05,124,124,123,0,0,2705
2023-11-06,SKU-001,DC-05,212,123,0,89,0,0
2023-11-07,SKU-001,DC-05,222,0,0,222,0,0
2023-11-08,SKU-001,DC-05,560,560,2145,0,2705,0
2023-11-09,SKU-001,DC-05,319,319,1826,0,0,0
2023-11-10,SKU-001,DC-05,388,388,1438,0,0,0
2023-11-11,SKU-001,DC-05,162,162,1276,0,0,0
2023-11-12,SKU-001,DC-05,254,254,1022,0,0,1806
2023-11-13,SKU-001,DC-05,271,271,751,0,0,0
2023-11-14,SKU-001,DC-05,164,164,587,0,0,0
2023-11-15,SKU-001,DC-05,423,423,1970,0,1806,0
2023-11-16,SKU-001,DC-05,278,278,1692,0,0,0
2023-11-17,SKU-001,DC-05,290,290,1402,0,0,0
2023-11-18,SKU-001,DC-05,248,248,1154,0,0,0
2023-11-19,SKU-001,DC-05,83,83,1071,0,0,1757
2023-11-20,SKU-001,DC-05,212,212,859,0,0,0
2023-11-21,SKU-001,DC-05,155,155,704,0,0,0
2023-11-22,SKU-001,DC-05,380,380,2081,0,1757,0
2023-11-23,SKU-001,DC-05,293,293,1788,0,0,0
2023-11-24,SKU-001,DC-05,280,280,1508,0,0,0
2023-11-25,SKU-001,DC-05,129,129,1379,0,0,0
2023-11-26,SKU-001,DC-05,166,166,1213,0,0,0
2023-11-27,SKU-001,DC-05,128,128,1085,0,0,0
2023-11-28,SKU-001,DC-05,224,224,861,0,0,0
2023-11-29,SKU-001,DC-05,312,312,549,0,0,0
2023-11-30,SKU-001,DC-05,383,383,166,0,0,0
2023-12-01,SKU-001,DC-05,526,166,0,360,0,0
2023-12-02,SKU-001,DC-05,157,0,0,157,0,0
2023-12-03,SKU-001,DC-05,189,0,0,189,0,2828
2023-12-04,SKU-001,DC-05,451,0,0,451,0,0
2023-12-05,SKU-001,DC-05,346,0,0,346,0,0
2023-12-06,SKU-001,DC-05,372,372,2456,0,2828,0
2023-12-07,SKU-001,DC-05,189,189,2267,0,0,0
2023-12-08,SKU-001,DC-05,318,318,1949,0,0,0
2023-12-09,SKU-001,DC-05,217,217,1732,0,0,0
2023-12-10,SKU-001,DC-05,61,61,1671,0,0,0
2023-12-11,SKU-001,DC-05,210,210,1461,0,0,0
2023-12-12,SKU-001,DC-05,378,378,1083,0,0,0
2023-12-13,SKU-001,DC-05,470,470,613,0,0,0
2023-12-14,SKU-001,DC-05,306,306,307,0,0,0
2023-12-15,SKU-001,DC-05,444,307,0,137,0,0
2023-12-16,SKU-001,DC-05,246,0,0,246,0,0
2023-12-17,SKU-001,DC-05,306,0,0,306,0,2828
2023-12-18,SKU-001,DC-05,310,0,0,310,0,0
2023-12-19,SKU-001,DC-05,337,0,0,337,0,0
2023-12-20,SKU-001,DC-05,227,227,2601,0,2828,0
2023-12-21,SKU-001,DC-05,237,237,2364,0,0,0
2023-12-22,SKU-001,DC-05,601,601,1763,0,0,0
2023-12-23,SKU-001,DC-05,301,301,1462,0,0,0
2023-12-24,SKU-001,DC-05,126,126,1336,0,0,0
2023-12-25,SKU-001,DC-05,214,214,1122,0,0,0
2023-12-26,SKU-001,DC-05,153,153,969,0,0,0
2023-12-27,SKU-001,DC-05,220,220,749,0,0,0
2023-12-28,SKU-001,DC-05,264,264,485,0,0,0
2023-12-29,SKU-001,DC-05,595,485,0,110,0,0
2023-12-30,SKU-001,DC-05,231,0,0,231,0,0
2023-12-31,SKU-001,DC-05,164,0,0,164,0,2828
2024-01-01,SKU-001,DC-05,449,0,0,449,0,0
2024-01-02,SKU-001,DC-05,209,0,0,209,0,0
2024-01-03,SKU-001,DC-05,428,428,2400,0,2828,0
2024-01-04,SKU-001,DC-05,311,311,2089,0,0,0
2024-01-05,SKU-001,DC-05,374,374,1715,0,0,0
2024-01-06,SKU-001,DC-05,191,191,1524,0,0,0
2024-01-07,SKU-001,DC-05,165,165,1359,0,0,0
2024-01-08,SKU-001,DC-05,423,423,936,0,0,0
2024-01-09,SKU-001,DC-05,361,361,575,0,0,0
2024-01-10,SKU-001,DC-05,884,575,0,309,0,0
2024-01-11,SKU-001,DC-05,318,0,0,318,0,0
2024-01-12,SKU-001,DC-05,433,0,0,433,0,0
2024-01-13,SKU-001,DC-05,194,0,0,194,0,0
2024-01-14,SKU-001,DC-05,252,0,0,252,0,2828
2024-01-15,SKU-001,DC-05,491,0,0,491,0,0
2024-01-16,SKU-001,DC-05,236,0,0,236,0,0
2024-01-17,SKU-001,DC-05,464,464,2364,0,2828,0
2024-01-18,SKU-001,DC-05,282,282,2082,0,0,0
2024-01-19,SKU-001,DC-05,194,194,1888,0,0,0
2024-01-20,SKU-001,DC-05,188,188,1700,0,0,0
2024-01-21,SKU-001,DC-05,237,237,1463,0,0,0
2024-01-22,SKU-001,DC-05,111,111,1352,0,0,0
2024-01-23,SKU-001,DC-05,309,309,1043,0,0,0
2024-01-24,SKU-001,DC-05,791,791,252,0,0,0
2024-01-25,SKU-001,DC-05,278,252,0,26,0,0
2024-01-26,SKU-001,DC-05,754,0,0,754,0,0
2024-01-27,SKU-001,DC-05,156,0,0,156,0,0
2024-01-28,SKU-001,DC-05,125,0,0,125,0,2828
2024-01-29,SKU-001,DC-05,601,0,0,601,0,0
2024-01-30,SKU-001,DC-05,635,0,0,635,0,0
2024-01-31,SKU-001,DC-05,275,275,2553,0,2828,0
2024-02-01,SKU-001,DC-05,157,157,2396,0,0,0
2024-02-02,SKU-001,DC-05,305,305,2091,0,0,0
2024-02-03,SKU-001,DC-05,198,198,1893,0,0,0
2024-02-04,SKU-001,DC-05,78,78,1815,0,0,0
2024-02-05,SKU-001,DC-05,400,400,1415,0,0,0
2024-02-06,SKU-001,DC-05,283,283,1132,0,0,0
2024-02-07,SKU-001,DC-05,278,278,854,0,0,0
2024-02-08,SKU-001,DC-05,350,350,504,0,0,0
2024-02-09,SKU-001,DC-05,194,194,310,0,0,0
2024-02-10,SKU-001,DC-05,189,189,121,0,0,0
2024-02-11,SKU-001,DC-05,181,121,0,60,0,2828
2024-02-12,SKU-001,DC-05,286,0,0,286,0,0
2024-02-13,SKU-001,DC-05,480,0,0,480,0,0
2024-02-14,SKU-001,DC-05,291,291,2537,0,2828,0
2024-02-15,SKU-001,DC-05,222,222,2315,0,0,0
2024-02-16,SKU-001,DC-05,305,305,2010,0,0,0
2024-02-17,SKU-001,DC-05,235,235,1775,0,0,0
2024-02-18,SKU-001,DC-05,210,210,1565,0,0,0
2024-02-19,SKU-001,DC-05,252,252,1313,0,0,0
2024-02-20,SKU-001,DC-05,356,356,957,0,0,0
2024-02-21,SKU-001,DC-05,341,341,616,0,0,0
2024-02-22,SKU-001,DC-05,212,212,404,0,0,0
2024-02-23,SKU-001,DC-05,311,311,93,0,0,0
2024-02-24,SKU-001,DC-05,257,93,0,164,0,0
2024-02-25,SKU-001,DC-05,212,0,0,212,0,2828
2024-02-26,SKU-001,DC-05,744,0,0,744,0,0
2024-02-27,SKU-001,DC-05,387,0,0,387,0,0
2024-02-28,SKU-001,DC-05,466,466,2362,0,2828,0
2024-02-29,SKU-001,DC-05,413,413,1949,0,0,0
2024-03-01,SKU-001,DC-05,286,286,1663,0,0,0
2024-03-02,SKU-001,DC-05,151,151,1512,0,0,0
2024-03-03,SKU-001,DC-05,107,107,1405,0,0,0
2024-03-04,SKU-001,DC-05,383,383,1022,0,0,0
2024-03-05,SKU-001,DC-05,371,371,651,0,0,0
2024-03-06,SKU-001,DC-05,386,386,265,0,0,0
2024-03-07,SKU-001,DC-05,316,265,0,51,0,0
2024-03-08,SKU-001,DC-05,393,0,0,393,0,0
2024-03-09,SKU-001,DC-05,196,0,0,196,0,0
2024-03-10,SKU-001,DC-05,239,0,0,239,0,2828
2024-03-11,SKU-001,DC-05,171,0,0,171,0,0
2024-03-12,SKU-001,DC-05,115,0,0,115,0,0
2024-03-13,SKU-001,DC-05,351,351,2477,0,2828,0
2024-03-14,SKU-001,DC-05,227,227,2250,0,0,0
2024-03-15,SKU-001,DC-05,424,424,1826,0,0,0
2024-03-16,SKU-001,DC-05,33,33,1793,0,0,0
2024-03-17,SKU-001,DC-05,154,154,1639,0,0,0
2024-03-18,SKU-001,DC-05,367,367,1272,0,0,0
2024-03-19,SKU-001,DC-05,320,320,952,0,0,0
2024-03-20,SKU-001,DC-05,175,175,777,0,0,0
2024-03-21,SKU-001,DC-05,271,271,506,0,0,0
2024-03-22,SKU-001,DC-05,190,190,316,0,0,0
2024-03-23,SKU-001,DC-05,107,107,209,0,0,0
2024-03-24,SKU-001,DC-05,70,70,139,0,0,2689
2024-03-25,SKU-001,DC-05,326,139,0,187,0,0
2024-03-26,SKU-001,DC-05,121,0,0,121,0,0
2024-03-27,SKU-001,DC-05,409,409,2280,0,2689,0
2024-03-28,SKU-001,DC-05,184,184,2096,0,0,0
2024-03-29,SKU-001,DC-05,218,218,1878,0,0,0
2024-03-30,SKU-001,DC-05,47,47,1831,0,0,0
2024-03-31,SKU-001,DC-05,267,267,1564,0,0,0
2024-04-01,SKU-001,DC-05,281,281,1283,0,0,0
2024-04-02,SKU-001,DC-05,375,375,908,0,0,0
2024-04-03,SKU-001,DC-05,409,409,499,0,0,0
2024-04-04,SKU-001,DC-05,224,224,275,0,0,0
2024-04-05,SKU-001,DC-05,273,273,2,0,0,0
2024-04-06,SKU-001,DC-05,249,2,0,247,0,0
2024-04-07,SKU-001,DC-05,161,0,0,161,0,2828
2024-04-08,SKU-001,DC-05,193,0,0,193,0,0
2024-04-09,SKU-001,DC-05,293,0,0,293,0,0
2024-04-10,SKU-001,DC-05,214,214,2614,0,2828,0
2024-04-11,SKU-001,DC-05,346,346,2268,0,0,0
2024-04-12,SKU-001,DC-05,374,374,1894,0,0,0
2024-04-13,SKU-001,DC-05,100,100,1794,0,0,0
2024-04-14,SKU-001,DC-05,171,171,1623,0,0,0
2024-04-15,SKU-001,DC-05,92,92,1531,0,0,0
2024-04-16,SKU-001,DC-05,311,311,1220,0,0,0
2024-04-17,SKU-001,DC-05,170,170,1050,0,0,0
2024-04-18,SKU-001,DC-05,222,222,828,0,0,0
2024-04-19,SKU-001,DC-05,298,298,530,0,0,0
2024-04-20,SKU-001,DC-05,87,87,443,0,0,0
2024-04-21,SKU-001,DC-05,110,110,333,0,0,2495
2024-04-22,SKU-001,DC-05,467,333,0,134,0,0
2024-04-23,SKU-001,DC-05,322,0,0,322,0,0
2024-04-24,SKU-001,DC-05,277,277,2218,0,2495,0
2024-04-25,SKU-001,DC-05,124,124,2094,0,0,0
2024-04-26,SKU-001,DC-05,109,109,1985,0,0,0
2024-04-27,SKU-001,DC-05,156,156,1829,0,0,0
2024-04-28,SKU-001,DC-05,173,173,1656,0,0,0
2024-04-29,SKU-001,DC-05,308,308,1348,0,0,0
2024-04-30,SKU-001,DC-05,205,205,1143,0,0,0
2024-05-01,SKU-001,DC-05,440,440,703,0,0,0
2024-05-02,SKU-001,DC-05,264,264,439,0,0,0
2024-05-03,SKU-001,DC-05,433,433,6,0,0,0
2024-05-04,SKU-001,DC-05,199,6,0,193,0,0
2024-05-05,SKU-001,DC-05,103,0,0,103,0,2828
2024-05-06,SKU-001,DC-05,318,0,0,318,0,0
2024-05-07,SKU-001,DC-05,144,0,0,144,0,0
2024-05-08,SKU-001,DC-05,197,197,2631,0,2828,0
2024-05-09,SKU-001,DC-05,174,174,2457,0,0,0
2024-05-10,SKU-001,DC-05,284,284,2173,0,0,0
2024-05-11,SKU-001,DC-05,96,96,2077,0,0,0
2024-05-12,SKU-001,DC-05,66,66,2011,0,0,0
2024-05-13,SKU-001,DC-05,96,96,1915,0,0,0
2024-05-14,SKU-001,DC-05,107,107,1808,0,0,0
2024-05-15,SKU-001,DC-05,54,54,1754,0,0,0
2024-05-16,SKU-001,DC-05,182,182,1572,0,0,0
2024-05-17,SKU-001,DC-05,252,252,1320,0,0,0
2024-05-18,SKU-001,DC-05,86,86,1234,0,0,0
2024-05-19,SKU-001,DC-05,116,116,1118,0,0,0
2024-05-20,SKU-001,DC-05,69,69,1049,0,0,0
2024-05-21,SKU-001,DC-05,286,286,763,0,0,0
2024-05-22,SKU-001,DC-05,473,473,290,0,0,0
2024-05-23,SKU-001,DC-05,351,290,0,61,0,0
2024-05-24,SKU-001,DC-05,300,0,0,300,0,0
2024-05-25,SKU-001,DC-05,142,0,0,142,0,0
2024-05-26,SKU-001,DC-05,82,0,0,82,0,2828
2024-05-27,SKU-001,DC-05,232,0,0,232,0,0
2024-05-28,SKU-001,DC-05,246,0,0,246,0,0
2024-05-29,SKU-001,DC-05,252,252,2576,0,2828,0
2024-05-30,SKU-001,DC-05,159,159,2417,0,0,0
2024-05-31,SKU-001,DC-05,187,187,2230,0,0,0
2024-06-01,SKU-001,DC-05,37,37,2193,0,0,0
2024-06-02,SKU-001,DC-05,31,31,2162,0,0,0
2024-06-03,SKU-001,DC-05,297,297,1865,0,0,0
2024-06-04,SKU-001,DC-05,335,335,1530,0,0,0
2024-06-05,SKU-001,DC-05,102,102,1428,0,0,0
2024-06-06,SKU-001,DC-05,78,78,1350,0,0,0
2024-06-07,SKU-001,DC-05,269,269,1081,0,0,0
2024-06-08,SKU-001,DC-05,75,75,1006,0,0,0
2024-06-09,SKU-001,DC-05,153,153,853,0,0,1975
2024-06-10,SKU-001,DC-05,278,278,575,0,0,0
2024-06-11,SKU-001,DC-05,178,178,397,0,0,0
2024-06-12,SKU-001,DC-05,204,204,2168,0,1975,0
2024-06-13,SKU-001,DC-05,179,179,1989,0,0,0
2024-06-14,SKU-001,DC-05,86,86,1903,0,0,0
2024-06-15,SKU-001,DC-05,54,54,1849,0,0,0
2024-06-16,SKU-001,DC-05,126,126,1723,0,0,0
2024-06-17,SKU-001,DC-05,186,186,1537,0,0,0
2024-06-18,SKU-001,DC-05,210,210,1327,0,0,0
2024-06-19,SKU-001,DC-05,63,63,1264,0,0,0
2024-06-20,SKU-001,DC-05,215,215,1049,0,0,0
2024-06-21,SKU-001,DC-05,265,265,784,0,0,0
2024-06-22,SKU-001,DC-05,85,85,699,0,0,0
2024-06-23,SKU-001,DC-05,68,68,631,0,0,2197
2024-06-24,SKU-001,DC-05,167,167,464,0,0,0
2024-06-25,SKU-001,DC-05,237,237,227,0,0,0
2024-06-26,SKU-001,DC-05,147,147,2277,0,2197,0
2024-06-27,SKU-001,DC-05,100,100,2177,0,0,0
2024-06-28,SKU-001,DC-05,123,123,2054,0,0,0
2024-06-29,SKU-001,DC-05,143,143,1911,0,0,0
2024-06-30,SKU-001,DC-05,127,127,1784,0,0,0
2024-07-01,SKU-001,DC-05,181,181,1603,0,0,0
2024-07-02,SKU-001,DC-05,274,274,1329,0,0,0
2024-07-03,SKU-001,DC-05,259,259,1070,0,0,0
2024-07-04,SKU-001,DC-05,186,186,884,0,0,0
2024-07-05,SKU-001,DC-05,275,275,609,0,0,0
2024-07-06,SKU-001,DC-05,94,94,515,0,0,0
2024-07-07,SKU-001,DC-05,110,110,405,0,0,2423
2024-07-08,SKU-001,DC-05,192,192,213,0,0,0
2024-07-09,SKU-001,DC-05,186,186,27,0,0,0
2024-07-10,SKU-001,DC-05,107,107,2343,0,2423,0
2024-07-11,SKU-001,DC-05,239,239,2104,0,0,0
2024-07-12,SKU-001,DC-05,166,166,1938,0,0,0
2024-07-13,SKU-001,DC-05,144,144,1794,0,0,0
2024-07-14,SKU-001,DC-05,94,94,1700,0,0,0
2024-07-15,SKU-001,DC-05,197,197,1503,0,0,0
2024-07-16,SKU-001,DC-05,251,251,1252,0,0,0
2024-07-17,SKU-001,DC-05,235,235,1017,0,0,0
2024-07-18,SKU-001,DC-05,204,204,813,0,0,0
2024-07-19,SKU-001,DC-05,350,350,463,0,0,0
2024-07-20,SKU-001,DC-05,67,67,396,0,0,0
2024-07-21,SKU-001,DC-05,49,49,347,0,0,2481
2024-07-22,SKU-001,DC-05,281,281,66,0,0,0
2024-07-23,SKU-001,DC-05,395,66,0,329,0,0
2024-07-24,SKU-001,DC-05,340,340,2141,0,2481,0
2024-07-25,SKU-001,DC-05,213,213,1928,0,0,0
2024-07-26,SKU-001,DC-05,199,199,1729,0,0,0
2024-07-27,SKU-001,DC-05,172,172,1557,0,0,0
2024-07-28,SKU-001,DC-05,118,118,1439,0,0,0
2024-07-29,SKU-001,DC-05,197,197,1242,0,0,0
2024-07-30,SKU-001,DC-05,515,515,727,0,0,0
2024-07-31,SKU-001,DC-05,228,228,499,0,0,0
2024-08-01,SKU-001,DC-05,115,115,384,0,0,0
2024-08-02,SKU-001,DC-05,305,305,79,0,0,0
2024-08-03,SKU-001,DC-05,253,79,0,174,0,0
2024-08-04,SKU-001,DC-05,86,0,0,86,0,2828
2024-08-05,SKU-001,DC-05,297,0,0,297,0,0
2024-08-06,SKU-001,DC-05,109,0,0,109,0,0
2024-08-07,SKU-001,DC-05,99,99,2729,0,2828,0
2024-08-08,SKU-001,DC-05,373,373,2356,0,0,0
2024-08-09,SKU-001,DC-05,395,395,1961,0,0,0
2024-08-10,SKU-001,DC-05,153,153,1808,0,0,0
2024-08-11,SKU-001,DC-05,133,133,1675,0,0,0
2024-08-12,SKU-001,DC-05,136,136,1539,0,0,0
2024-08-13,SKU-001,DC-05,138,138,1401,0,0,0
2024-08-14,SKU-001,DC-05,192,192,1209,0,0,0
2024-08-15,SKU-001,DC-05,358,358,851,0,0,0
2024-08-16,SKU-001,DC-05,237,237,614,0,0,0
2024-08-17,SKU-001,DC-05,75,75,539,0,0,0
2024-08-18,SKU-001,DC-05,101,101,438,0,0,2390
2024-08-19,SKU-001,DC-05,208,208,230,0,0,0
2024-08-20,SKU-001,DC-05,244,230,0,14,0,0
2024-08-21,SKU-001,DC-05,211,211,2179,0,2390,0
2024-08-22,SKU-001,DC-05,219,219,1960,0,0,0
2024-08-23,SKU-001,DC-05,118,118,1842,0,0,0
2024-08-24,SKU-001,DC-05,125,125,1717,0,0,0
2024-08-25,SKU-001,DC-05,77,77,1640,0,0,0
2024-08-26,SKU-001,DC-05,98,98,1542,0,0,0
2024-08-27,SKU-001,DC-05,240,240,1302,0,0,0
2024-08-28,SKU-001,DC-05,155,155,1147,0,0,0
2024-08-29,SKU-001,DC-05,263,263,884,0,0,0
2024-08-30,SKU-001,DC-05,193,193,691,0,0,0
2024-08-31,SKU-001,DC-05,105,105,586,0,0,0
2024-09-01,SKU-001,DC-05,245,245,341,0,0,2487
2024-09-02,SKU-001,DC-05,295,295,46,0,0,0
2024-09-03,SKU-001,DC-05,153,46,0,107,0,0
2024-09-04,SKU-001,DC-05,135,135,2352,0,2487,0
2024-09-05,SKU-001,DC-05,226,226,2126,0,0,0
2024-09-06,SKU-001,DC-05,288,288,1838,0,0,0
2024-09-07,SKU-001,DC-05,414,414,1424,0,0,0
2024-09-08,SKU-001,DC-05,73,73,1351,0,0,0
2024-09-09,SKU-001,DC-05,261,261,1090,0,0,0
2024-09-10,SKU-001,DC-05,231,231,859,0,0,0
2024-09-11,SKU-001,DC-05,431,431,428,0,0,0
2024-09-12,SKU-001,DC-05,316,316,112,0,0,0
2024-09-13,SKU-001,DC-05,381,112,0,269,0,0
2024-09-14,SKU-001,DC-05,207,0,0,207,0,0
2024-09-15,SKU-001,DC-05,60,0,0,60,0,2828
2024-09-16,SKU-001,DC-05,371,0,0,371,0,0
2024-09-17,SKU-001,DC-05,242,0,0,242,0,0
2024-09-18,SKU-001,DC-05,225,225,2603,0,2828,0
2024-09-19,SKU-001,DC-05,209,209,2394,0,0,0
2024-09-20,SKU-001,DC-05,170,170,2224,0,0,0
2024-09-21,SKU-001,DC-05,225,225,1999,0,0,0
2024-09-22,SKU-001,DC-05,98,98,1901,0,0,0
2024-09-23,SKU-001,DC-05,132,132,1769,0,0,0
2024-09-24,SKU-001,DC-05,327,327,1442,0,0,0
2024-09-25,SKU-001,DC-05,486,486,956,0,0,0
2024-09-26,SKU-001,DC-05,134,134,822,0,0,0
2024-09-27,SKU-001,DC-05,144,144,678,0,0,0
2024-09-28,SKU-001,DC-05,132,132,546,0,0,0
2024-09-29,SKU-001,DC-05,126,126,420,0,0,2408
2024-09-30,SKU-001,DC-05,290,290,130,0,0,0
2024-10-01,SKU-001,DC-05,597,130,0,467,0,0
2024-10-02,SKU-001,DC-05,344,344,2064,0,2408,0
2024-10-03,SKU-001,DC-05,231,231,1833,0,0,0
2024-10-04,SKU-001,DC-05,46,46,1787,0,0,0
2024-10-05,SKU-001,DC-05,147,147,1640,0,0,0
2024-10-06,SKU-001,DC-05,284,284,1356,0,0,0
2024-10-07,SKU-001,DC-05,342,342,1014,0,0,0
2024-10-08,SKU-001,DC-05,665,665,349,0,0,0
2024-10-09,SKU-001,DC-05,167,167,182,0,0,0
2024-10-10,SKU-001,DC-05,282,182,0,100,0,0
2024-10-11,SKU-001,DC-05,384,0,0,384,0,0
2024-10-12,SKU-001,DC-05,118,0,0,118,0,0
2024-10-13,SKU-001,DC-05,57,0,0,57,0,2828
2024-10-14,SKU-001,DC-05,294,0,0,294,0,0
2024-10-15,SKU-001,DC-05,354,0,0,354,0,0
2024-10-16,SKU-001,DC-05,271,271,2557,0,2828,0
2024-10-17,SKU-001,DC-05,340,340,2217,0,0,0
2024-10-18,SKU-001,DC-05,236,236,1981,0,0,0
2024-10-19,SKU-001,DC-05,171,171,1810,0,0,0
2024-10-20,SKU-001,DC-05,267,267,1543,0,0,0
2024-10-21,SKU-001,DC-05,147,147,1396,0,0,0
2024-10-22,SKU-001,DC-05,193,193,1203,0,0,0
2024-10-23,SKU-001,DC-05,337,337,866,0,0,0
2024-10-24,SKU-001,DC-05,254,254,612,0,0,0
2024-10-25,SKU-001,DC-05,116,116,496,0,0,0
2024-10-26,SKU-001,DC-05,70,70,426,0,0,0
2024-10-27,SKU-001,DC-05,230,230,196,0,0,2632
2024-10-28,SKU-001,DC-05,132,132,64,0,0,0
2024-10-29,SKU-001,DC-05,600,64,0,536,0,0
2024-10-30,SKU-001,DC-05,203,203,2429,0,2632,0
2024-10-31,SKU-001,DC-05,474,474,1955,0,0,0
2024-11-01,SKU-001,DC-05,282,282,1673,0,0,0
2024-11-02,SKU-001,DC-05,172,172,1501,0,0,0
2024-11-03,SKU-001,DC-05,93,93,1408,0,0,0
2024-11-04,SKU-001,DC-05,193,193,1215,0,0,0
2024-11-05,SKU-001,DC-05,527,527,688,0,0,0
2024-11-06,SKU-001,DC-05,514,514,174,0,0,0
2024-11-07,SKU-001,DC-05,388,174,0,214,0,0
2024-11-08,SKU-001,DC-05,365,0,0,365,0,0
2024-11-09,SKU-001,DC-05,160,0,0,160,0,0
2024-11-10,SKU-001,DC-05,221,0,0,221,0,2828
2024-11-11,SKU-001,DC-05,428,0,0,428,0,0
2024-11-12,SKU-001,DC-05,301,0,0,301,0,0
2024-11-13,SKU-001,DC-05,482,482,2346,0,2828,0
2024-11-14,SKU-001,DC-05,564,564,1782,0,0,0
2024-11-15,SKU-001,DC-05,307,307,1475,0,0,0
2024-11-16,SKU-001,DC-05,210,210,1265,0,0,0
2024-11-17,SKU-001,DC-05,254,254,1011,0,0,1817
2024-11-18,SKU-001,DC-05,398,398,613,0,0,0
2024-11-19,SKU-001,DC-05,429,429,184,0,0,0
2024-11-20,SKU-001,DC-05,299,299,1702,0,1817,0
2024-11-21,SKU-001,DC-05,285,285,1417,0,0,0
2024-11-22,SKU-001,DC-05,225,225,1192,0,0,0
2024-11-23,SKU-001,DC-05,74,74,1118,0,0,0
2024-11-24,SKU-001,DC-05,228,228,890,0,0,1938
2024-11-25,SKU-001,DC-05,284,284,606,0,0,0
2024-11-26,SKU-001,DC-05,368,368,238,0,0,0
2024-11-27,SKU-001,DC-05,229,229,1947,0,1938,0
2024-11-28,SKU-001,DC-05,576,576,1371,0,0,0
2024-11-29,SKU-001,DC-05,889,889,482,0,0,0
2024-11-30,SKU-001,DC-05,262,262,220,0,0,0
2024-12-01,SKU-001,DC-05,181,181,39,0,0,2789
2024-12-02,SKU-001,DC-05,416,39,0,377,0,0
2024-12-03,SKU-001,DC-05,344,0,0,344,0,0
2024-12-04,SKU-001,DC-05,383,383,2406,0,2789,0
2024-12-05,SKU-001,DC-05,327,327,2079,0,0,0
2024-12-06,SKU-001,DC-05,187,187,1892,0,0,0
2024-12-07,SKU-001,DC-05,108,108,1784,0,0,0
2024-12-08,SKU-001,DC-05,280,280,1504,0,0,0
2024-12-09,SKU-001,DC-05,275,275,1229,0,0,0
2024-12-10,SKU-001,DC-05,411,411,818,0,0,0
2024-12-11,SKU-001,DC-05,249,249,569,0,0,0
2024-12-12,SKU-001,DC-05,459,459,110,0,0,0
2024-12-13,SKU-001,DC-05,440,110,0,330,0,0
2024-12-14,SKU-001,DC-05,135,0,0,135,0,0
2024-12-15,SKU-001,DC-05,156,0,0,156,0,2828
2024-12-16,SKU-001,DC-05,97,0,0,97,0,0
2024-12-17,SKU-001,DC-05,215,0,0,215,0,0
2024-12-18,SKU-001,DC-05,439,439,2389,0,2828,0
2024-12-19,SKU-001,DC-05,343,343,2046,0,0,0
2024-12-20,SKU-001,DC-05,527,527,1519,0,0,0
2024-12-21,SKU-001,DC-05,185,185,1334,0,0,0
2024-12-22,SKU-001,DC-05,71,71,1263,0,0,0
2024-12-23,SKU-001,DC-05,148,148,1115,0,0,0
2024-12-24,SKU-001,DC-05,636,636,479,0,0,0
2024-12-25,SKU-001,DC-05,472,472,7,0,0,0
2024-12-26,SKU-001,DC-05,486,7,0,479,0,0
2024-12-27,SKU-001,DC-05,340,0,0,340,0,0
2024-12-28,SKU-001,DC-05,120,0,0,120,0,0
2024-12-29,SKU-001,DC-05,145,0,0,145,0,2828
2024-12-30,SKU-001,DC-05,570,0,0,570,0,0
2024-12-31,SKU-001,DC-05,147,0,0,147,0,0
2023-01-01,SKU-001,DC-06,267,267,2024,0,0,0
2023-01-02,SKU-001,DC-06,330,330,1694,0,0,0
2023-01-03,SKU-001,DC-06,332,332,1362,0,0,0
2023-01-04,SKU-001,DC-06,414,414,948,0,0,0
2023-01-05,SKU-001,DC-06,293,293,655,0,0,0
2023-01-06,SKU-001,DC-06,328,328,327,0,0,0
2023-01-07,SKU-001,DC-06,143,143,184,0,0,0
2023-01-08,SKU-001,DC-06,182,182,2,0,0,2496
2023-01-09,SKU-001,DC-06,153,2,0,151,0,0
2023-01-10,SKU-001,DC-06,202,0,0,202,0,0
2023-01-11,SKU-001,DC-06,193,0,0,193,0,0
2023-01-12,SKU-001,DC-06,659,659,1837,0,2496,0
2023-01-13,SKU-001,DC-06,152,152,1685,0,0,0
2023-01-14,SKU-001,DC-06,112,112,1573,0,0,0
2023-01-15,SKU-001,DC-06,322,322,1251,0,0,0
2023-01-16,SKU-001,DC-06,209,209,1042,0,0,0
2023-01-17,SKU-001,DC-06,164,164,878,0,0,0
2023-01-18,SKU-001,DC-06,427,427,451,0,0,0
2023-01-19,SKU-001,DC-06,356,356,95,0,0,0
2023-01-20,SKU-001,DC-06,257,95,0,162,0,0
2023-01-21,SKU-001,DC-06,99,0,0,99,0,0
2023-01-22,SKU-001,DC-06,102,0,0,102,0,2498
2023-01-23,SKU-001,DC-06,603,0,0,603,0,0
2023-01-24,SKU-001,DC-06,208,0,0,208,0,0
2023-01-25,SKU-001,DC-06,527,0,0,527,0,0
2023-01-26,SKU-001,DC-06,245,245,2253,0,2498,0
2023-01-27,SKU-001,DC-06,137,137,2116,0,0,0
2023-01-28,SKU-001,DC-06,82,82,2034,0,0,0
2023-01-29,SKU-001,DC-06,106,106,1928,0,0,0
2023-01-30,SKU-001,DC-06,446,446,1482,0,0,0
2023-01-31,SKU-001,DC-06,325,325,1157,0,0,0
2023-02-01,SKU-001,DC-06,409,409,748,0,0,0
2023-02-02,SKU-001,DC-06,150,150,598,0,0,0
2023-02-03,SKU-001,DC-06,349,349,249,0,0,0
2023-02-04,SKU-001,DC-06,154,154,95,0,0,0
2023-02-05,SKU-001,DC-06,143,95,0,48,0,2498
2023-02-06,SKU-001,DC-06,214,0,0,214,0,0
2023-02-07,SKU-001,DC-06,193,0,0,193,0,0
2023-02-08,SKU-001,DC-06,248,0,0,248,0,0
2023-02-09,SKU-001,DC-06,203,203,2295,0,2498,0
2023-02-10,SKU-001,DC-06,155,155,2140,0,0,0
2023-02-11,SKU-001,DC-06,207,207,1933,0,0,0
2023-02-12,SKU-001,DC-06,61,61,1872,0,0,0
2023-02-13,SKU-001,DC-06,341,341,1531,0,0,0
2023-02-14,SKU-001,DC-06,301,301,1230,0,0,0
2023-02-15,SKU-001,DC-06,278,278,952,0,0,0
2023-02-16,SKU-001,DC-06,132,132,820,0,0,0
2023-02-17,SKU-001,DC-06,74,74,746,0,0,0
2023-02-18,SKU-001,DC-06,110,110,636,0,0,0
2023-02-19,SKU-001,DC-06,135,135,501,0,0,1997
2023-02-20,SKU-001,DC-06,183,183,318,0,0,0
2023-02-21,SKU-001,DC-06,381,318,0,63,0,0
2023-02-22,SKU-001,DC-06,251,0,0,251,0,0
2023-02-23,SKU-001,DC-06,348,348,1649,0,1997,0
2023-02-24,SKU-001,DC-06,224,224,1425,0,0,0
2023-02-25,SKU-001,DC-06,89,89,1336,0,0,0
2023-02-26,SKU-001,DC-06,166,166,1170,0,0,0
2023-02-27,SKU-001,DC-06,140,140,1030,0,0,0
2023-02-28,SKU-001,DC-06,194,194,836,0,0,0
2023-03-01,SKU-001,DC-06,177,177,659,0,0,0
2023-03-02,SKU-001,DC-06,362,362,297,0,0,0
2023-03-03,SKU-001,DC-06,187,187,110,0,0,0
2023-03-04,SKU-001,DC-06,112,110,0,2,0,0
2023-03-05,SKU-001,DC-06,98,0,0,98,0,2498
2023-03-06,SKU-001,DC-06,431,0,0,431,0,0
2023-03-07,SKU-001,DC-06,223,0,0,223,0,0
2023-03-08,SKU-001,DC-06,229,0,0,229,0,0
2023-03-09,SKU-001,DC-06,253,253,2245,0,2498,0
2023-03-10,SKU-001,DC-06,266,266,1979,0,0,0
2023-03-11,SKU-001,DC-06,99,99,1880,0,0,0
2023-03-12,SKU-001,DC-06,73,73,1807,0,0,0
2023-03-13,SKU-001,DC-06,211,211,1596,0,0,0
2023-03-14,SKU-001,DC-06,277,277,1319,0,0,0
2023-03-15,SKU-001,DC-06,246,246,1073,0,0,0
2023-03-16,SKU-001,DC-06,54,54,1019,0,0,0
2023-03-17,SKU-001,DC-06,204,204,815,0,0,0
2023-03-18,SKU-001,DC-06,61,61,754,0,0,0
2023-03-19,SKU-001,DC-06,120,120,634,0,0,1864
2023-03-20,SKU-001,DC-06,331,331,303,0,0,0
2023-03-21,SKU-001,DC-06,329,303,0,26,0,0
2023-03-22,SKU-001,DC-06,347,0,0,347,0,0
2023-03-23,SKU-001,DC-06,145,145,1719,0,1864,0
2023-03-24,SKU-001,DC-06,198,198,1521,0,0,0
2023-03-25,SKU-001,DC-06,93,93,1428,0,0,0
2023-03-26,SKU-001,DC-06,119,119,1309,0,0,0
2023-03-27,SKU-001,DC-06,279,279,1030,0,0,0
2023-03-28,SKU-001,DC-06,310,310,720,0,0,0
2023-03-29,SKU-001,DC-06,200,200,520,0,0,0
2023-03-30,SKU-001,DC-06,139,139,381,0,0,0
2023-03-31,SKU-001,DC-06,169,169,212,0,0,0
2023-04-01,SKU-001,DC-06,84,84,128,0,0,0
2023-04-02,SKU-001,DC-06,102,102,26,0,0,2472
2023-04-03,SKU-001,DC-06,104,26,0,78,0,0
2023-04-04,SKU-001,DC-06,216,0,0,216,0,0
2023-04-05,SKU-001,DC-06,109,0,0,109,0,0
2023-04-06,SKU-001,DC-06,134,134,2338,0,2472,0
2023-04-07,SKU-001,DC-06,68,68,2270,0,0,0
2023-04-08,SKU-001,DC-06,77,77,2193,0,0,0
2023-04-09,SKU-001,DC-06,139,139,2054,0,0,0
2023-04-10,SKU-001,DC-06,197,197,1857,0,0,0
2023-04-11,SKU-001,DC-06,122,122,1735,0,0,0
2023-04-12,SKU-001,DC-06,212,212,1523,0,0,0
2023-04-13,SKU-001,DC-06,271,271,1252,0,0,0
2023-04-14,SKU-001,DC-06,327,327,925,0,0,0
2023-04-15,SKU-001,DC-06,329,329,596,0,0,0
2023-04-16,SKU-001,DC-06,146,146,450,0,0,2048
2023-04-17,SKU-001,DC-06,104,104,346,0,0,0
2023-04-18,SKU-001,DC-06,164,164,182,0,0,0
2023-04-19,SKU-001,DC-06,178,178,4,0,0,0
2023-04-20,SKU-001,DC-06,216,216,1836,0,2048,0
2023-04-21,SKU-001,DC-06,226,226,1610,0,0,0
2023-04-22,SKU-001,DC-06,146,146,1464,0,0,0
2023-04-23,SKU-001,DC-06,118,118,1346,0,0,0
2023-04-24,SKU-001,DC-06,169,169,1177,0,0,0
2023-04-25,SKU-001,DC-06,223,223,954,0,0,0
2023-04-26,SKU-001,DC-06,169,169,785,0,0,0
2023-04-27,SKU-001,DC-06,200,200,585,0,0,0
2023-04-28,SKU-001,DC-06,210,210,375,0,0,0
2023-04-29,SKU-001,DC-06,81,81,294,0,0,0
2023-04-30,SKU-001,DC-06,148,148,146,0,0,2352
2023-05-01,SKU-001,DC-06,107,107,39,0,0,0
2023-05-02,SKU-001,DC-06,48,39,0,9,0,0
2023-05-03,SKU-001,DC-06,172,0,0,172,0,0
2023-05-04,SKU-001,DC-06,97,97,2255,0,2352,0
2023-05-05,SKU-001,DC-06,281,281,1974,0,0,0
2023-05-06,SKU-001,DC-06,74,74,1900,0,0,0
2023-05-07,SKU-001,DC-06,68,68,1832,0,0,0
2023-05-08,SKU-001,DC-06,126,126,1706,0,0,0
2023-05-09,SKU-001,DC-06,415,415,1291,0,0,0
2023-05-10,SKU-001,DC-06,144,144,1147,0,0,0
2023-05-11,SKU-001,DC-06,218,218,929,0,0,0
2023-05-12,SKU-001,DC-06,182,182,747,0,0,0
2023-05-13,SKU-001,DC-06,80,80,667,0,0,0
2023-05-14,SKU-001,DC-06,98,98,569,0,0,1929
2023-05-15,SKU-001,DC-06,245,245,324,0,0,0
2023-05-16,SKU-001,DC-06,158,158,166,0,0,0
2023-05-17,SKU-001,DC-06,203,166,0,37,0,0
2023-05-18,SKU-001,DC-06,77,77,1852,0,1929,0
2023-05-19,SKU-001,DC-06,132,132,1720,0,0,0
2023-05-20,SKU-001,DC-06,123,123,1597,0,0,0
2023-05-21,SKU-001,DC-06,81,81,1516,0,0,0
2023-05-22,SKU-001,DC-06,156,156,1360,0,0,0
2023-05-23,SKU-001,DC-06,206,206,1154,0,0,0
2023-05-24,SKU-001,DC-06,176,176,978,0,0,0
2023-05-25,SKU-001,DC-06,100,100,878,0,0,0
2023-05-26,SKU-001,DC-06,192,192,686,0,0,0
2023-05-27,SKU-001,DC-06,28,28,658,0,0,0
2023-05-28,SKU-001,DC-06,190,190,468,0,0,2030
2023-05-29,SKU-001,DC-06,206,206,262,0,0,0
2023-05-30,SKU-001,DC-06,419,262,0,157,0,0
2023-05-31,SKU-001,DC-06,99,0,0,99,0,0
2023-06-01,SKU-001,DC-06,110,110,1920,0,2030,0
2023-06-02,SKU-001,DC-06,174,174,1746,0,0,0
2023-06-03,SKU-001,DC-06,131,131,1615,0,0,0
2023-06-04,SKU-001,DC-06,162,162,1453,0,0,0
2023-06-05,SKU-001,DC-06,219,219,1234,0,0,0
2023-06-06,SKU-001,DC-06,387,387,847,0,0,0
2023-06-07,SKU-001,DC-06,375,375,472,0,0,0
2023-06-08,SKU-001,DC-06,99,99,373,0,0,0
2023-06-09,SKU-001,DC-06,144,144,229,0,0,0
2023-06-10,SKU-001,DC-06,141,141,88,0,0,0
2023-06-11,SKU-001,DC-06,179,88,0,91,0,2498
2023-06-12,SKU-001,DC-06,218,0,0,218,0,0
2023-06-13,SKU-001,DC-06,264,0,0,264,0,0
2023-06-14,SKU-001,DC-06,167,0,0,167,0,0
2023-06-15,SKU-001,DC-06,79,79,2419,0,2498,0
2023-06-16,SKU-001,DC-06,343,343,2076,0,0,0
2023-06-17,SKU-001,DC-06,97,97,1979,0,0,0
2023-06-18,SKU-001,DC-06,64,64,1915,0,0,0
2023-06-19,SKU-001,DC-06,185,185,1730,0,0,0
2023-06-20,SKU-001,DC-06,222,222,1508,0,0,0
2023-06-21,SKU-001,DC-06,117,117,1391,0,0,0
2023-06-22,SKU-001,DC-06,173,173,1218,0,0,0
2023-06-23,SKU-001,DC-06,128,128,1090,0,0,0
2023-06-24,SKU-001,DC-06,99,99,991,0,0,0
2023-06-25,SKU-001,DC-06,67,67,924,0,0,1574
2023-06-26,SKU-001,DC-06,231,231,693,0,0,0
2023-06-27,SKU-001,DC-06,111,111,582,0,0,0
2023-06-28,SKU-001,DC-06,222,222,360,0,0,0
2023-06-29,SKU-001,DC-06,218,218,1716,0,1574,0
2023-06-30,SKU-001,DC-06,153,153,1563,0,0,0
2023-07-01,SKU-001,DC-06,120,120,1443,0,0,0
2023-07-02,SKU-001,DC-06,138,138,1305,0,0,0
2023-07-03,SKU-001,DC-06,160,160,1145,0,0,0
2023-07-04,SKU-001,DC-06,103,103,1042,0,0,0
2023-07-05,SKU-001,DC-06,102,102,940,0,0,0
2023-07-06,SKU-001,DC-06,184,184,756,0,0,0
2023-07-07,SKU-001,DC-06,61,61,695,0,0,0
2023-07-08,SKU-001,DC-06,95,95,600,0,0,0
2023-07-09,SKU-001,DC-06,103,103,497,0,0,2001
2023-07-10,SKU-001,DC-06,141,141,356,0,0,0
2023-07-11,SKU-001,DC-06,185,185,171,0,0,0
2023-07-12,SKU-001,DC-06,104,104,67,0,0,0
2023-07-13,SKU-001,DC-06,112,112,1956,0,2001,0
2023-07-14,SKU-001,DC-06,190,190,1766,0,0,0
2023-07-15,SKU-001,DC-06,76,76,1690,0,0,0
2023-07-16,SKU-001,DC-06,43,43,1647,0,0,0
2023-07-17,SKU-001,DC-06,155,155,1492,0,0,0
2023-07-18,SKU-001,DC-06,212,212,1280,0,0,0
2023-07-19,SKU-001,DC-06,71,71,1209,0,0,0
2023-07-20,SKU-001,DC-06,136,136,1073,0,0,0
2023-07-21,SKU-001,DC-06,249,249,824,0,0,0
2023-07-22,SKU-001,DC-06,189,189,635,0,0,0
2023-07-23,SKU-001,DC-06,119,119,516,0,0,1982
2023-07-24,SKU-001,DC-06,110,110,406,0,0,0
2023-07-25,SKU-001,DC-06,177,177,229,0,0,0
2023-07-26,SKU-001,DC-06,152,152,77,0,0,0
2023-07-27,SKU-001,DC-06,202,202,1857,0,1982,0
2023-07-28,SKU-001,DC-06,206,206,1651,0,0,0
2023-07-29,SKU-001,DC-06,94,94,1557,0,0,0
2023-07-30,SKU-001,DC-06,96,96,1461,0,0,0
2023-07-31,SKU-001,DC-06,188,188,1273,0,0,0
2023-08-01,SKU-001,DC-06,100,100,1173,0,0,0
2023-08-02,SKU-001,DC-06,151,151,1022,0,0,0
2023-08-03,SKU-001,DC-06,194,194,828,0,0,0
2023-08-04,SKU-001,DC-06,133,133,695,0,0,0
2023-08-05,SKU-001,DC-06,63,63,632,0,0,0
2023-08-06,SKU-001,DC-06,38,38,594,0,0,1904
2023-08-07,SKU-001,DC-06,64,64,530,0,0,0
2023-08-08,SKU-001,DC-06,258,258,272,0,0,0
2023-08-09,SKU-001,DC-06,163,163,109,0,0,0
2023-08-10,SKU-001,DC-06,101,101,1912,0,1904,0
2023-08-11,SKU-001,DC-06,335,335,1577,0,0,0
2023-08-12,SKU-001,DC-06,155,155,1422,0,0,0
2023-08-13,SKU-001,DC-06,154,154,1268,0,0,0
2023-08-14,SKU-001,DC-06,100,100,1168,0,0,0
2023-08-15,SKU-001,DC-06,182,182,986,0,0,0
2023-08-16,SKU-001,DC-06,149,149,837,0,0,0
2023-08-17,SKU-001,DC-06,99,99,738,0,0,0
2023-08-18,SKU-001,DC-06,189,189,549,0,0,0
2023-08-19,SKU-001,DC-06,164,164,385,0,0,0
2023-08-20,SKU-001,DC-06,108,108,277,0,0,2221
2023-08-21,SKU-001,DC-06,149,149,128,0,0,0
2023-08-22,SKU-001,DC-06,118,118,10,0,0,0
2023-08-23,SKU-001,DC-06,170,10,0,160,0,0
2023-08-24,SKU-001,DC-06,256,256,1965,0,2221,0
2023-08-25,SKU-001,DC-06,107,107,1858,0,0,0
2023-08-26,SKU-001,DC-06,113,113,1745,0,0,0
2023-08-27,SKU-001,DC-06,69,69,1676,0,0,0
2023-08-28,SKU-001,DC-06,71,71,1605,0,0,0
2023-08-29,SKU-001,DC-06,136,136,1469,0,0,0
2023-08-30,SKU-001,DC-06,75,75,1394,0,0,0
2023-08-31,SKU-001,DC-06,428,428,966,0,0,0
2023-09-01,SKU-001,DC-06,87,87,879,0,0,0
2023-09-02,SKU-001,DC-06,91,91,788,0,0,0
2023-09-03,SKU-001,DC-06,30,30,758,0,0,1740
2023-09-04,SKU-001,DC-06,145,145,613,0,0,0
2023-09-05,SKU-001,DC-06,201,201,412,0,0,0
2023-09-06,SKU-001,DC-06,136,136,276,0,0,0
2023-09-07,SKU-001,DC-06,60,60,1956,0,1740,0
2023-09-08,SKU-001,DC-06,161,161,1795,0,0,0
2023-09-09,SKU-001,DC-06,159,159,1636,0,0,0
2023-09-10,SKU-001,DC-06,106,106,1530,0,0,0
2023-09-11,SKU-001,DC-06,96,96,1434,0,0,0
2023-09-12,SKU-001,DC-06,194,194,1240,0,0,0
2023-09-13,SKU-001,DC-06,85,85,1155,0,0,0
2023-09-14,SKU-001,DC-06,266,266,889,0,0,0
2023-09-15,SKU-001,DC-06,139,139,750,0,0,0
2023-09-16,SKU-001,DC-06,152,152,598,0,0,0
2023-09-17,SKU-001,DC-06,97,97,501,0,0,1997
2023-09-18,SKU-001,DC-06,230,230,271,0,0,0
2023-09-19,SKU-001,DC-06,125,125,146,0,0,0
2023-09-20,SKU-001,DC-06,365,146,0,219,0,0
2023-09-21,SKU-001,DC-06,199,199,1798,0,1997,0
2023-09-22,SKU-001,DC-06,166,166,1632,0,0,0
2023-09-23,SKU-001,DC-06,95,95,1537,0,0,0
2023-09-24,SKU-001,DC-06,143,143,1394,0,0,0
2023-09-25,SKU-001,DC-06,148,148,1246,0,0,0
2023-09-26,SKU-001,DC-06,129,129,1117,0,0,0
2023-09-27,SKU-001,DC-06,364,364,753,0,0,0
2023-09-28,SKU-001,DC-06,48,48,705,0,0,0
2023-09-29,SKU-001,DC-06,160,160,545,0,0,0
2023-09-30,SKU-001,DC-06,73,73,472,0,0,0
2023-10-01,SKU-001,DC-06,97,97,375,0,0,2123
2023-10-02,SKU-001,DC-06,188,188,187,0,0,0
2023-10-03,SKU-001,DC-06,203,187,0,16,0,0
2023-10-04,SKU-001,DC-06,126,0,0,126,0,0
2023-10-05,SKU-001,DC-06,96,96,2027,0,2123,0
2023-10-06,SKU-001,DC-06,211,211,1816,0,0,0
2023-10-07,SKU-001,DC-06,114,114,1702,0,0,0
2023-10-08,SKU-001,DC-06,180,180,1522,0,0,0
2023-10-09,SKU-001,DC-06,381,381,1141,0,0,0
2023-10-10,SKU-001,DC-06,288,288,853,0,0,0
2023-10-11,SKU-001,DC-06,275,275,578,0,0,0
2023-10-12,SKU-001,DC-06,219,219,359,0,0,0
2023-10-13,SKU-001,DC-06,48,48,311,0,0,0
2023-10-14,SKU-001,DC-06,158,158,153,0,0,0
2023-10-15,SKU-001,DC-06,175,153,0,22,0,2498
2023-10-16,SKU-001,DC-06,183,0,0,183,0,0
2023-10-17,SKU-001,DC-06,296,0,0,296,0,0
2023-10-18,SKU-001,DC-06,355,0,0,355,0,0
2023-10-19,SKU-001,DC-06,151,151,2347,0,2498,0
2023-10-20,SKU-001,DC-06,324,324,2023,0,0,0
2023-10-21,SKU-001,DC-06,155,155,1868,0,0,0
2023-10-22,SKU-001,DC-06,67,67,1801,0,0,0
2023-10-23,SKU-001,DC-06,263,263,1538,0,0,0
2023-10-24,SKU-001,DC-06,343,343,1195,0,0,0
2023-10-25,SKU-001,DC-06,446,446,749,0,0,0
2023-10-26,SKU-001,DC-06,380,380,369,0,0,0
2023-10-27,SKU-001,DC-06,255,255,114,0,0,0
2023-10-28,SKU-001,DC-06,101,101,13,0,0,0
2023-10-29,SKU-001,DC-06,79,13,0,66,0,2498
2023-10-30,SKU-001,DC-06,218,0,0,218,0,0
2023-10-31,SKU-001,DC-06,363,0,0,363,0,0
2023-11-01,SKU-001,DC-06,312,0,0,312,0,0
2023-11-02,SKU-001,DC-06,191,191,2307,0,2498,0
2023-11-03,SKU-001,DC-06,259,259,2048,0,0,0
2023-11-04,SKU-001,DC-06,108,108,1940,0,0,0
2023-11-05,SKU-001,DC-06,165,165,1775,0,0,0
2023-11-06,SKU-001,DC-06,139,139,1636,0,0,0
2023-11-07,SKU-001,DC-06,492,492,1144,0,0,0
2023-11-08,SKU-001,DC-06,204,204,940,0,0,0
2023-11-09,SKU-001,DC-06,177,177,763,0,0,0
2023-11-10,SKU-001,DC-06,246,246,517,0,0,0
2023-11-11,SKU-001,DC-06,276,276,241,0,0,0
2023-11-12,SKU-001,DC-06,183,183,58,0,0,2440
2023-11-13,SKU-001,DC-06,327,58,0,269,0,0
2023-11-14,SKU-001,DC-06,276,0,0,276,0,0
2023-11-15,SKU-001,DC-06,315,0,0,315,0,0
2023-11-16,SKU-001,DC-06,274,274,2166,0,2440,0
2023-11-17,SKU-001,DC-06,340,340,1826,0,0,0
2023-11-18,SKU-001,DC-06,172,172,1654,0,0,0
2023-11-19,SKU-001,DC-06,98,98,1556,0,0,0
2023-11-20,SKU-001,DC-06,148,148,1408,0,0,0
2023-11-21,SKU-001,DC-06,291,291,1117,0,0,0
2023-11-22,SKU-001,DC-06,67,67,1050,0,0,0
2023-11-23,SKU-001,DC-06,167,167,883,0,0,0
2023-11-24,SKU-001,DC-06,323,323,560,0,0,0
2023-11-25,SKU-001,DC-06,148,148,412,0,0,0
2023-11-26,SKU-001,DC-06,136,136,276,0,0,2222
2023-11-27,SKU-001,DC-06,116,116,160,0,0,0
2023-11-28,SKU-001,DC-06,186,160,0,26,0,0
2023-11-29,SKU-001,DC-06,357,0,0,357,0,0
2023-11-30,SKU-001,DC-06,117,117,2105,0,2222,0
2023-12-01,SKU-001,DC-06,158,158,1947,0,0,0
2023-12-02,SKU-001,DC-06,114,114,1833,0,0,0
2023-12-03,SKU-001,DC-06,196,196,1637,0,0,0
2023-12-04,SKU-001,DC-06,171,171,1466,0,0,0
2023-12-05,SKU-001,DC-06,192,192,1274,0,0,0
2023-12-06,SKU-001,DC-06,93,93,1181,0,0,0
2023-12-07,SKU-001,DC-06,216,216,965,0,0,0
2023-12-08,SKU-001,DC-06,213,213,752,0,0,0
2023-12-09,SKU-001,DC-06,254,254,498,0,0,0
2023-12-10,SKU-001,DC-06,80,80,418,0,0,2080
2023-12-11,SKU-001,DC-06,303,303,115,0,0,0
2023-12-12,SKU-001,DC-06,113,113,2,0,0,0
2023-12-13,SKU-001,DC-06,222,2,0,220,0,0
2023-12-14,SKU-001,DC-06,235,235,1845,0,2080,0
2023-12-15,SKU-001,DC-06,243,243,1602,0,0,0
2023-12-16,SKU-001,DC-06,170,170,1432,0,0,0
2023-12-17,SKU-001,DC-06,258,258,1174,0,0,0
2023-12-18,SKU-001,DC-06,170,170,1004,0,0,0
2023-12-19,SKU-001,DC-06,327,327,677,0,0,0
2023-12-20,SKU-001,DC-06,327,327,350,0,0,0
2023-12-21,SKU-001,DC-06,385,350,0,35,0,0
2023-12-22,SKU-001,DC-06,212,0,0,212,0,0
2023-12-23,SKU-001,DC-06,198,0,0,198,0,0
2023-12-24,SKU-001,DC-06,130,0,0,130,0,2498
2023-12-25,SKU-001,DC-06,453,0,0,453,0,0
2023-12-26,SKU-001,DC-06,206,0,0,206,0,0
2023-12-27,SKU-001,DC-06,267,0,0,267,0,0
2023-12-28,SKU-001,DC-06,342,342,2156,0,2498,0
2023-12-29,SKU-001,DC-06,265,265,1891,0,0,0
2023-12-30,SKU-001,DC-06,114,114,1777,0,0,0
2023-12-31,SKU-001,DC-06,163,163,1614,0,0,0
2024-01-01,SKU-001,DC-06,449,449,1165,0,0,0
2024-01-02,SKU-001,DC-06,348,348,817,0,0,0
2024-01-03,SKU-001,DC-06,151,151,666,0,0,0
2024-01-04,SKU-001,DC-06,360,360,306,0,0,0
2024-01-05,SKU-001,DC-06,322,306,0,16,0,0
2024-01-06,SKU-001,DC-06,180,0,0,180,0,0
2024-01-07,SKU-001,DC-06,96,0,0,96,0,2498
2024-01-08,SKU-001,DC-06,399,0,0,399,0,0
2024-01-09,SKU-001,DC-06,333,0,0,333,0,0
2024-01-10,SKU-001,DC-06,241,0,0,241,0,0
2024-01-11,SKU-001,DC-06,453,453,2045,0,2498,0
2024-01-12,SKU-001,DC-06,297,297,1748,0,0,0
2024-01-13,SKU-001,DC-06,54,54,1694,0,0,0
2024-01-14,SKU-001,DC-06,79,79,1615,0,0,0
2024-01-15,SKU-001,DC-06,208,208,1407,0,0,0
2024-01-16,SKU-001,DC-06,267,267,1140,0,0,0
2024-01-17,SKU-001,DC-06,272,272,868,0,0,0
2024-01-18,SKU-001,DC-06,278,278,590,0,0,0
2024-01-19,SKU-001,DC-06,103,103,487,0,0,0
2024-01-20,SKU-001,DC-06,123,123,364,0,0,0
2024-01-21,SKU-001,DC-06,323,323,41,0,0,2457
2024-01-22,SKU-001,DC-06,204,41,0,163,0,0
2024-01-23,SKU-001,DC-06,180,0,0,180,0,0
2024-01-24,SKU-001,DC-06,229,0,0,229,0,0
2024-01-25,SKU-001,DC-06,291,291,2166,0,2457,0
2024-01-26,SKU-001,DC-06,260,260,1906,0,0,0
2024-01-27,SKU-001,DC-06,268,268,1638,0,0,0
2024-01-28,SKU-001,DC-06,150,150,1488,0,0,0
2024-01-29,SKU-001,DC-06,358,358,1130,0,0,0
2024-01-30,SKU-001,DC-06,197,197,933,0,0,0
2024-01-31,SKU-001,DC-06,368,368,565,0,0,0
2024-02-01,SKU-001,DC-06,271,271,294,0,0,0
2024-02-02,SKU-001,DC-06,333,294,0,39,0,0
2024-02-03,SKU-001,DC-06,41,0,0,41,0,0
2024-02-04,SKU-001,DC-06,197,0,0,197,0,2498
2024-02-05,SKU-001,DC-06,294,0,0,294,0,0
2024-02-06,SKU-001,DC-06,278,0,0,278,0,0
2024-02-07,SKU-001,DC-06,333,0,0,333,0,0
2024-02-08,SKU-001,DC-06,233,233,2265,0,2498,0
2024-02-09,SKU-001,DC-06,244,244,2021,0,0,0
2024-02-10,SKU-001,DC-06,83,83,1938,0,0,0
2024-02-11,SKU-001,DC-06,193,193,1745,0,0,0
2024-02-12,SKU-001,DC-06,287,287,1458,0,0,0
2024-02-13,SKU-001,DC-06,101,101,1357,0,0,0
2024-02-14,SKU-001,DC-06,542,542,815,0,0,0
2024-02-15,SKU-001,DC-06,271,271,544,0,0,0
2024-02-16,SKU-001,DC-06,313,313,231,0,0,0
2024-02-17,SKU-001,DC-06,197,197,34,0,0,0
2024-02-18,SKU-001,DC-06,249,34,0,215,0,2498
2024-02-19,SKU-001,DC-06,202,0,0,202,0,0
2024-02-20,SKU-001,DC-06,120,0,0,120,0,0
2024-02-21,SKU-001,DC-06,135,0,0,135,0,0
2024-02-22,SKU-001,DC-06,425,425,2073,0,2498,0
2024-02-23,SKU-001,DC-06,454,454,1619,0,0,0
2024-02-24,SKU-001,DC-06,111,111,1508,0,0,0
2024-02-25,SKU-001,DC-06,131,131,1377,0,0,0
2024-02-26,SKU-001,DC-06,313,313,1064,0,0,0
2024-02-27,SKU-001,DC-06,181,181,883,0,0,0
2024-02-28,SKU-001,DC-06,464,464,419,0,0,0
2024-02-29,SKU-001,DC-06,217,217,202,0,0,0
2024-03-01,SKU-001,DC-06,172,172,30,0,0,0
2024-03-02,SKU-001,DC-06,115,30,0,85,0,0
2024-03-03,SKU-001,DC-06,118,0,0,118,0,2498
2024-03-04,SKU-001,DC-06,314,0,0,314,0,0
2024-03-05,SKU-001,DC-06,148,0,0,148,0,0
2024-03-06,SKU-001,DC-06,293,0,0,293,0,0
2024-03-07,SKU-001,DC-06,146,146,2352,0,2498,0
2024-03-08,SKU-001,DC-06,299,299,2053,0,0,0
2024-03-09,SKU-001,DC-06,81,81,1972,0,0,0
2024-03-10,SKU-001,DC-06,126,126,1846,0,0,0
2024-03-11,SKU-001,DC-06,383,383,1463,0,0,0
2024-03-12,SKU-001,DC-06,469,469,994,0,0,0
2024-03-13,SKU-001,DC-06,318,318,676,0,0,0
2024-03-14,SKU-001,DC-06,197,197,479,0,0,0
2024-03-15,SKU-001,DC-06,256,256,223,0,0,0
2024-03-16,SKU-001,DC-06,136,136,87,0,0,0
2024-03-17,SKU-001,DC-06,193,87,0,106,0,2498
2024-03-18,SKU-001,DC-06,308,0,0,308,0,0
2024-03-19,SKU-001,DC-06,466,0,0,466,0,0
2024-03-20,SKU-001,DC-06,237,0,0,237,0,0
2024-03-21,SKU-001,DC-06,193,193,2305,0,2498,0
2024-03-22,SKU-001,DC-06,312,312,1993,0,0,0
2024-03-23,SKU-001,DC-06,114,114,1879,0,0,0
2024-03-24,SKU-001,DC-06,118,118,1761,0,0,0
2024-03-25,SKU-001,DC-06,231,231,1530,0,0,0
2024-03-26,SKU-001,DC-06,291,291,1239,0,0,0
2024-03-27,SKU-001,DC-06,232,232,1007,0,0,0
2024-03-28,SKU-001,DC-06,218,218,789,0,0,0
2024-03-29,SKU-001,DC-06,226,226,563,0,0,0
2024-03-30,SKU-001,DC-06,181,181,382,0,0,0
2024-03-31,SKU-001,DC-06,73,73,309,0,0,2189
2024-04-01,SKU-001,DC-06,264,264,45,0,0,0
2024-04-02,SKU-001,DC-06,283,45,0,238,0,0
2024-04-03,SKU-001,DC-06,228,0,0,228,0,0
2024-04-04,SKU-001,DC-06,188,188,2001,0,2189,0
2024-04-05,SKU-001,DC-06,103,103,1898,0,0,0
2024-04-06,SKU-001,DC-06,155,155,1743,0,0,0
2024-04-07,SKU-001,DC-06,83,83,1660,0,0,0
2024-04-08,SKU-001,DC-06,229,229,1431,0,0,0
2024-04-09,SKU-001,DC-06,110,110,1321,0,0,0
2024-04-10,SKU-001,DC-06,211,211,1110,0,0,0
2024-04-11,SKU-001,DC-06,157,157,953,0,0,0
2024-04-12,SKU-001,DC-06,243,243,710,0,0,0
2024-04-13,SKU-001,DC-06,81,81,629,0,0,0
2024-04-14,SKU-001,DC-06,102,102,527,0,0,1971
2024-04-15,SKU-001,DC-06,195,195,332,0,0,0
2024-04-16,SKU-001,DC-06,447,332,0,115,0,0
2024-04-17,SKU-001,DC-06,207,0,0,207,0,0
2024-04-18,SKU-001,DC-06,223,223,1748,0,1971,0
2024-04-19,SKU-001,DC-06,85,85,1663,0,0,0
2024-04-20,SKU-001,DC-06,166,166,1497,0,0,0
2024-04-21,SKU-001,DC-06,62,62,1435,0,0,0
2024-04-22,SKU-001,DC-06,141,141,1294,0,0,0
2024-04-23,SKU-001,DC-06,239,239,1055,0,0,0
2024-04-24,SKU-001,DC-06,71,71,984,0,0,0
2024-04-25,SKU-001,DC-06,174,174,810,0,0,0
2024-04-26,SKU-001,DC-06,196,196,614,0,0,0
2024-04-27,SKU-001,DC-06,133,133,481,0,0,0
2024-04-28,SKU-001,DC-06,84,84,397,0,0,2101
2024-04-29,SKU-001,DC-06,186,186,211,0,0,0
2024-04-30,SKU-001,DC-06,273,211,0,62,0,0
2024-05-01,SKU-001,DC-06,311,0,0,311,0,0
2024-05-02,SKU-001,DC-06,146,146,1955,0,2101,0
2024-05-03,SKU-001,DC-06,243,243,1712,0,0,0
2024-05-04,SKU-001,DC-06,85,85,1627,0,0,0
2024-05-05,SKU-001,DC-06,137,137,1490,0,0,0
2024-05-06,SKU-001,DC-06,185,185,1305,0,0,0
2024-05-07,SKU-001,DC-06,168,168,1137,0,0,0
2024-05-08,SKU-001,DC-06,288,288,849,0,0,0
2024-05-09,SKU-001,DC-06,209,209,640,0,0,0
2024-05-10,SKU-001,DC-06,116,116,524,0,0,0
2024-05-11,SKU-001,DC-06,67,67,457,0,0,0
2024-05-12,SKU-001,DC-06,163,163,294,0,0,2204
2024-05-13,SKU-001,DC-06,392,294,0,98,0,0
2024-05-14,SKU-001,DC-06,166,0,0,166,0,0
2024-05-15,SKU-001,DC-06,108,0,0,108,0,0
2024-05-16,SKU-001,DC-06,164,164,2040,0,2204,0
2024-05-17,SKU-001,DC-06,160,160,1880,0,0,0
2024-05-18,SKU-001,DC-06,179,179,1701,0,0,0
2024-05-19,SKU-001,DC-06,50,50,1651,0,0,0
2024-05-20,SKU-001,DC-06,84,84,1567,0,0,0
2024-05-21,SKU-001,DC-06,197,197,1370,0,0,0
2024-05-22,SKU-001,DC-06,134,134,1236,0,0,0
2024-05-23,SKU-001,DC-06,68,68,1168,0,0,0
2024-05-24,SKU-001,DC-06,131,131,1037,0,0,0
2024-05-25,SKU-001,DC-06,95,95,942,0,0,0
2024-05-26,SKU-001,DC-06,97,97,845,0,0,1653
2024-05-27,SKU-001,DC-06,140,140,705,0,0,0
2024-05-28,SKU-001,DC-06,137,137,568,0,0,0
2024-05-29,SKU-001,DC-06,152,152,416,0,0,0
2024-05-30,SKU-001,DC-06,305,305,1764,0,1653,0
2024-05-31,SKU-001,DC-06,187,187,1577,0,0,0
2024-06-01,SKU-001,DC-06,112,112,1465,0,0,0
2024-06-02,SKU-001,DC-06,126,126,1339,0,0,0
2024-06-03,SKU-001,DC-06,175,175,1164,0,0,0
2024-06-04,SKU-001,DC-06,122,122,1042,0,0,0
2024-06-05,SKU-001,DC-06,208,208,834,0,0,0
2024-06-06,SKU-001,DC-06,122,122,712,0,0,0
2024-06-07,SKU-001,DC-06,194,194,518,0,0,0
2024-06-08,SKU-001,DC-06,90,90,428,0,0,0
2024-06-09,SKU-001,DC-06,60,60,368,0,0,2130
2024-06-10,SKU-001,DC-06,195,195,173,0,0,0
2024-06-11,SKU-001,DC-06,82,82,91,0,0,0
2024-06-12,SKU-001,DC-06,192,91,0,101,0,0
2024-06-13,SKU-001,DC-06,151,151,1979,0,2130,0
2024-06-14,SKU-001,DC-06,166,166,1813,0,0,0
2024-06-15,SKU-001,DC-06,117,117,1696,0,0,0
2024-06-16,SKU-001,DC-06,102,102,1594,0,0,0
2024-06-17,SKU-001,DC-06,97,97,1497,0,0,0
2024-06-18,SKU-001,DC-06,290,290,1207,0,0,0
2024-06-19,SKU-001,DC-06,162,162,1045,0,0,0
2024-06-20,SKU-001,DC-06,154,154,891,0,0,0
2024-06-21,SKU-001,DC-06,187,187,704,0,0,0
2024-06-22,SKU-001,DC-06,109,109,595,0,0,0
2024-06-23,SKU-001,DC-06,89,89,506,0,0,1992
2024-06-24,SKU-001,DC-06,138,138,368,0,0,0
2024-06-25,SKU-001,DC-06,186,186,182,0,0,0
2024-06-26,SKU-001,DC-06,67,67,115,0,0,0
2024-06-27,SKU-001,DC-06,201,201,1906,0,1992,0
2024-06-28,SKU-001,DC-06,100,100,1806,0,0,0
2024-06-29,SKU-001,DC-06,73,73,1733,0,0,0
2024-06-30,SKU-001,DC-06,98,98,1635,0,0,0
2024-07-01,SKU-001,DC-06,127,127,1508,0,0,0
2024-07-02,SKU-001,DC-06,176,176,1332,0,0,0
2024-07-03,SKU-001,DC-06,205,205,1127,0,0,0
2024-07-04,SKU-001,DC-06,206,206,921,0,0,0
2024-07-05,SKU-001,DC-06,114,114,807,0,0,0
2024-07-06,SKU-001,DC-06,59,59,748,0,0,0
2024-07-07,SKU-001,DC-06,38,38,710,0,0,1788
2024-07-08,SKU-001,DC-06,39,39,671,0,0,0
2024-07-09,SKU-001,DC-06,98,98,573,0,0,0
2024-07-10,SKU-001,DC-06,114,114,459,0,0,0
2024-07-11,SKU-001,DC-06,272,272,1975,0,1788,0
2024-07-12,SKU-001,DC-06,181,181,1794,0,0,0
2024-07-13,SKU-001,DC-06,149,149,1645,0,0,0
2024-07-14,SKU-001,DC-06,127,127,1518,0,0,0
2024-07-15,SKU-001,DC-06,140,140,1378,0,0,0
2024-07-16,SKU-001,DC-06,311,311,1067,0,0,0
2024-07-17,SKU-001,DC-06,165,165,902,0,0,0
2024-07-18,SKU-001,DC-06,237,237,665,0,0,0
2024-07-19,SKU-001,DC-06,103,103,562,0,0,0
2024-07-20,SKU-001,DC-06,59,59,503,0,0,0
2024-07-21,SKU-001,DC-06,54,54,449,0,0,2049
2024-07-22,SKU-001,DC-06,202,202,247,0,0,0
2024-07-23,SKU-001,DC-06,203,203,44,0,0,0
2024-07-24,SKU-001,DC-06,466,44,0,422,0,0
2024-07-25,SKU-001,DC-06,123,123,1926,0,2049,0
2024-07-26,SKU-001,DC-06,121,121,1805,0,0,0
2024-07-27,SKU-001,DC-06,40,40,1765,0,0,0
2024-07-28,SKU-001,DC-06,191,191,1574,0,0,0
2024-07-29,SKU-001,DC-06,174,174,1400,0,0,0
2024-07-30,SKU-001,DC-06,288,288,1112,0,0,0
2024-07-31,SKU-001,DC-06,253,253,859,0,0,0
2024-08-01,SKU-001,DC-06,153,153,706,0,0,0
2024-08-02,SKU-001,DC-06,219,219,487,0,0,0
2024-08-03,SKU-001,DC-06,119,119,368,0,0,0
2024-08-04,SKU-001,DC-06,53,53,315,0,0,2183
2024-08-05,SKU-001,DC-06,203,203,112,0,0,0
2024-08-06,SKU-001,DC-06,183,112,0,71,0,0
2024-08-07,SKU-001,DC-06,181,0,0,181,0,0
2024-08-08,SKU-001,DC-06,168,168,2015,0,2183,0
2024-08-09,SKU-001,DC-06,198,198,1817,0,0,0
2024-08-10,SKU-001,DC-06,73,73,1744,0,0,0
2024-08-11,SKU-001,DC-06,95,95,1649,0,0,0
2024-08-12,SKU-001,DC-06,67,67,1582,0,0,0
2024-08-13,SKU-001,DC-06,170,170,1412,0,0,0
2024-08-14,SKU-001,DC-06,232,232,1180,0,0,0
2024-08-15,SKU-001,DC-06,317,317,863,0,0,0
2024-08-16,SKU-001,DC-06,92,92,771,0,0,0
2024-08-17,SKU-001,DC-06,99,99,672,0,0,0
2024-08-18,SKU-001,DC-06,63,63,609,0,0,1889
2024-08-19,SKU-001,DC-06,214,214,395,0,0,0
2024-08-20,SKU-001,DC-06,338,338,57,0,0,0
2024-08-21,SKU-001,DC-06,292,57,0,235,0,0
2024-08-22,SKU-001,DC-06,378,378,1511,0,1889,0
2024-08-23,SKU-001,DC-06,154,154,1357,0,0,0
2024-08-24,SKU-001,DC-06,162,162,1195,0,0,0
2024-08-25,SKU-001,DC-06,105,105,1090,0,0,1408
2024-08-26,SKU-001,DC-06,218,218,872,0,0,0
2024-08-27,SKU-001,DC-06,128,128,744,0,0,0
2024-08-28,SKU-001,DC-06,193,193,551,0,0,0
2024-08-29,SKU-001,DC-06,185,185,1774,0,1408,0
2024-08-30,SKU-001,DC-06,307,307,1467,0,0,0
2024-08-31,SKU-001,DC-06,143,143,1324,0,0,0
2024-09-01,SKU-001,DC-06,188,188,1136,0,0,0
2024-09-02,SKU-001,DC-06,157,157,979,0,0,0
2024-09-03,SKU-001,DC-06,77,77,902,0,0,0
2024-09-04,SKU-001,DC-06,57,57,845,0,0,0
2024-09-05,SKU-001,DC-06,242,242,603,0,0,0
2024-09-06,SKU-001,DC-06,274,274,329,0,0,0
2024-09-07,SKU-001,DC-06,131,131,198,0,0,0
2024-09-08,SKU-001,DC-06,97,97,101,0,0,2397
2024-09-09,SKU-001,DC-06,231,101,0,130,0,0
2024-09-10,SKU-001,DC-06,137,0,0,137,0,0
2024-09-11,SKU-001,DC-06,92,0,0,92,0,0
2024-09-12,SKU-001,DC-06,289,289,2108,0,2397,0
2024-09-13,SKU-001,DC-06,136,136,1972,0,0,0
2024-09-14,SKU-001,DC-06,137,137,1835,0,0,0
2024-09-15,SKU-001,DC-06,44,44,1791,0,0,0
2024-09-16,SKU-001,DC-06,207,207,1584,0,0,0
2024-09-17,SKU-001,DC-06,167,167,1417,0,0,0
2024-09-18,SKU-001,DC-06,152,152,1265,0,0,0
2024-09-19,SKU-001,DC-06,178,178,1087,0,0,0
2024-09-20,SKU-001,DC-06,220,220,867,0,0,0
2024-09-21,SKU-001,DC-06,155,155,712,0,0,0
2024-09-22,SKU-001,DC-06,48,48,664,0,0,1834
2024-09-23,SKU-001,DC-06,95,95,569,0,0,0
2024-09-24,SKU-001,DC-06,214,214,355,0,0,0
2024-09-25,SKU-001,DC-06,146,146,209,0,0,0
2024-09-26,SKU-001,DC-06,236,236,1807,0,1834,0
2024-09-27,SKU-001,DC-06,185,185,1622,0,0,0
2024-09-28,SKU-001,DC-06,76,76,1546,0,0,0
2024-09-29,SKU-001,DC-06,101,101,1445,0,0,0
2024-09-30,SKU-001,DC-06,104,104,1341,0,0,0
2024-10-01,SKU-001,DC-06,149,149,1192,0,0,0
2024-10-02,SKU-001,DC-06,336,336,856,0,0,0
2024-10-03,SKU-001,DC-06,136,136,720,0,0,0
2024-10-04,SKU-001,DC-06,184,184,536,0,0,0
2024-10-05,SKU-001,DC-06,102,102,434,0,0,0
2024-10-06,SKU-001,DC-06,116,116,318,0,0,2180
2024-10-07,SKU-001,DC-06,343,318,0,25,0,0
2024-10-08,SKU-001,DC-06,304,0,0,304,0,0
2024-10-09,SKU-001,DC-06,384,0,0,384,0,0
2024-10-10,SKU-001,DC-06,274,274,1906,0,2180,0
2024-10-11,SKU-001,DC-06,209,209,1697,0,0,0
2024-10-12,SKU-001,DC-06,199,199,1498,0,0,0
2024-10-13,SKU-001,DC-06,311,311,1187,0,0,0
2024-10-14,SKU-001,DC-06,165,165,1022,0,0,0
2024-10-15,SKU-001,DC-06,135,135,887,0,0,0
2024-10-16,SKU-001,DC-06,258,258,629,0,0,0
2024-10-17,SKU-001,DC-06,184,184,445,0,0,0
2024-10-18,SKU-001,DC-06,341,341,104,0,0,0
2024-10-19,SKU-001,DC-06,86,86,18,0,0,0
2024-10-20,SKU-001,DC-06,120,18,0,102,0,2498
2024-10-21,SKU-001,DC-06,229,0,0,229,0,0
2024-10-22,SKU-001,DC-06,211,0,0,211,0,0
2024-10-23,SKU-001,DC-06,224,0,0,224,0,0
2024-10-24,SKU-001,DC-06,355,355,2143,0,2498,0
2024-10-25,SKU-001,DC-06,300,300,1843,0,0,0
2024-10-26,SKU-001,DC-06,271,271,1572,0,0,0
2024-10-27,SKU-001,DC-06,176,176,1396,0,0,0
2024-10-28,SKU-001,DC-06,199,199,1197,0,0,0
2024-10-29,SKU-001,DC-06,140,140,1057,0,0,0
2024-10-30,SKU-001,DC-06,156,156,901,0,0,0
2024-10-31,SKU-001,DC-06,435,435,466,0,0,0
2024-11-01,SKU-001,DC-06,368,368,98,0,0,0
2024-11-02,SKU-001,DC-06,182,98,0,84,0,0
2024-11-03,SKU-001,DC-06,193,0,0,193,0,2498
2024-11-04,SKU-001,DC-06,272,0,0,272,0,0
2024-11-05,SKU-001,DC-06,203,0,0,203,0,0
2024-11-06,SKU-001,DC-06,312,0,0,312,0,0
2024-11-07,SKU-001,DC-06,309,309,2189,0,2498,0
2024-11-08,SKU-001,DC-06,347,347,1842,0,0,0
2024-11-09,SKU-001,DC-06,132,132,1710,0,0,0
2024-11-10,SKU-001,DC-06,150,150,1560,0,0,0
2024-11-11,SKU-001,DC-06,235,235,1325,0,0,0
2024-11-12,SKU-001,DC-06,422,422,903,0,0,0
2024-11-13,SKU-001,DC-06,365,365,538,0,0,0
2024-11-14,SKU-001,DC-06,393,393,145,0,0,0
2024-11-15,SKU-001,DC-06,151,145,0,6,0,0
2024-11-16,SKU-001,DC-06,240,0,0,240,0,0
2024-11-17,SKU-001,DC-06,223,0,0,223,0,2498
2024-11-18,SKU-001,DC-06,181,0,0,181,0,0
2024-11-19,SKU-001,DC-06,214,0,0,214,0,0
2024-11-20,SKU-001,DC-06,323,0,0,323,0,0
2024-11-21,SKU-001,DC-06,187,187,2311,0,2498,0
2024-11-22,SKU-001,DC-06,436,436,1875,0,0,0
2024-11-23,SKU-001,DC-06,79,79,1796,0,0,0
2024-11-24,SKU-001,DC-06,93,93,1703,0,0,0
2024-11-25,SKU-001,DC-06,194,194,1509,0,0,0
2024-11-26,SKU-001,DC-06,271,271,1238,0,0,0
2024-11-27,SKU-001,DC-06,195,195,1043,0,0,0
2024-11-28,SKU-001,DC-06,151,151,892,0,0,0
2024-11-29,SKU-001,DC-06,165,165,727,0,0,0
2024-11-30,SKU-001,DC-06,163,163,564,0,0,0
2024-12-01,SKU-001,DC-06,105,105,459,0,0,2039
2024-12-02,SKU-001,DC-06,207,207,252,0,0,0
2024-12-03,SKU-001,DC-06,312,252,0,60,0,0
2024-12-04,SKU-001,DC-06,391,0,0,391,0,0
2024-12-05,SKU-001,DC-06,388,388,1651,0,2039,0
2024-12-06,SKU-001,DC-06,529,529,1122,0,0,0
2024-12-07,SKU-001,DC-06,252,252,870,0,0,0
2024-12-08,SKU-001,DC-06,134,134,736,0,0,1762
2024-12-09,SKU-001,DC-06,418,418,318,0,0,0
2024-12-10,SKU-001,DC-06,180,180,138,0,0,0
2024-12-11,SKU-001,DC-06,334,138,0,196,0,0
2024-12-12,SKU-001,DC-06,362,362,1400,0,1762,0
2024-12-13,SKU-001,DC-06,136,136,1264,0,0,0
2024-12-14,SKU-001,DC-06,243,243,1021,0,0,0
2024-12-15,SKU-001,DC-06,91,91,930,0,0,1568
2024-12-16,SKU-001,DC-06,367,367,563,0,0,0
2024-12-17,SKU-001,DC-06,500,500,63,0,0,0
2024-12-18,SKU-001,DC-06,371,63,0,308,0,0
2024-12-19,SKU-001,DC-06,262,262,1306,0,1568,0
2024-12-20,SKU-001,DC-06,220,220,1086,0,0,0
2024-12-21,SKU-001,DC-06,151,151,935,0,0,0
2024-12-22,SKU-001,DC-06,283,283,652,0,0,1846
2024-12-23,SKU-001,DC-06,296,296,356,0,0,0
2024-12-24,SKU-001,DC-06,313,313,43,0,0,0
2024-12-25,SKU-001,DC-06,314,43,0,271,0,0
2024-12-26,SKU-001,DC-06,112,112,1734,0,1846,0
2024-12-27,SKU-001,DC-06,452,452,1282,0,0,0
2024-12-28,SKU-001,DC-06,145,145,1137,0,0,0
2024-12-29,SKU-001,DC-06,276,276,861,0,0,1637
2024-12-30,SKU-001,DC-06,284,284,577,0,0,0
2024-12-31,SKU-001,DC-06,353,353,224,0,0,0
2023-01-01,SKU-001,DC-07,56,56,2186,0,0,0
2023-01-02,SKU-001,DC-07,67,67,2119,0,0,0
2023-01-03,SKU-001,DC-07,126,126,1993,0,0,0
2023-01-04,SKU-001,DC-07,338,338,1655,0,0,0
2023-01-05,SKU-001,DC-07,231,231,1424,0,0,0
2023-01-06,SKU-001,DC-07,397,397,1027,0,0,0
2023-01-07,SKU-001,DC-07,200,200,827,0,0,0
2023-01-08,SKU-001,DC-07,104,104,723,0,0,1432
2023-01-09,SKU-001,DC-07,390,390,333,0,0,0
2023-01-10,SKU-001,DC-07,114,114,219,0,0,0
2023-01-11,SKU-001,DC-07,182,182,37,0,0,0
2023-01-12,SKU-001,DC-07,170,37,0,133,0,0
2023-01-13,SKU-001,DC-07,318,318,1114,0,1432,0
2023-01-14,SKU-001,DC-07,100,100,1014,0,0,0
2023-01-15,SKU-001,DC-07,71,71,943,0,0,1212
2023-01-16,SKU-001,DC-07,202,202,741,0,0,0
2023-01-17,SKU-001,DC-07,178,178,563,0,0,0
2023-01-18,SKU-001,DC-07,459,459,104,0,0,0
2023-01-19,SKU-001,DC-07,128,104,0,24,0,0
2023-01-20,SKU-001,DC-07,209,209,1003,0,1212,0
2023-01-21,SKU-001,DC-07,177,177,826,0,0,0
2023-01-22,SKU-001,DC-07,135,135,691,0,0,1464
2023-01-23,SKU-001,DC-07,259,259,432,0,0,0
2023-01-24,SKU-001,DC-07,143,143,289,0,0,0
2023-01-25,SKU-001,DC-07,139,139,150,0,0,0
2023-01-26,SKU-001,DC-07,244,150,0,94,0,0
2023-01-27,SKU-001,DC-07,162,162,1302,0,1464,0
2023-01-28,SKU-001,DC-07,121,121,1181,0,0,0
2023-01-29,SKU-001,DC-07,199,199,982,0,0,1173
2023-01-30,SKU-001,DC-07,270,270,712,0,0,0
2023-01-31,SKU-001,DC-07,350,350,362,0,0,0
2023-02-01,SKU-001,DC-07,234,234,128,0,0,0
2023-02-02,SKU-001,DC-07,242,128,0,114,0,0
2023-02-03,SKU-001,DC-07,384,384,789,0,1173,0
2023-02-04,SKU-001,DC-07,73,73,716,0,0,0
2023-02-05,SKU-001,DC-07,64,64,652,0,0,1503
2023-02-06,SKU-001,DC-07,216,216,436,0,0,0
2023-02-07,SKU-001,DC-07,112,112,324,0,0,0
2023-02-08,SKU-001,DC-07,245,245,79,0,0,0
2023-02-09,SKU-001,DC-07,191,79,0,112,0,0
2023-02-10,SKU-001,DC-07,206,206,1297,0,1503,0
2023-02-11,SKU-001,DC-07,106,106,1191,0,0,0
2023-02-12,SKU-001,DC-07,126,126,1065,0,0,1090
2023-02-13,SKU-001,DC-07,93,93,972,0,0,0
2023-02-14,SKU-001,DC-07,135,135,837,0,0,0
2023-02-15,SKU-001,DC-07,169,169,668,0,0,0
2023-02-16,SKU-001,DC-07,78,78,590,0,0,0
2023-02-17,SKU-001,DC-07,173,173,1507,0,1090,0
2023-02-18,SKU-001,DC-07,235,235,1272,0,0,0
2023-02-19,SKU-001,DC-07,149,149,1123,0,0,0
2023-02-20,SKU-001,DC-07,101,101,1022,0,0,0
2023-02-21,SKU-001,DC-07,269,269,753,0,0,0
2023-02-22,SKU-001,DC-07,295,295,458,0,0,0
2023-02-23,SKU-001,DC-07,147,147,311,0,0,0
2023-02-24,SKU-001,DC-07,173,173,138,0,0,0
2023-02-25,SKU-001,DC-07,70,70,68,0,0,0
2023-02-26,SKU-001,DC-07,113,68,0,45,0,2155
2023-02-27,SKU-001,DC-07,360,0,0,360,0,0
2023-02-28,SKU-001,DC-07,261,0,0,261,0,0
2023-03-01,SKU-001,DC-07,108,0,0,108,0,0
2023-03-02,SKU-001,DC-07,134,0,0,134,0,0
2023-03-03,SKU-001,DC-07,138,138,2017,0,2155,0
2023-03-04,SKU-001,DC-07,105,105,1912,0,0,0
2023-03-05,SKU-001,DC-07,41,41,1871,0,0,0
2023-03-06,SKU-001,DC-07,189,189,1682,0,0,0
2023-03-07,SKU-001,DC-07,151,151,1531,0,0,0
2023-03-08,SKU-001,DC-07,228,228,1303,0,0,0
2023-03-09,SKU-001,DC-07,199,199,1104,0,0,0
2023-03-10,SKU-001,DC-07,144,144,960,0,0,0
2023-03-11,SKU-001,DC-07,207,207,753,0,0,0
2023-03-12,SKU-001,DC-07,81,81,672,0,0,1483
2023-03-13,SKU-001,DC-07,245,245,427,0,0,0
2023-03-14,SKU-001,DC-07,37,37,390,0,0,0
2023-03-15,SKU-001,DC-07,217,217,173,0,0,0
2023-03-16,SKU-001,DC-07,162,162,11,0,0,0
2023-03-17,SKU-001,DC-07,34,34,1460,0,1483,0
2023-03-18,SKU-001,DC-07,80,80,1380,0,0,0
2023-03-19,SKU-001,DC-07,62,62,1318,0,0,0
2023-03-20,SKU-001,DC-07,212,212,1106,0,0,0
2023-03-21,SKU-001,DC-07,117,117,989,0,0,0
2023-03-22,SKU-001,DC-07,106,106,883,0,0,0
2023-03-23,SKU-001,DC-07,134,134,749,0,0,0
2023-03-24,SKU-001,DC-07,332,332,417,0,0,0
2023-03-25,SKU-001,DC-07,149,149,268,0,0,0
2023-03-26,SKU-001,DC-07,85,85,183,0,0,1972
2023-03-27,SKU-001,DC-07,151,151,32,0,0,0
2023-03-28,SKU-001,DC-07,124,32,0,92,0,0
2023-03-29,SKU-001,DC-07,214,0,0,214,0,0
2023-03-30,SKU-001,DC-07,120,0,0,120,0,0
2023-03-31,SKU-001,DC-07,100,100,1872,0,1972,0
2023-04-01,SKU-001,DC-07,116,116,1756,0,0,0
2023-04-02,SKU-001,DC-07,48,48,1708,0,0,0
2023-04-03,SKU-001,DC-07,95,95,1613,0,0,0
2023-04-04,SKU-001,DC-07,47,47,1566,0,0,0
2023-04-05,SKU-001,DC-07,241,241,1325,0,0,0
2023-04-06,SKU-001,DC-07,269,269,1056,0,0,0
2023-04-07,SKU-001,DC-07,119,119,937,0,0,0
2023-04-08,SKU-001,DC-07,110,110,827,0,0,0
2023-04-09,SKU-001,DC-07,133,133,694,0,0,1461
2023-04-10,SKU-001,DC-07,117,117,577,0,0,0
2023-04-11,SKU-001,DC-07,223,223,354,0,0,0
2023-04-12,SKU-001,DC-07,141,141,213,0,0,0
2023-04-13,SKU-001,DC-07,224,213,0,11,0,0
2023-04-14,SKU-001,DC-07,326,326,1135,0,1461,0
2023-04-15,SKU-001,DC-07,78,78,1057,0,0,0
2023-04-16,SKU-001,DC-07,95,95,962,0,0,1193
2023-04-17,SKU-001,DC-07,165,165,797,0,0,0
2023-04-18,SKU-001,DC-07,240,240,557,0,0,0
2023-04-19,SKU-001,DC-07,290,290,267,0,0,0
2023-04-20,SKU-001,DC-07,196,196,71,0,0,0
2023-04-21,SKU-001,DC-07,246,246,1018,0,1193,0
2023-04-22,SKU-001,DC-07,59,59,959,0,0,0
2023-04-23,SKU-001,DC-07,116,116,843,0,0,1312
2023-04-24,SKU-001,DC-07,165,165,678,0,0,0
2023-04-25,SKU-001,DC-07,180,180,498,0,0,0
2023-04-26,SKU-001,DC-07,144,144,354,0,0,0
2023-04-27,SKU-001,DC-07,187,187,167,0,0,0
2023-04-28,SKU-001,DC-07,102,102,1377,0,1312,0
2023-04-29,SKU-001,DC-07,84,84,1293,0,0,0
2023-04-30,SKU-001,DC-07,62,62,1231,0,0,0
2023-05-01,SKU-001,DC-07,55,55,1176,0,0,0
2023-05-02,SKU-001,DC-07,189,189,987,0,0,0
2023-05-03,SKU-001,DC-07,72,72,915,0,0,0
2023-05-04,SKU-001,DC-07,158,158,757,0,0,0
2023-05-05,SKU-001,DC-07,106,106,651,0,0,0
2023-05-06,SKU-001,DC-07,49,49,602,0,0,0
2023-05-07,SKU-001,DC-07,177,177,425,0,0,1730
2023-05-08,SKU-001,DC-07,188,188,237,0,0,0
2023-05-09,SKU-001,DC-07,131,131,106,0,0,0
2023-05-10,SKU-001,DC-07,124,106,0,18,0,0
2023-05-11,SKU-001,DC-07,185,0,0,185,0,0
2023-05-12,SKU-001,DC-07,188,188,1542,0,1730,0
2023-05-13,SKU-001,DC-07,45,45,1497,0,0,0
2023-05-14,SKU-001,DC-07,82,82,1415,0,0,0
2023-05-15,SKU-001,DC-07,77,77,1338,0,0,0
2023-05-16,SKU-001,DC-07,91,91,1247,0,0,0
2023-05-17,SKU-001,DC-07,192,192,1055,0,0,0
2023-05-18,SKU-001,DC-07,195,195,860,0,0,0
2023-05-19,SKU-001,DC-07,116,116,744,0,0,0
2023-05-20,SKU-001,DC-07,21,21,723,0,0,0
2023-05-21,SKU-001,DC-07,95,95,628,0,0,1527
2023-05-22,SKU-001,DC-07,144,144,484,0,0,0
2023-05-23,SKU-001,DC-07,69,69,415,0,0,0
2023-05-24,SKU-001,DC-07,119,119,296,0,0,0
2023-05-25,SKU-001,DC-07,133,133,163,0,0,0
2023-05-26,SKU-001,DC-07,139,139,1551,0,1527,0
2023-05-27,SKU-001,DC-07,50,50,1501,0,0,0
2023-05-28,SKU-001,DC-07,63,63,1438,0,0,0
2023-05-29,SKU-001,DC-07,89,89,1349,0,0,0
2023-05-30,SKU-001,DC-07,161,161,1188,0,0,0
2023-05-31,SKU-001,DC-07,213,213,975,0,0,0
2023-06-01,SKU-001,DC-07,118,118,857,0,0,0
2023-06-02,SKU-001,DC-07,95,95,762,0,0,0
2023-06-03,SKU-001,DC-07,185,185,577,0,0,0
2023-06-04,SKU-001,DC-07,211,211,366,0,0,1789
2023-06-05,SKU-001,DC-07,165,165,201,0,0,0
2023-06-06,SKU-001,DC-07,139,139,62,0,0,0
2023-06-07,SKU-001,DC-07,289,62,0,227,0,0
2023-06-08,SKU-001,DC-07,211,0,0,211,0,0
2023-06-09,SKU-001,DC-07,126,126,1663,0,1789,0
2023-06-10,SKU-001,DC-07,36,36,1627,0,0,0
2023-06-11,SKU-001,DC-07,51,51,1576,0,0,0
2023-06-12,SKU-001,DC-07,97,97,1479,0,0,0
2023-06-13,SKU-001,DC-07,198,198,1281,0,0,0
2023-06-14,SKU-001,DC-07,128,128,1153,0,0,0
2023-06-15,SKU-001,DC-07,220,220,933,0,0,0
2023-06-16,SKU-001,DC-07,48,48,885,0,0,0
2023-06-17,SKU-001,DC-07,55,55,830,0,0,0
2023-06-18,SKU-001,DC-07,63,63,767,0,0,1388
2023-06-19,SKU-001,DC-07,74,74,693,0,0,0
2023-06-20,SKU-001,DC-07,102,102,591,0,0,0
2023-06-21,SKU-001,DC-07,194,194,397,0,0,0
2023-06-22,SKU-001,DC-07,86,86,311,0,0,0
2023-06-23,SKU-001,DC-07,121,121,1578,0,1388,0
2023-06-24,SKU-001,DC-07,75,75,1503,0,0,0
2023-06-25,SKU-001,DC-07,66,66,1437,0,0,0
2023-06-26,SKU-001,DC-07,184,184,1253,0,0,0
2023-06-27,SKU-001,DC-07,52,52,1201,0,0,0
2023-06-28,SKU-001,DC-07,155,155,1046,0,0,0
2023-06-29,SKU-001,DC-07,89,89,957,0,0,0
2023-06-30,SKU-001,DC-07,172,172,785,0,0,0
2023-07-01,SKU-001,DC-07,63,63,722,0,0,0
2023-07-02,SKU-001,DC-07,68,68,654,0,0,1501
2023-07-03,SKU-001,DC-07,98,98,556,0,0,0
2023-07-04,SKU-001,DC-07,59,59,497,0,0,0
2023-07-05,SKU-001,DC-07,127,127,370,0,0,0
2023-07-06,SKU-001,DC-07,148,148,222,0,0,0
2023-07-07,SKU-001,DC-07,59,59,1664,0,1501,0
2023-07-08,SKU-001,DC-07,64,64,1600,0,0,0
2023-07-09,SKU-001,DC-07,40,40,1560,0,0,0
2023-07-10,SKU-001,DC-07,183,183,1377,0,0,0
2023-07-11,SKU-001,DC-07,120,120,1257,0,0,0
2023-07-12,SKU-001,DC-07,124,124,1133,0,0,0
2023-07-13,SKU-001,DC-07,211,211,922,0,0,0
2023-07-14,SKU-001,DC-07,57,57,865,0,0,0
2023-07-15,SKU-001,DC-07,37,37,828,0,0,0
2023-07-16,SKU-001,DC-07,84,84,744,0,0,1411
2023-07-17,SKU-001,DC-07,63,63,681,0,0,0
2023-07-18,SKU-001,DC-07,137,137,544,0,0,0
2023-07-19,SKU-001,DC-07,120,120,424,0,0,0
2023-07-20,SKU-001,DC-07,184,184,240,0,0,0
2023-07-21,SKU-001,DC-07,174,174,1477,0,1411,0
2023-07-22,SKU-001,DC-07,58,58,1419,0,0,0
2023-07-23,SKU-001,DC-07,165,165,1254,0,0,0
2023-07-24,SKU-001,DC-07,178,178,1076,0,0,0
2023-07-25,SKU-001,DC-07,80,80,996,0,0,0
2023-07-26,SKU-001,DC-07,192,192,804,0,0,0
2023-07-27,SKU-001,DC-07,119,119,685,0,0,0
2023-07-28,SKU-001,DC-07,57,57,628,0,0,0
2023-07-29,SKU-001,DC-07,97,97,531,0,0,0
2023-07-30,SKU-001,DC-07,37,37,494,0,0,1661
2023-07-31,SKU-001,DC-07,159,159,335,0,0,0
2023-08-01,SKU-001,DC-07,38,38,297,0,0,0
2023-08-02,SKU-001,DC-07,131,131,166,0,0,0
2023-08-03,SKU-001,DC-07,99,99,67,0,0,0
2023-08-04,SKU-001,DC-07,101,101,1627,0,1661,0
2023-08-05,SKU-001,DC-07,89,89,1538,0,0,0
2023-08-06,SKU-001,DC-07,69,69,1469,0,0,0
2023-08-07,SKU-001,DC-07,217,217,1252,0,0,0
2023-08-08,SKU-001,DC-07,137,137,1115,0,0,0
2023-08-09,SKU-001,DC-07,117,117,998,0,0,0
2023-08-10,SKU-001,DC-07,83,83,915,0,0,0
2023-08-11,SKU-001,DC-07,136,136,779,0,0,0
2023-08-12,SKU-001,DC-07,62,62,717,0,0,0
2023-08-13,SKU-001,DC-07,51,51,666,0,0,1489
2023-08-14,SKU-001,DC-07,46,46,620,0,0,0
2023-08-15,SKU-001,DC-07,126,126,494,0,0,0
2023-08-16,SKU-001,DC-07,149,149,345,0,0,0
2023-08-17,SKU-001,DC-07,61,61,284,0,0,0
2023-08-18,SKU-001,DC-07,81,81,1692,0,1489,0
2023-08-19,SKU-001,DC-07,67,67,1625,0,0,0
2023-08-20,SKU-001,DC-07,115,115,1510,0,0,0
2023-08-21,SKU-001,DC-07,168,168,1342,0,0,0
2023-08-22,SKU-001,DC-07,283,283,1059,0,0,0
2023-08-23,SKU-001,DC-07,73,73,986,0,0,0
2023-08-24,SKU-001,DC-07,158,158,828,0,0,0
2023-08-25,SKU-001,DC-07,161,161,667,0,0,0
2023-08-26,SKU-001,DC-07,59,59,608,0,0,0
2023-08-27,SKU-001,DC-07,48,48,560,0,0,1595
2023-08-28,SKU-001,DC-07,223,223,337,0,0,0
2023-08-29,SKU-001,DC-07,101,101,236,0,0,0
2023-08-30,SKU-001,DC-07,113,113,123,0,0,0
2023-08-31,SKU-001,DC-07,159,123,0,36,0,0
2023-09-01,SKU-001,DC-07,95,95,1500,0,1595,0
2023-09-02,SKU-001,DC-07,34,34,1466,0,0,0
2023-09-03,SKU-001,DC-07,84,84,1382,0,0,0
2023-09-04,SKU-001,DC-07,69,69,1313,0,0,0
2023-09-05,SKU-001,DC-07,172,172,1141,0,0,0
2023-09-06,SKU-001,DC-07,77,77,1064,0,0,0
2023-09-07,SKU-001,DC-07,135,135,929,0,0,0
2023-09-08,SKU-001,DC-07,127,127,802,0,0,0
2023-09-09,SKU-001,DC-07,78,78,724,0,0,0
2023-09-10,SKU-001,DC-07,89,89,635,0,0,1520
2023-09-11,SKU-001,DC-07,143,143,492,0,0,0
2023-09-12,SKU-001,DC-07,83,83,409,0,0,0
2023-09-13,SKU-001,DC-07,122,122,287,0,0,0
2023-09-14,SKU-001,DC-07,212,212,75,0,0,0
2023-09-15,SKU-001,DC-07,270,270,1325,0,1520,0
2023-09-16,SKU-001,DC-07,107,107,1218,0,0,0
2023-09-17,SKU-001,DC-07,72,72,1146,0,0,0
2023-09-18,SKU-001,DC-07,183,183,963,0,0,0
2023-09-19,SKU-001,DC-07,206,206,757,0,0,0
2023-09-20,SKU-001,DC-07,75,75,682,0,0,0
2023-09-21,SKU-001,DC-07,210,210,472,0,0,0
2023-09-22,SKU-001,DC-07,204,204,268,0,0,0
2023-09-23,SKU-001,DC-07,55,55,213,0,0,0
2023-09-24,SKU-001,DC-07,148,148,65,0,0,2090
2023-09-25,SKU-001,DC-07,169,65,0,104,0,0
2023-09-26,SKU-001,DC-07,108,0,0,108,0,0
2023-09-27,SKU-001,DC-07,146,0,0,146,0,0
2023-09-28,SKU-001,DC-07,124,0,0,124,0,0
2023-09-29,SKU-001,DC-07,158,158,1932,0,2090,0
2023-09-30,SKU-001,DC-07,80,80,1852,0,0,0
2023-10-01,SKU-001,DC-07,44,44,1808,0,0,0
2023-10-02,SKU-001,DC-07,285,285,1523,0,0,0
2023-10-03,SKU-001,DC-07,192,192,1331,0,0,0
2023-10-04,SKU-001,DC-07,188,188,1143,0,0,0
2023-10-05,SKU-001,DC-07,162,162,981,0,0,0
2023-10-06,SKU-001,DC-07,155,155,826,0,0,0
2023-10-07,SKU-001,DC-07,113,113,713,0,0,0
2023-10-08,SKU-001,DC-07,40,40,673,0,0,1482
2023-10-09,SKU-001,DC-07,209,209,464,0,0,0
2023-10-10,SKU-001,DC-07,170,170,294,0,0,0
2023-10-11,SKU-001,DC-07,173,173,121,0,0,0
2023-10-12,SKU-001,DC-07,102,102,19,0,0,0
2023-10-13,SKU-001,DC-07,124,124,1377,0,1482,0
2023-10-14,SKU-001,DC-07,89,89,1288,0,0,0
2023-10-15,SKU-001,DC-07,160,160,1128,0,0,0
2023-10-16,SKU-001,DC-07,101,101,1027,0,0,0
2023-10-17,SKU-001,DC-07,263,263,764,0,0,0
2023-10-18,SKU-001,DC-07,207,207,557,0,0,0
2023-10-19,SKU-001,DC-07,98,98,459,0,0,0
2023-10-20,SKU-001,DC-07,124,124,335,0,0,0
2023-10-21,SKU-001,DC-07,204,204,131,0,0,0
2023-10-22,SKU-001,DC-07,117,117,14,0,0,2141
2023-10-23,SKU-001,DC-07,131,14,0,117,0,0
2023-10-24,SKU-001,DC-07,174,0,0,174,0,0
2023-10-25,SKU-001,DC-07,256,0,0,256,0,0
2023-10-26,SKU-001,DC-07,350,0,0,350,0,0
2023-10-27,SKU-001,DC-07,166,166,1975,0,2141,0
2023-10-28,SKU-001,DC-07,111,111,1864,0,0,0
2023-10-29,SKU-001,DC-07,98,98,1766,0,0,0
2023-10-30,SKU-001,DC-07,271,271,1495,0,0,0
2023-10-31,SKU-001,DC-07,298,298,1197,0,0,0
2023-11-01,SKU-001,DC-07,186,186,1011,0,0,0
2023-11-02,SKU-001,DC-07,260,260,751,0,0,0
2023-11-03,SKU-001,DC-07,80,80,671,0,0,0
2023-11-04,SKU-001,DC-07,151,151,520,0,0,0
2023-11-05,SKU-001,DC-07,117,117,403,0,0,1752
2023-11-06,SKU-001,DC-07,153,153,250,0,0,0
2023-11-07,SKU-001,DC-07,121,121,129,0,0,0
2023-11-08,SKU-001,DC-07,245,129,0,116,0,0
2023-11-09,SKU-001,DC-07,121,0,0,121,0,0
2023-11-10,SKU-001,DC-07,176,176,1576,0,1752,0
2023-11-11,SKU-001,DC-07,114,114,1462,0,0,0
2023-11-12,SKU-001,DC-07,84,84,1378,0,0,0
2023-11-13,SKU-001,DC-07,263,263,1115,0,0,0
2023-11-14,SKU-001,DC-07,276,276,839,0,0,0
2023-11-15,SKU-001,DC-07,196,196,643,0,0,0
2023-11-16,SKU-001,DC-07,130,130,513,0,0,0
2023-11-17,SKU-001,DC-07,222,222,291,0,0,0
2023-11-18,SKU-001,DC-07,144,144,147,0,0,0
2023-11-19,SKU-001,DC-07,87,87,60,0,0,2095
2023-11-20,SKU-001,DC-07,299,60,0,239,0,0
2023-11-21,SKU-001,DC-07,391,0,0,391,0,0
2023-11-22,SKU-001,DC-07,153,0,0,153,0,0
2023-11-23,SKU-001,DC-07,304,0,0,304,0,0
2023-11-24,SKU-001,DC-07,370,370,1725,0,2095,0
2023-11-25,SKU-001,DC-07,32,32,1693,0,0,0
2023-11-26,SKU-001,DC-07,200,200,1493,0,0,0
2023-11-27,SKU-001,DC-07,244,244,1249,0,0,0
2023-11-28,SKU-001,DC-07,244,244,1005,0,0,0
2023-11-29,SKU-001,DC-07,217,217,788,0,0,0
2023-11-30,SKU-001,DC-07,287,287,501,0,0,0
2023-12-01,SKU-001,DC-07,220,220,281,0,0,0
2023-12-02,SKU-001,DC-07,66,66,215,0,0,0
2023-12-03,SKU-001,DC-07,82,82,133,0,0,2022
2023-12-04,SKU-001,DC-07,274,133,0,141,0,0
2023-12-05,SKU-001,DC-07,163,0,0,163,0,0
2023-12-06,SKU-001,DC-07,288,0,0,288,0,0
2023-12-07,SKU-001,DC-07,241,0,0,241,0,0
2023-12-08,SKU-001,DC-07,361,361,1661,0,2022,0
2023-12-09,SKU-001,DC-07,121,121,1540,0,0,0
2023-12-10,SKU-001,DC-07,165,165,1375,0,0,0
2023-12-11,SKU-001,DC-07,255,255,1120,0,0,0
2023-12-12,SKU-001,DC-07,244,244,876,0,0,0
2023-12-13,SKU-001,DC-07,98,98,778,0,0,0
2023-12-14,SKU-001,DC-07,414,414,364,0,0,0
2023-12-15,SKU-001,DC-07,374,364,0,10,0,0
2023-12-16,SKU-001,DC-07,74,0,0,74,0,0
2023-12-17,SKU-001,DC-07,91,0,0,91,0,2155
2023-12-18,SKU-001,DC-07,322,0,0,322,0,0
2023-12-19,SKU-001,DC-07,95,0,0,95,0,0
2023-12-20,SKU-001,DC-07,192,0,0,192,0,0
2023-12-21,SKU-001,DC-07,315,0,0,315,0,0
2023-12-22,SKU-001,DC-07,225,225,1930,0,2155,0
2023-12-23,SKU-001,DC-07,97,97,1833,0,0,0
2023-12-24,SKU-001,DC-07,167,167,1666,0,0,0
2023-12-25,SKU-001,DC-07,226,226,1440,0,0,0
2023-12-26,SKU-001,DC-07,220,220,1220,0,0,0
2023-12-27,SKU-001,DC-07,221,221,999,0,0,0
2023-12-28,SKU-001,DC-07,259,259,740,0,0,0
2023-12-29,SKU-001,DC-07,180,180,560,0,0,0
2023-12-30,SKU-001,DC-07,113,113,447,0,0,0
2023-12-31,SKU-001,DC-07,42,42,405,0,0,1750
2024-01-01,SKU-001,DC-07,69,69,336,0,0,0
2024-01-02,SKU-001,DC-07,296,296,40,0,0,0
2024-01-03,SKU-001,DC-07,210,40,0,170,0,0
2024-01-04,SKU-001,DC-07,272,0,0,272,0,0
2024-01-05,SKU-001,DC-07,76,76,1674,0,1750,0
2024-01-06,SKU-001,DC-07,54,54,1620,0,0,0
2024-01-07,SKU-001,DC-07,105,105,1515,0,0,0
2024-01-08,SKU-001,DC-07,66,66,1449,0,0,0
2024-01-09,SKU-001,DC-07,334,334,1115,0,0,0
2024-01-10,SKU-001,DC-07,184,184,931,0,0,0
2024-01-11,SKU-001,DC-07,329,329,602,0,0,0
2024-01-12,SKU-001,DC-07,176,176,426,0,0,0
2024-01-13,SKU-001,DC-07,62,62,364,0,0,0
2024-01-14,SKU-001,DC-07,70,70,294,0,0,1861
2024-01-15,SKU-001,DC-07,218,218,76,0,0,0
2024-01-16,SKU-001,DC-07,101,76,0,25,0,0
2024-01-17,SKU-001,DC-07,153,0,0,153,0,0
2024-01-18,SKU-001,DC-07,478,0,0,478,0,0
2024-01-19,SKU-001,DC-07,81,81,1780,0,1861,0
2024-01-20,SKU-001,DC-07,142,142,1638,0,0,0
2024-01-21,SKU-001,DC-07,118,118,1520,0,0,0
2024-01-22,SKU-001,DC-07,66,66,1454,0,0,0
2024-01-23,SKU-001,DC-07,147,147,1307,0,0,0
2024-01-24,SKU-001,DC-07,396,396,911,0,0,0
2024-01-25,SKU-001,DC-07,211,211,700,0,0,0
2024-01-26,SKU-001,DC-07,244,244,456,0,0,0
2024-01-27,SKU-001,DC-07,144,144,312,0,0,0
2024-01-28,SKU-001,DC-07,43,43,269,0,0,1886
2024-01-29,SKU-001,DC-07,216,216,53,0,0,0
2024-01-30,SKU-001,DC-07,242,53,0,189,0,0
2024-01-31,SKU-001,DC-07,210,0,0,210,0,0
2024-02-01,SKU-001,DC-07,353,0,0,353,0,0
2024-02-02,SKU-001,DC-07,198,198,1688,0,1886,0
2024-02-03,SKU-001,DC-07,26,26,1662,0,0,0
2024-02-04,SKU-001,DC-07,134,134,1528,0,0,0
2024-02-05,SKU-001,DC-07,214,214,1314,0,0,0
2024-02-06,SKU-001,DC-07,246,246,1068,0,0,0
2024-02-07,SKU-001,DC-07,114,114,954,0,0,0
2024-02-08,SKU-001,DC-07,419,419,535,0,0,0
2024-02-09,SKU-001,DC-07,114,114,421,0,0,0
2024-02-10,SKU-001,DC-07,235,235,186,0,0,0
2024-02-11,SKU-001,DC-07,46,46,140,0,0,2015
2024-02-12,SKU-001,DC-07,223,140,0,83,0,0
2024-02-13,SKU-001,DC-07,250,0,0,250,0,0
2024-02-14,SKU-001,DC-07,167,0,0,167,0,0
2024-02-15,SKU-001,DC-07,60,0,0,60,0,0
2024-02-16,SKU-001,DC-07,167,167,1848,0,2015,0
2024-02-17,SKU-001,DC-07,90,90,1758,0,0,0
2024-02-18,SKU-001,DC-07,151,151,1607,0,0,0
2024-02-19,SKU-001,DC-07,147,147,1460,0,0,0
2024-02-20,SKU-001,DC-07,71,71,1389,0,0,0
2024-02-21,SKU-001,DC-07,419,419,970,0,0,0
2024-02-22,SKU-001,DC-07,309,309,661,0,0,0
2024-02-23,SKU-001,DC-07,194,194,467,0,0,0
2024-02-24,SKU-001,DC-07,91,91,376,0,0,0
2024-02-25,SKU-001,DC-07,67,67,309,0,0,1846
2024-02-26,SKU-001,DC-07,160,160,149,0,0,0
2024-02-27,SKU-001,DC-07,193,149,0,44,0,0
2024-02-28,SKU-001,DC-07,95,0,0,95,0,0
2024-02-29,SKU-001,DC-07,131,0,0,131,0,0
2024-03-01,SKU-001,DC-07,309,309,1537,0,1846,0
2024-03-02,SKU-001,DC-07,69,69,1468,0,0,0
2024-03-03,SKU-001,DC-07,126,126,1342,0,0,0
2024-03-04,SKU-001,DC-07,169,169,1173,0,0,0
2024-03-05,SKU-001,DC-07,219,219,954,0,0,0
2024-03-06,SKU-001,DC-07,158,158,796,0,0,0
2024-03-07,SKU-001,DC-07,244,244,552,0,0,0
2024-03-08,SKU-001,DC-07,117,117,435,0,0,0
2024-03-09,SKU-001,DC-07,51,51,384,0,0,0
2024-03-10,SKU-001,DC-07,154,154,230,0,0,1925
2024-03-11,SKU-001,DC-07,151,151,79,0,0,0
2024-03-12,SKU-001,DC-07,118,79,0,39,0,0
2024-03-13,SKU-001,DC-07,104,0,0,104,0,0
2024-03-14,SKU-001,DC-07,213,0,0,213,0,0
2024-03-15,SKU-001,DC-07,198,198,1727,0,1925,0
2024-03-16,SKU-001,DC-07,147,147,1580,0,0,0
2024-03-17,SKU-001,DC-07,123,123,1457,0,0,0
2024-03-18,SKU-001,DC-07,72,72,1385,0,0,0
2024-03-19,SKU-001,DC-07,141,141,1244,0,0,0
2024-03-20,SKU-001,DC-07,298,298,946,0,0,0
2024-03-21,SKU-001,DC-07,158,158,788,0,0,0
2024-03-22,SKU-001,DC-07,243,243,545,0,0,0
2024-03-23,SKU-001,DC-07,67,67,478,0,0,0
2024-03-24,SKU-001,DC-07,83,83,395,0,0,1760
2024-03-25,SKU-001,DC-07,46,46,349,0,0,0
2024-03-26,SKU-001,DC-07,125,125,224,0,0,0
2024-03-27,SKU-001,DC-07,99,99,125,0,0,0
2024-03-28,SKU-001,DC-07,182,125,0,57,0,0
2024-03-29,SKU-001,DC-07,279,279,1481,0,1760,0
2024-03-30,SKU-001,DC-07,95,95,1386,0,0,0
2024-03-31,SKU-001,DC-07,135,135,1251,0,0,0
2024-04-01,SKU-001,DC-07,234,234,1017,0,0,0
2024-04-02,SKU-001,DC-07,242,242,775,0,0,0
2024-04-03,SKU-001,DC-07,139,139,636,0,0,0
2024-04-04,SKU-001,DC-07,262,262,374,0,0,0
2024-04-05,SKU-001,DC-07,329,329,45,0,0,0
2024-04-06,SKU-001,DC-07,105,45,0,60,0,0
2024-04-07,SKU-001,DC-07,36,0,0,36,0,2155
2024-04-08,SKU-001,DC-07,357,0,0,357,0,0
2024-04-09,SKU-001,DC-07,101,0,0,101,0,0
2024-04-10,SKU-001,DC-07,116,0,0,116,0,0
2024-04-11,SKU-001,DC-07,222,0,0,222,0,0
2024-04-12,SKU-001,DC-07,205,205,1950,0,2155,0
2024-04-13,SKU-001,DC-07,148,148,1802,0,0,0
2024-04-14,SKU-001,DC-07,35,35,1767,0,0,0
2024-04-15,SKU-001,DC-07,108,108,1659,0,0,0
2024-04-16,SKU-001,DC-07,104,104,1555,0,0,0
2024-04-17,SKU-001,DC-07,232,232,1323,0,0,0
2024-04-18,SKU-001,DC-07,162,162,1161,0,0,0
2024-04-19,SKU-001,DC-07,147,147,1014,0,0,0
2024-04-20,SKU-001,DC-07,66,66,948,0,0,0
2024-04-21,SKU-001,DC-07,72,72,876,0,0,1279
2024-04-22,SKU-001,DC-07,68,68,808,0,0,0
2024-04-23,SKU-001,DC-07,129,129,679,0,0,0
2024-04-24,SKU-001,DC-07,192,192,487,0,0,0
2024-04-25,SKU-001,DC-07,142,142,345,0,0,0
2024-04-26,SKU-001,DC-07,276,276,1348,0,1279,0
2024-04-27,SKU-001,DC-07,132,132,1216,0,0,0
2024-04-28,SKU-001,DC-07,127,127,1089,0,0,0
2024-04-29,SKU-001,DC-07,104,104,985,0,0,0
2024-04-30,SKU-001,DC-07,212,212,773,0,0,0
2024-05-01,SKU-001,DC-07,150,150,623,0,0,0
2024-05-02,SKU-001,DC-07,225,225,398,0,0,0
2024-05-03,SKU-001,DC-07,328,328,70,0,0,0
2024-05-04,SKU-001,DC-07,75,70,0,5,0,0
2024-05-05,SKU-001,DC-07,130,0,0,130,0,2155
2024-05-06,SKU-001,DC-07,87,0,0,87,0,0
2024-05-07,SKU-001,DC-07,224,0,0,224,0,0
2024-05-08,SKU-001,DC-07,194,0,0,194,0,0
2024-05-09,SKU-001,DC-07,117,0,0,117,0,0
2024-05-10,SKU-001,DC-07,39,39,2116,0,2155,0
2024-05-11,SKU-001,DC-07,82,82,2034,0,0,0
2024-05-12,SKU-001,DC-07,109,109,1925,0,0,0
2024-05-13,SKU-001,DC-07,200,200,1725,0,0,0
2024-05-14,SKU-001,DC-07,77,77,1648,0,0,0
2024-05-15,SKU-001,DC-07,163,163,1485,0,0,0
2024-05-16,SKU-001,DC-07,144,144,1341,0,0,0
2024-05-17,SKU-001,DC-07,207,207,1134,0,0,0
2024-05-18,SKU-001,DC-07,38,38,1096,0,0,0
2024-05-19,SKU-001,DC-07,46,46,1050,0,0,1105
2024-05-20,SKU-001,DC-07,154,154,896,0,0,0
2024-05-21,SKU-001,DC-07,91,91,805,0,0,0
2024-05-22,SKU-001,DC-07,107,107,698,0,0,0
2024-05-23,SKU-001,DC-07,119,119,579,0,0,0
2024-05-24,SKU-001,DC-07,246,246,1438,0,1105,0
2024-05-25,SKU-001,DC-07,128,128,1310,0,0,0
2024-05-26,SKU-001,DC-07,128,128,1182,0,0,0
2024-05-27,SKU-001,DC-07,97,97,1085,0,0,0
2024-05-28,SKU-001,DC-07,103,103,982,0,0,0
2024-05-29,SKU-001,DC-07,103,103,879,0,0,0
2024-05-30,SKU-001,DC-07,142,142,737,0,0,0
2024-05-31,SKU-001,DC-07,49,49,688,0,0,0
2024-06-01,SKU-001,DC-07,115,115,573,0,0,0
2024-06-02,SKU-001,DC-07,44,44,529,0,0,1626
2024-06-03,SKU-001,DC-07,125,125,404,0,0,0
2024-06-04,SKU-001,DC-07,106,106,298,0,0,0
2024-06-05,SKU-001,DC-07,153,153,145,0,0,0
2024-06-06,SKU-001,DC-07,151,145,0,6,0,0
2024-06-07,SKU-001,DC-07,90,90,1536,0,1626,0
2024-06-08,SKU-001,DC-07,68,68,1468,0,0,0
2024-06-09,SKU-001,DC-07,133,133,1335,0,0,0
2024-06-10,SKU-001,DC-07,117,117,1218,0,0,0
2024-06-11,SKU-001,DC-07,76,76,1142,0,0,0
2024-06-12,SKU-001,DC-07,205,205,937,0,0,0
2024-06-13,SKU-001,DC-07,105,105,832,0,0,0
2024-06-14,SKU-001,DC-07,89,89,743,0,0,0
2024-06-15,SKU-001,DC-07,64,64,679,0,0,0
2024-06-16,SKU-001,DC-07,130,130,549,0,0,1606
2024-06-17,SKU-001,DC-07,56,56,493,0,0,0
2024-06-18,SKU-001,DC-07,188,188,305,0,0,0
2024-06-19,SKU-001,DC-07,220,220,85,0,0,0
2024-06-20,SKU-001,DC-07,166,85,0,81,0,0
2024-06-21,SKU-001,DC-07,105,105,1501,0,1606,0
2024-06-22,SKU-001,DC-07,69,69,1432,0,0,0
2024-06-23,SKU-001,DC-07,46,46,1386,0,0,0
2024-06-24,SKU-001,DC-07,115,115,1271,0,0,0
2024-06-25,SKU-001,DC-07,68,68,1203,0,0,0
2024-06-26,SKU-001,DC-07,83,83,1120,0,0,0
2024-06-27,SKU-001,DC-07,88,88,1032,0,0,0
2024-06-28,SKU-001,DC-07,115,115,917,0,0,0
2024-06-29,SKU-001,DC-07,80,80,837,0,0,0
2024-06-30,SKU-001,DC-07,75,75,762,0,0,1393
2024-07-01,SKU-001,DC-07,167,167,595,0,0,0
2024-07-02,SKU-001,DC-07,182,182,413,0,0,0
2024-07-03,SKU-001,DC-07,270,270,143,0,0,0
2024-07-04,SKU-001,DC-07,141,141,2,0,0,0
2024-07-05,SKU-001,DC-07,152,152,1243,0,1393,0
2024-07-06,SKU-001,DC-07,49,49,1194,0,0,0
2024-07-07,SKU-001,DC-07,79,79,1115,0,0,0
2024-07-08,SKU-001,DC-07,159,159,956,0,0,0
2024-07-09,SKU-001,DC-07,150,150,806,0,0,0
2024-07-10,SKU-001,DC-07,186,186,620,0,0,0
2024-07-11,SKU-001,DC-07,169,169,451,0,0,0
2024-07-12,SKU-001,DC-07,153,153,298,0,0,0
2024-07-13,SKU-001,DC-07,63,63,235,0,0,0
2024-07-14,SKU-001,DC-07,116,116,119,0,0,2036
2024-07-15,SKU-001,DC-07,70,70,49,0,0,0
2024-07-16,SKU-001,DC-07,72,49,0,23,0,0
2024-07-17,SKU-001,DC-07,203,0,0,203,0,0
2024-07-18,SKU-001,DC-07,114,0,0,114,0,0
2024-07-19,SKU-001,DC-07,44,44,1992,0,2036,0
2024-07-20,SKU-001,DC-07,126,126,1866,0,0,0
2024-07-21,SKU-001,DC-07,101,101,1765,0,0,0
2024-07-22,SKU-001,DC-07,121,121,1644,0,0,0
2024-07-23,SKU-001,DC-07,82,82,1562,0,0,0
2024-07-24,SKU-001,DC-07,98,98,1464,0,0,0
2024-07-25,SKU-001,DC-07,198,198,1266,0,0,0
2024-07-26,SKU-001,DC-07,67,67,1199,0,0,0
2024-07-27,SKU-001,DC-07,65,65,1134,0,0,0
2024-07-28,SKU-001,DC-07,81,81,1053,0,0,1102
2024-07-29,SKU-001,DC-07,147,147,906,0,0,0
2024-07-30,SKU-001,DC-07,185,185,721,0,0,0
2024-07-31,SKU-001,DC-07,351,351,370,0,0,0
2024-08-01,SKU-001,DC-07,185,185,185,0,0,0
2024-08-02,SKU-001,DC-07,252,252,1035,0,1102,0
2024-08-03,SKU-001,DC-07,46,46,989,0,0,0
2024-08-04,SKU-001,DC-07,76,76,913,0,0,1242
2024-08-05,SKU-001,DC-07,184,184,729,0,0,0
2024-08-06,SKU-001,DC-07,131,131,598,0,0,0
2024-08-07,SKU-001,DC-07,32,32,566,0,0,0
2024-08-08,SKU-001,DC-07,124,124,442,0,0,0
2024-08-09,SKU-001,DC-07,154,154,1530,0,1242,0
2024-08-10,SKU-001,DC-07,65,65,1465,0,0,0
2024-08-11,SKU-001,DC-07,46,46,1419,0,0,0
2024-08-12,SKU-001,DC-07,214,214,1205,0,0,0
2024-08-13,SKU-001,DC-07,110,110,1095,0,0,0
2024-08-14,SKU-001,DC-07,166,166,929,0,0,0
2024-08-15,SKU-001,DC-07,245,245,684,0,0,0
2024-08-16,SKU-001,DC-07,212,212,472,0,0,0
2024-08-17,SKU-001,DC-07,78,78,394,0,0,0
2024-08-18,SKU-001,DC-07,63,63,331,0,0,1824
2024-08-19,SKU-001,DC-07,70,70,261,0,0,0
2024-08-20,SKU-001,DC-07,155,155,106,0,0,0
2024-08-21,SKU-001,DC-07,208,106,0,102,0,0
2024-08-22,SKU-001,DC-07,194,0,0,194,0,0
2024-08-23,SKU-001,DC-07,91,91,1733,0,1824,0
2024-08-24,SKU-001,DC-07,89,89,1644,0,0,0
2024-08-25,SKU-001,DC-07,105,105,1539,0,0,0
2024-08-26,SKU-001,DC-07,216,216,1323,0,0,0
2024-08-27,SKU-001,DC-07,81,81,1242,0,0,0
2024-08-28,SKU-001,DC-07,61,61,1181,0,0,0
2024-08-29,SKU-001,DC-07,122,122,1059,0,0,0
2024-08-30,SKU-001,DC-07,141,141,918,0,0,0
2024-08-31,SKU-001,DC-07,62,62,856,0,0,0
2024-09-01,SKU-001,DC-07,152,152,704,0,0,1451
2024-09-02,SKU-001,DC-07,96,96,608,0,0,0
2024-09-03,SKU-001,DC-07,82,82,526,0,0,0
2024-09-04,SKU-001,DC-07,268,268,258,0,0,0
2024-09-05,SKU-001,DC-07,58,58,200,0,0,0
