batch_id,product_id,plant_id,production_date,expiry_date,quantity_produced,qc_pass
BATCH-000001,SKU-001,PLANT-A,2022-12-12,2024-12-11,77009,True
BATCH-000002,SKU-001,PLANT-A,2023-01-06,2025-01-05,90506,True
BATCH-000003,SKU-001,PLANT-A,2023-01-31,2025-01-30,95398,True
BATCH-000004,SKU-001,PLANT-A,2023-02-27,2025-02-26,80038,True
BATCH-000005,SKU-001,PLANT-A,2023-03-24,2025-03-23,72566,True
BATCH-000006,SKU-001,PLANT-A,2023-04-19,2025-04-18,96008,True
BATCH-000007,SKU-001,PLANT-A,2023-05-12,2025-05-11,84310,True
BATCH-000008,SKU-001,PLANT-A,2023-06-07,2025-06-06,82390,True
BATCH-000009,SKU-001,PLANT-A,2023-07-03,2025-07-02,72946,True
BATCH-000010,SKU-001,PLANT-A,2023-07-28,2025-07-27,86341,True
BATCH-000011,SKU-001,PLANT-A,2023-08-21,2025-08-20,75962,True
BATCH-000012,SKU-001,PLANT-A,2023-09-13,2025-09-12,79932,True
BATCH-000013,SKU-001,PLANT-A,2023-10-09,2025-10-08,79685,True
BATCH-000014,SKU-001,PLANT-A,2023-11-03,2025-11-02,86499,True
BATCH-000015,SKU-001,PLANT-A,2023-11-27,2025-11-26,91049,True
BATCH-000016,SKU-001,PLANT-A,2023-12-25,2025-12-24,90005,True
BATCH-000017,SKU-001,PLANT-A,2024-01-17,2026-01-16,90183,True
BATCH-000018,SKU-001,PLANT-A,2024-02-13,2026-02-12,96181,True
BATCH-000019,SKU-001,PLANT-A,2024-03-11,2026-03-11,92197,True
BATCH-000020,SKU-001,PLANT-A,2024-04-05,2026-04-05,88169,True
BATCH-000021,SKU-001,PLANT-A,2024-04-29,2026-04-29,76178,True
BATCH-000022,SKU-001,PLANT-A,2024-05-27,2026-05-27,78785,True
BATCH-000023,SKU-001,PLANT-A,2024-06-24,2026-06-24,90024,True
BATCH-000024,SKU-001,PLANT-A,2024-07-18,2026-07-18,90269,True
BATCH-000025,SKU-001,PLANT-A,2024-08-12,2026-08-12,80560,True
BATCH-000026,SKU-001,PLANT-A,2024-09-09,2026-09-09,84880,True
BATCH-000027,SKU-001,PLANT-A,2024-10-07,2026-10-07,76397,True
BATCH-000028,SKU-001,PLANT-A,2024-10-31,2026-10-31,80803,True
BATCH-000029,SKU-001,PLANT-A,2024-11-26,2026-11-26,86653,True
BATCH-000030,SKU-001,PLANT-A,2024-12-23,2026-12-23,94010,True
BATCH-000031,SKU-002,PLANT-A,2022-12-27,2024-12-26,43213,True
BATCH-000032,SKU-002,PLANT-A,2023-01-13,2025-01-12,47041,True
BATCH-000033,SKU-002,PLANT-A,2023-01-31,2025-01-30,50606,True
BATCH-000034,SKU-002,PLANT-A,2023-02-17,2025-02-16,48006,True
BATCH-000035,SKU-002,PLANT-A,2023-03-06,2025-03-05,46177,True
BATCH-000036,SKU-002,PLANT-A,2023-03-21,2025-03-20,45186,True
BATCH-000037,SKU-002,PLANT-A,2023-04-10,2025-04-09,48113,True
BATCH-000038,SKU-002,PLANT-A,2023-04-25,2025-04-24,48426,True
BATCH-000039,SKU-002,PLANT-A,2023-05-15,2025-05-14,51628,True
BATCH-000040,SKU-002,PLANT-A,2023-06-05,2025-06-04,45828,True
BATCH-000041,SKU-002,PLANT-A,2023-06-23,2025-06-22,51329,True
BATCH-000042,SKU-002,PLANT-A,2023-07-10,2025-07-09,42159,True
BATCH-000043,SKU-002,PLANT-A,2023-07-31,2025-07-30,49738,True
BATCH-000044,SKU-002,PLANT-A,2023-08-21,2025-08-20,39029,True
BATCH-000045,SKU-002,PLANT-A,2023-09-06,2025-09-05,41362,True
BATCH-000046,SKU-002,PLANT-A,2023-09-25,2025-09-24,49328,True
BATCH-000047,SKU-002,PLANT-A,2023-10-12,2025-10-11,40342,True
BATCH-000048,SKU-002,PLANT-A,2023-10-31,2025-10-30,49684,True
BATCH-000049,SKU-002,PLANT-A,2023-11-15,2025-11-14,39332,True
BATCH-000050,SKU-002,PLANT-A,2023-12-04,2025-12-03,46710,True
BATCH-000051,SKU-002,PLANT-A,2023-12-20,2025-12-19,42229,True
BATCH-000052,SKU-002,PLANT-A,2024-01-08,2026-01-07,42141,True
BATCH-000053,SKU-002,PLANT-A,2024-01-24,2026-01-23,46624,True
BATCH-000054,SKU-002,PLANT-A,2024-02-12,2026-02-11,39443,True
BATCH-000055,SKU-002,PLANT-A,2024-02-28,2026-02-27,46421,True
BATCH-000056,SKU-002,PLANT-A,2024-03-18,2026-03-18,41636,True
BATCH-000057,SKU-002,PLANT-A,2024-04-04,2026-04-04,50678,True
BATCH-000058,SKU-002,PLANT-A,2024-04-22,2026-04-22,47385,True
BATCH-000059,SKU-002,PLANT-A,2024-05-13,2026-05-13,49210,True
BATCH-000060,SKU-002,PLANT-A,2024-05-29,2026-05-29,42758,True
BATCH-000061,SKU-002,PLANT-A,2024-06-17,2026-06-17,40192,True
BATCH-000062,SKU-002,PLANT-A,2024-07-02,2026-07-02,46149,True
BATCH-000063,SKU-002,PLANT-A,2024-07-18,2026-07-18,48386,True
BATCH-000064,SKU-002,PLANT-A,2024-08-02,2026-08-02,48722,True
BATCH-000065,SKU-002,PLANT-A,2024-08-21,2026-08-21,45715,True
BATCH-000066,SKU-002,PLANT-A,2024-09-09,2026-09-09,44430,True
BATCH-000067,SKU-002,PLANT-A,2024-09-30,2026-09-30,43371,True
BATCH-000068,SKU-002,PLANT-A,2024-10-17,2026-10-17,41291,True
BATCH-000069,SKU-002,PLANT-A,2024-11-05,2026-11-05,50320,True
BATCH-000070,SKU-002,PLANT-A,2024-11-20,2026-11-20,40137,True
BATCH-000071,SKU-002,PLANT-A,2024-12-09,2026-12-09,42014,True
BATCH-000072,SKU-002,PLANT-A,2024-12-26,2026-12-26,40930,True
BATCH-000073,SKU-003,PLANT-A,2022-12-19,2024-12-18,21210,True
BATCH-000074,SKU-003,PLANT-A,2023-01-09,2025-01-08,22070,True
BATCH-000075,SKU-003,PLANT-A,2023-01-26,2025-01-25,18809,True
BATCH-000076,SKU-003,PLANT-A,2023-02-15,2025-02-14,18175,True
BATCH-000077,SKU-003,PLANT-A,2023-03-08,2025-03-07,20053,True
BATCH-000078,SKU-003,PLANT-A,2023-03-27,2025-03-26,19881,True
BATCH-000079,SKU-003,PLANT-A,2023-04-17,2025-04-16,19999,True
BATCH-000080,SKU-003,PLANT-A,2023-05-05,2025-05-04,18536,True
BATCH-000081,SKU-003,PLANT-A,2023-05-26,2025-05-25,23597,True
BATCH-000082,SKU-003,PLANT-A,2023-06-16,2025-06-15,19134,True
BATCH-000083,SKU-003,PLANT-A,2023-07-05,2025-07-04,19938,True
BATCH-000084,SKU-003,PLANT-A,2023-07-25,2025-07-24,20253,True
BATCH-000085,SKU-003,PLANT-A,2023-08-14,2025-08-13,21052,True
BATCH-000086,SKU-003,PLANT-A,2023-08-31,2025-08-30,18862,True
BATCH-000087,SKU-003,PLANT-A,2023-09-21,2025-09-20,23253,True
BATCH-000088,SKU-003,PLANT-A,2023-10-11,2025-10-10,18129,True
BATCH-000089,SKU-003,PLANT-A,2023-10-31,2025-10-30,21123,True
BATCH-000090,SKU-003,PLANT-A,2023-11-21,2025-11-20,21661,True
BATCH-000091,SKU-003,PLANT-A,2023-12-11,2025-12-10,17552,True
BATCH-000092,SKU-003,PLANT-A,2023-12-28,2025-12-27,20186,True
BATCH-000093,SKU-003,PLANT-A,2024-01-16,2026-01-15,21574,True
BATCH-000094,SKU-003,PLANT-A,2024-02-06,2026-02-05,21970,True
BATCH-000095,SKU-003,PLANT-A,2024-02-26,2026-02-25,23380,True
BATCH-000096,SKU-003,PLANT-A,2024-03-18,2026-03-18,19747,True
BATCH-000097,SKU-003,PLANT-A,2024-04-08,2026-04-08,18895,True
BATCH-000098,SKU-003,PLANT-A,2024-04-25,2026-04-25,20876,True
BATCH-000099,SKU-003,PLANT-A,2024-05-14,2026-05-14,22473,True
BATCH-000100,SKU-003,PLANT-A,2024-06-04,2026-06-04,19696,True
BATCH-000101,SKU-003,PLANT-A,2024-06-21,2026-06-21,17583,True
BATCH-000102,SKU-003,PLANT-A,2024-07-11,2026-07-11,23536,True
BATCH-000103,SKU-003,PLANT-A,2024-08-01,2026-08-01,21353,True
BATCH-000104,SKU-003,PLANT-A,2024-08-22,2026-08-22,23318,True
BATCH-000105,SKU-003,PLANT-A,2024-09-11,2026-09-11,19208,True
BATCH-000106,SKU-003,PLANT-A,2024-10-02,2026-10-02,23083,True
BATCH-000107,SKU-003,PLANT-A,2024-10-21,2026-10-21,17681,True
BATCH-000108,SKU-003,PLANT-A,2024-11-11,2026-11-11,20606,True
BATCH-000109,SKU-003,PLANT-A,2024-11-28,2026-11-28,19016,True
BATCH-000110,SKU-003,PLANT-A,2024-12-16,2026-12-16,20873,True
BATCH-000111,SKU-004,PLANT-A,2022-12-27,2025-06-14,37269,True
BATCH-000112,SKU-004,PLANT-A,2023-01-12,2025-06-30,43310,True
BATCH-000113,SKU-004,PLANT-A,2023-01-26,2025-07-14,39570,True
BATCH-000114,SKU-004,PLANT-A,2023-02-13,2025-08-01,40495,True
BATCH-000115,SKU-004,PLANT-A,2023-02-28,2025-08-16,38569,True
BATCH-000116,SKU-004,PLANT-A,2023-03-16,2025-09-01,45611,True
BATCH-000117,SKU-004,PLANT-A,2023-03-29,2025-09-14,41810,True
BATCH-000118,SKU-004,PLANT-A,2023-04-12,2025-09-28,44876,True
BATCH-000119,SKU-004,PLANT-A,2023-05-01,2025-10-17,35672,True
BATCH-000120,SKU-004,PLANT-A,2023-05-17,2025-11-02,37344,True
BATCH-000121,SKU-004,PLANT-A,2023-06-01,2025-11-17,37741,True
BATCH-000122,SKU-004,PLANT-A,2023-06-14,2025-11-30,38356,True
BATCH-000123,SKU-004,PLANT-A,2023-06-30,2025-12-16,45227,True
BATCH-000124,SKU-004,PLANT-A,2023-07-17,2026-01-02,43936,True
BATCH-000125,SKU-004,PLANT-A,2023-08-03,2026-01-19,37666,False
BATCH-000126,SKU-004,PLANT-A,2023-08-18,2026-02-03,44837,True
BATCH-000127,SKU-004,PLANT-A,2023-09-04,2026-02-20,45930,True
BATCH-000128,SKU-004,PLANT-A,2023-09-18,2026-03-06,34764,True
BATCH-000129,SKU-004,PLANT-A,2023-10-02,2026-03-20,37529,False
BATCH-000130,SKU-004,PLANT-A,2023-10-17,2026-04-04,40163,True
BATCH-000131,SKU-004,PLANT-A,2023-11-02,2026-04-20,40760,True
BATCH-000132,SKU-004,PLANT-A,2023-11-20,2026-05-08,40610,True
BATCH-000133,SKU-004,PLANT-A,2023-12-05,2026-05-23,39065,True
BATCH-000134,SKU-004,PLANT-A,2023-12-21,2026-06-08,36160,True
BATCH-000135,SKU-004,PLANT-A,2024-01-05,2026-06-23,35251,True
BATCH-000136,SKU-004,PLANT-A,2024-01-22,2026-07-10,35456,True
BATCH-000137,SKU-004,PLANT-A,2024-02-05,2026-07-24,38841,True
BATCH-000138,SKU-004,PLANT-A,2024-02-22,2026-08-10,39376,True
BATCH-000139,SKU-004,PLANT-A,2024-03-11,2026-08-28,38362,True
BATCH-000140,SKU-004,PLANT-A,2024-03-25,2026-09-11,40660,True
BATCH-000141,SKU-004,PLANT-A,2024-04-09,2026-09-26,39211,False
BATCH-000142,SKU-004,PLANT-A,2024-04-22,2026-10-09,36677,True
BATCH-000143,SKU-004,PLANT-A,2024-05-06,2026-10-23,43605,True
BATCH-000144,SKU-004,PLANT-A,2024-05-22,2026-11-08,40729,True
BATCH-000145,SKU-004,PLANT-A,2024-06-05,2026-11-22,38485,True
BATCH-000146,SKU-004,PLANT-A,2024-06-18,2026-12-05,37528,True
BATCH-000147,SKU-004,PLANT-A,2024-07-01,2026-12-18,42794,True
BATCH-000148,SKU-004,PLANT-A,2024-07-15,2027-01-01,46453,True
BATCH-000149,SKU-004,PLANT-A,2024-07-29,2027-01-15,42074,True
BATCH-000150,SKU-004,PLANT-A,2024-08-15,2027-02-01,34911,True
BATCH-000151,SKU-004,PLANT-A,2024-08-28,2027-02-14,39009,True
BATCH-000152,SKU-004,PLANT-A,2024-09-12,2027-03-01,38541,True
BATCH-000153,SKU-004,PLANT-A,2024-09-30,2027-03-19,37690,True
BATCH-000154,SKU-004,PLANT-A,2024-10-14,2027-04-02,37374,True
BATCH-000155,SKU-004,PLANT-A,2024-10-30,2027-04-18,36582,False
BATCH-000156,SKU-004,PLANT-A,2024-11-12,2027-05-01,35659,True
BATCH-000157,SKU-004,PLANT-A,2024-11-26,2027-05-15,42827,True
BATCH-000158,SKU-004,PLANT-A,2024-12-10,2027-05-29,44595,True
BATCH-000159,SKU-004,PLANT-A,2024-12-23,2027-06-11,39254,True
BATCH-000160,SKU-005,PLANT-A,2022-12-23,2024-12-22,14888,True
BATCH-000161,SKU-005,PLANT-A,2023-01-10,2025-01-09,17322,True
BATCH-000162,SKU-005,PLANT-A,2023-01-30,2025-01-29,14417,True
BATCH-000163,SKU-005,PLANT-A,2023-02-17,2025-02-16,17254,True
BATCH-000164,SKU-005,PLANT-A,2023-03-06,2025-03-05,16479,True
BATCH-000165,SKU-005,PLANT-A,2023-03-24,2025-03-23,16632,True
BATCH-000166,SKU-005,PLANT-A,2023-04-10,2025-04-09,14577,True
BATCH-000167,SKU-005,PLANT-A,2023-04-27,2025-04-26,15814,True
BATCH-000168,SKU-005,PLANT-A,2023-05-15,2025-05-14,18411,True
BATCH-000169,SKU-005,PLANT-A,2023-06-01,2025-05-31,14902,True
BATCH-000170,SKU-005,PLANT-A,2023-06-16,2025-06-15,14844,True
BATCH-000171,SKU-005,PLANT-A,2023-06-30,2025-06-29,17274,True
BATCH-000172,SKU-005,PLANT-A,2023-07-17,2025-07-16,17023,True
BATCH-000173,SKU-005,PLANT-A,2023-08-04,2025-08-03,17265,True
BATCH-000174,SKU-005,PLANT-A,2023-08-21,2025-08-20,16969,True
BATCH-000175,SKU-005,PLANT-A,2023-09-06,2025-09-05,18263,True
BATCH-000176,SKU-005,PLANT-A,2023-09-25,2025-09-24,17581,True
BATCH-000177,SKU-005,PLANT-A,2023-10-12,2025-10-11,13948,True
BATCH-000178,SKU-005,PLANT-A,2023-10-30,2025-10-29,17790,True
BATCH-000179,SKU-005,PLANT-A,2023-11-14,2025-11-13,14316,True
BATCH-000180,SKU-005,PLANT-A,2023-12-01,2025-11-30,16250,True
BATCH-000181,SKU-005,PLANT-A,2023-12-18,2025-12-17,15008,True
BATCH-000182,SKU-005,PLANT-A,2024-01-05,2026-01-04,15770,True
BATCH-000183,SKU-005,PLANT-A,2024-01-22,2026-01-21,15819,True
BATCH-000184,SKU-005,PLANT-A,2024-02-09,2026-02-08,18383,True
BATCH-000185,SKU-005,PLANT-A,2024-02-26,2026-02-25,16388,True
BATCH-000186,SKU-005,PLANT-A,2024-03-14,2026-03-14,14178,True
BATCH-000187,SKU-005,PLANT-A,2024-03-29,2026-03-29,16109,True
BATCH-000188,SKU-005,PLANT-A,2024-04-15,2026-04-15,14760,True
BATCH-000189,SKU-005,PLANT-A,2024-05-03,2026-05-03,15031,True
BATCH-000190,SKU-005,PLANT-A,2024-05-21,2026-05-21,14411,True
BATCH-000191,SKU-005,PLANT-A,2024-06-10,2026-06-10,14540,True
BATCH-000192,SKU-005,PLANT-A,2024-06-25,2026-06-25,17540,True
BATCH-000193,SKU-005,PLANT-A,2024-07-11,2026-07-11,16176,True
BATCH-000194,SKU-005,PLANT-A,2024-07-26,2026-07-26,14224,True
BATCH-000195,SKU-005,PLANT-A,2024-08-13,2026-08-13,14771,True
BATCH-000196,SKU-005,PLANT-A,2024-08-27,2026-08-27,15723,True
BATCH-000197,SKU-005,PLANT-A,2024-09-12,2026-09-12,17986,True
BATCH-000198,SKU-005,PLANT-A,2024-09-30,2026-09-30,14125,True
BATCH-000199,SKU-005,PLANT-A,2024-10-15,2026-10-15,17514,True
BATCH-000200,SKU-005,PLANT-A,2024-10-31,2026-10-31,16386,True
BATCH-000201,SKU-005,PLANT-A,2024-11-18,2026-11-18,18528,False
BATCH-000202,SKU-005,PLANT-A,2024-12-03,2026-12-03,17757,True
BATCH-000203,SKU-005,PLANT-A,2024-12-18,2026-12-18,18615,True
BATCH-000204,SKU-006,PLANT-B,2022-12-22,2024-12-21,27617,True
BATCH-000205,SKU-006,PLANT-B,2023-01-10,2025-01-09,33484,True
BATCH-000206,SKU-006,PLANT-B,2023-01-25,2025-01-24,31708,True
BATCH-000207,SKU-006,PLANT-B,2023-02-13,2025-02-12,29784,True
BATCH-000208,SKU-006,PLANT-B,2023-03-03,2025-03-02,28643,True
BATCH-000209,SKU-006,PLANT-B,2023-03-20,2025-03-19,27960,True
BATCH-000210,SKU-006,PLANT-B,2023-04-10,2025-04-09,27945,True
BATCH-000211,SKU-006,PLANT-B,2023-04-25,2025-04-24,28627,True
BATCH-000212,SKU-006,PLANT-B,2023-05-15,2025-05-14,36052,True
BATCH-000213,SKU-006,PLANT-B,2023-06-01,2025-05-31,29046,True
BATCH-000214,SKU-006,PLANT-B,2023-06-16,2025-06-15,35000,True
BATCH-000215,SKU-006,PLANT-B,2023-07-03,2025-07-02,33063,True
BATCH-000216,SKU-006,PLANT-B,2023-07-21,2025-07-20,36301,True
BATCH-000217,SKU-006,PLANT-B,2023-08-07,2025-08-06,32181,True
BATCH-000218,SKU-006,PLANT-B,2023-08-24,2025-08-23,32336,True
BATCH-000219,SKU-006,PLANT-B,2023-09-12,2025-09-11,29191,True
BATCH-000220,SKU-006,PLANT-B,2023-09-29,2025-09-28,29522,True
BATCH-000221,SKU-006,PLANT-B,2023-10-17,2025-10-16,34298,True
BATCH-000222,SKU-006,PLANT-B,2023-11-06,2025-11-05,35940,True
BATCH-000223,SKU-006,PLANT-B,2023-11-27,2025-11-26,35980,True
BATCH-000224,SKU-006,PLANT-B,2023-12-14,2025-12-13,33070,True
BATCH-000225,SKU-006,PLANT-B,2024-01-01,2025-12-31,29400,False
BATCH-000226,SKU-006,PLANT-B,2024-01-19,2026-01-18,32729,True
BATCH-000227,SKU-006,PLANT-B,2024-02-05,2026-02-04,35836,True
BATCH-000228,SKU-006,PLANT-B,2024-02-21,2026-02-20,32683,True
BATCH-000229,SKU-006,PLANT-B,2024-03-07,2026-03-07,28569,True
BATCH-000230,SKU-006,PLANT-B,2024-03-26,2026-03-26,31540,True
BATCH-000231,SKU-006,PLANT-B,2024-04-10,2026-04-10,33991,True
BATCH-000232,SKU-006,PLANT-B,2024-04-29,2026-04-29,29125,True
BATCH-000233,SKU-006,PLANT-B,2024-05-16,2026-05-16,30474,True
BATCH-000234,SKU-006,PLANT-B,2024-05-31,2026-05-31,31459,True
BATCH-000235,SKU-006,PLANT-B,2024-06-17,2026-06-17,35645,False
BATCH-000236,SKU-006,PLANT-B,2024-07-05,2026-07-05,35147,True
BATCH-000237,SKU-006,PLANT-B,2024-07-22,2026-07-22,36071,True
BATCH-000238,SKU-006,PLANT-B,2024-08-06,2026-08-06,28355,True
BATCH-000239,SKU-006,PLANT-B,2024-08-26,2026-08-26,36279,True
BATCH-000240,SKU-006,PLANT-B,2024-09-16,2026-09-16,34479,True
BATCH-000241,SKU-006,PLANT-B,2024-10-07,2026-10-07,31945,True
BATCH-000242,SKU-006,PLANT-B,2024-10-28,2026-10-28,35687,True
BATCH-000243,SKU-006,PLANT-B,2024-11-14,2026-11-14,33170,True
BATCH-000244,SKU-006,PLANT-B,2024-12-03,2026-12-03,27549,True
BATCH-000245,SKU-006,PLANT-B,2024-12-23,2026-12-23,33034,True
BATCH-000246,SKU-007,PLANT-B,2022-12-14,2024-12-13,17125,True
BATCH-000247,SKU-007,PLANT-B,2023-01-06,2025-01-05,20720,True
BATCH-000248,SKU-007,PLANT-B,2023-02-01,2025-01-31,22080,True
BATCH-000249,SKU-007,PLANT-B,2023-02-24,2025-02-23,20508,True
BATCH-000250,SKU-007,PLANT-B,2023-03-20,2025-03-19,18336,True
BATCH-000251,SKU-007,PLANT-B,2023-04-12,2025-04-11,19581,True
BATCH-000252,SKU-007,PLANT-B,2023-05-08,2025-05-07,21854,True
BATCH-000253,SKU-007,PLANT-B,2023-06-05,2025-06-04,20672,True
BATCH-000254,SKU-007,PLANT-B,2023-06-29,2025-06-28,20275,True
BATCH-000255,SKU-007,PLANT-B,2023-07-21,2025-07-20,19942,True
BATCH-000256,SKU-007,PLANT-B,2023-08-15,2025-08-14,21249,True
BATCH-000257,SKU-007,PLANT-B,2023-09-06,2025-09-05,21094,True
BATCH-000258,SKU-007,PLANT-B,2023-09-29,2025-09-28,22125,True
BATCH-000259,SKU-007,PLANT-B,2023-10-24,2025-10-23,19605,True
BATCH-000260,SKU-007,PLANT-B,2023-11-20,2025-11-19,17969,True
BATCH-000261,SKU-007,PLANT-B,2023-12-18,2025-12-17,21271,True
BATCH-000262,SKU-007,PLANT-B,2024-01-11,2026-01-10,21702,True
BATCH-000263,SKU-007,PLANT-B,2024-02-06,2026-02-05,17856,True
BATCH-000264,SKU-007,PLANT-B,2024-02-29,2026-02-28,20492,True
BATCH-000265,SKU-007,PLANT-B,2024-03-25,2026-03-25,21498,True
BATCH-000266,SKU-007,PLANT-B,2024-04-17,2026-04-17,20465,True
BATCH-000267,SKU-007,PLANT-B,2024-05-13,2026-05-13,22194,True
BATCH-000268,SKU-007,PLANT-B,2024-06-10,2026-06-10,17399,True
BATCH-000269,SKU-007,PLANT-B,2024-07-08,2026-07-08,16977,True
BATCH-000270,SKU-007,PLANT-B,2024-07-30,2026-07-30,22545,True
BATCH-000271,SKU-007,PLANT-B,2024-08-21,2026-08-21,18519,True
BATCH-000272,SKU-007,PLANT-B,2024-09-16,2026-09-16,22242,True
BATCH-000273,SKU-007,PLANT-B,2024-10-14,2026-10-14,20799,True
BATCH-000274,SKU-007,PLANT-B,2024-11-08,2026-11-08,22035,True
BATCH-000275,SKU-007,PLANT-B,2024-12-02,2026-12-02,21018,True
BATCH-000276,SKU-007,PLANT-B,2024-12-24,2026-12-24,21538,True
BATCH-000277,SKU-008,PLANT-B,2022-12-26,2024-06-18,14344,True
BATCH-000278,SKU-008,PLANT-B,2023-01-16,2024-07-09,13158,True
BATCH-000279,SKU-008,PLANT-B,2023-02-03,2024-07-27,15506,True
BATCH-000280,SKU-008,PLANT-B,2023-02-20,2024-08-13,14150,True
BATCH-000281,SKU-008,PLANT-B,2023-03-08,2024-08-29,14181,True
BATCH-000282,SKU-008,PLANT-B,2023-03-27,2024-09-17,13834,True
BATCH-000283,SKU-008,PLANT-B,2023-04-17,2024-10-08,12488,True
BATCH-000284,SKU-008,PLANT-B,2023-05-08,2024-10-29,12245,True
BATCH-000285,SKU-008,PLANT-B,2023-05-29,2024-11-19,13066,True
BATCH-000286,SKU-008,PLANT-B,2023-06-16,2024-12-07,14622,True
BATCH-000287,SKU-008,PLANT-B,2023-07-03,2024-12-24,12912,True
BATCH-000288,SKU-008,PLANT-B,2023-07-20,2025-01-10,15370,True
BATCH-000289,SKU-008,PLANT-B,2023-08-09,2025-01-30,15130,True
BATCH-000290,SKU-008,PLANT-B,2023-08-28,2025-02-18,13338,True
BATCH-000291,SKU-008,PLANT-B,2023-09-15,2025-03-08,16057,True
BATCH-000292,SKU-008,PLANT-B,2023-10-02,2025-03-25,12336,True
BATCH-000293,SKU-008,PLANT-B,2023-10-20,2025-04-12,15280,True
BATCH-000294,SKU-008,PLANT-B,2023-11-09,2025-05-02,16108,True
BATCH-000295,SKU-008,PLANT-B,2023-11-27,2025-05-20,13023,True
BATCH-000296,SKU-008,PLANT-B,2023-12-18,2025-06-10,12951,True
BATCH-000297,SKU-008,PLANT-B,2024-01-05,2025-06-28,12072,True
BATCH-000298,SKU-008,PLANT-B,2024-01-25,2025-07-18,12272,True
BATCH-000299,SKU-008,PLANT-B,2024-02-12,2025-08-05,15905,True
BATCH-000300,SKU-008,PLANT-B,2024-03-01,2025-08-23,16169,True
BATCH-000301,SKU-008,PLANT-B,2024-03-19,2025-09-10,14800,True
BATCH-000302,SKU-008,PLANT-B,2024-04-08,2025-09-30,14600,True
BATCH-000303,SKU-008,PLANT-B,2024-04-24,2025-10-16,15477,True
BATCH-000304,SKU-008,PLANT-B,2024-05-13,2025-11-04,14171,True
BATCH-000305,SKU-008,PLANT-B,2024-05-29,2025-11-20,15890,True
BATCH-000306,SKU-008,PLANT-B,2024-06-17,2025-12-09,15537,True
BATCH-000307,SKU-008,PLANT-B,2024-07-04,2025-12-26,15877,True
BATCH-000308,SKU-008,PLANT-B,2024-07-24,2026-01-15,13902,True
BATCH-000309,SKU-008,PLANT-B,2024-08-12,2026-02-03,15855,True
BATCH-000310,SKU-008,PLANT-B,2024-08-28,2026-02-19,12457,True
BATCH-000311,SKU-008,PLANT-B,2024-09-17,2026-03-11,13565,True
BATCH-000312,SKU-008,PLANT-B,2024-10-07,2026-03-31,16039,True
BATCH-000313,SKU-008,PLANT-B,2024-10-28,2026-04-21,15102,True
BATCH-000314,SKU-008,PLANT-B,2024-11-18,2026-05-12,12102,True
BATCH-000315,SKU-008,PLANT-B,2024-12-06,2026-05-30,13217,True
BATCH-000316,SKU-008,PLANT-B,2024-12-23,2026-06-16,13243,True
BATCH-000317,SKU-009,PLANT-B,2022-12-27,2024-12-26,17903,True
BATCH-000318,SKU-009,PLANT-B,2023-01-12,2025-01-11,20532,True
BATCH-000319,SKU-009,PLANT-B,2023-01-27,2025-01-26,21339,True
BATCH-000320,SKU-009,PLANT-B,2023-02-13,2025-02-12,20139,True
BATCH-000321,SKU-009,PLANT-B,2023-03-02,2025-03-01,21809,True
BATCH-000322,SKU-009,PLANT-B,2023-03-20,2025-03-19,16818,True
BATCH-000323,SKU-009,PLANT-B,2023-04-04,2025-04-03,17510,True
BATCH-000324,SKU-009,PLANT-B,2023-04-19,2025-04-18,20964,True
BATCH-000325,SKU-009,PLANT-B,2023-05-08,2025-05-07,17484,True
BATCH-000326,SKU-009,PLANT-B,2023-05-24,2025-05-23,20294,True
BATCH-000327,SKU-009,PLANT-B,2023-06-12,2025-06-11,17873,True
BATCH-000328,SKU-009,PLANT-B,2023-06-27,2025-06-26,17423,True
BATCH-000329,SKU-009,PLANT-B,2023-07-14,2025-07-13,21321,True
BATCH-000330,SKU-009,PLANT-B,2023-07-31,2025-07-30,17095,True
BATCH-000331,SKU-009,PLANT-B,2023-08-17,2025-08-16,17623,True
BATCH-000332,SKU-009,PLANT-B,2023-09-04,2025-09-03,21345,True
BATCH-000333,SKU-009,PLANT-B,2023-09-21,2025-09-20,17786,True
BATCH-000334,SKU-009,PLANT-B,2023-10-06,2025-10-05,19807,True
BATCH-000335,SKU-009,PLANT-B,2023-10-23,2025-10-22,17110,True
BATCH-000336,SKU-009,PLANT-B,2023-11-10,2025-11-09,18867,True
BATCH-000337,SKU-009,PLANT-B,2023-11-27,2025-11-26,21358,True
BATCH-000338,SKU-009,PLANT-B,2023-12-15,2025-12-14,21968,True
BATCH-000339,SKU-009,PLANT-B,2024-01-01,2025-12-31,19628,True
BATCH-000340,SKU-009,PLANT-B,2024-01-18,2026-01-17,19023,True
BATCH-000341,SKU-009,PLANT-B,2024-02-06,2026-02-05,17188,True
BATCH-000342,SKU-009,PLANT-B,2024-02-26,2026-02-25,20741,True
BATCH-000343,SKU-009,PLANT-B,2024-03-12,2026-03-12,17418,True
BATCH-000344,SKU-009,PLANT-B,2024-03-28,2026-03-28,17035,True
BATCH-000345,SKU-009,PLANT-B,2024-04-15,2026-04-15,20203,True
BATCH-000346,SKU-009,PLANT-B,2024-05-01,2026-05-01,21653,True
BATCH-000347,SKU-009,PLANT-B,2024-05-16,2026-05-16,18083,True
BATCH-000348,SKU-009,PLANT-B,2024-05-31,2026-05-31,19097,True
BATCH-000349,SKU-009,PLANT-B,2024-06-17,2026-06-17,21667,True
BATCH-000350,SKU-009,PLANT-B,2024-07-05,2026-07-05,17104,True
BATCH-000351,SKU-009,PLANT-B,2024-07-23,2026-07-23,22545,True
BATCH-000352,SKU-009,PLANT-B,2024-08-08,2026-08-08,18876,True
BATCH-000353,SKU-009,PLANT-B,2024-08-23,2026-08-23,18313,True
BATCH-000354,SKU-009,PLANT-B,2024-09-09,2026-09-09,22004,True
BATCH-000355,SKU-009,PLANT-B,2024-09-27,2026-09-27,19664,True
BATCH-000356,SKU-009,PLANT-B,2024-10-14,2026-10-14,18564,True
BATCH-000357,SKU-009,PLANT-B,2024-10-30,2026-10-30,17487,True
BATCH-000358,SKU-009,PLANT-B,2024-11-15,2026-11-15,18206,True
BATCH-000359,SKU-009,PLANT-B,2024-12-03,2026-12-03,17908,True
BATCH-000360,SKU-009,PLANT-B,2024-12-23,2026-12-23,17566,True
BATCH-000361,SKU-010,PLANT-A,2022-12-23,2025-06-10,67895,True
BATCH-000362,SKU-010,PLANT-A,2023-01-16,2025-07-04,52592,True
BATCH-000363,SKU-010,PLANT-A,2023-02-09,2025-07-28,64363,True
BATCH-000364,SKU-010,PLANT-A,2023-03-06,2025-08-22,51938,True
BATCH-000365,SKU-010,PLANT-A,2023-03-31,2025-09-16,52394,True
BATCH-000366,SKU-010,PLANT-A,2023-04-24,2025-10-10,51206,True
BATCH-000367,SKU-010,PLANT-A,2023-05-16,2025-11-01,64401,True
BATCH-000368,SKU-010,PLANT-A,2023-06-12,2025-11-28,61590,True
BATCH-000369,SKU-010,PLANT-A,2023-07-05,2025-12-21,55567,True
BATCH-000370,SKU-010,PLANT-A,2023-07-27,2026-01-12,52282,True
BATCH-000371,SKU-010,PLANT-A,2023-08-21,2026-02-06,60790,True
BATCH-000372,SKU-010,PLANT-A,2023-09-14,2026-03-02,57629,True
BATCH-000373,SKU-010,PLANT-A,2023-10-09,2026-03-27,55428,True
BATCH-000374,SKU-010,PLANT-A,2023-11-03,2026-04-21,65197,True
BATCH-000375,SKU-010,PLANT-A,2023-11-27,2026-05-15,60503,True
BATCH-000376,SKU-010,PLANT-A,2023-12-25,2026-06-12,57090,True
BATCH-000377,SKU-010,PLANT-A,2024-01-22,2026-07-10,51461,True
BATCH-000378,SKU-010,PLANT-A,2024-02-16,2026-08-04,57703,True
BATCH-000379,SKU-010,PLANT-A,2024-03-11,2026-08-28,64030,True
BATCH-000380,SKU-010,PLANT-A,2024-04-02,2026-09-19,63593,True
BATCH-000381,SKU-010,PLANT-A,2024-04-29,2026-10-16,57201,True
BATCH-000382,SKU-010,PLANT-A,2024-05-22,2026-11-08,52973,True
BATCH-000383,SKU-010,PLANT-A,2024-06-17,2026-12-04,68227,True
BATCH-000384,SKU-010,PLANT-A,2024-07-12,2026-12-29,57228,False
BATCH-000385,SKU-010,PLANT-A,2024-08-05,2027-01-22,64345,True
BATCH-000386,SKU-010,PLANT-A,2024-08-28,2027-02-14,62745,True
BATCH-000387,SKU-010,PLANT-A,2024-09-19,2027-03-08,63640,True
BATCH-000388,SKU-010,PLANT-A,2024-10-15,2027-04-03,58563,True
BATCH-000389,SKU-010,PLANT-A,2024-11-06,2027-04-25,68500,True
BATCH-000390,SKU-010,PLANT-A,2024-11-29,2027-05-18,57334,True
BATCH-000391,SKU-010,PLANT-A,2024-12-23,2027-06-11,57898,True
BATCH-000392,SKU-011,PLANT-A,2022-12-15,2025-06-02,49195,True
BATCH-000393,SKU-011,PLANT-A,2023-01-09,2025-06-27,48017,True
BATCH-000394,SKU-011,PLANT-A,2023-01-31,2025-07-19,46563,True
BATCH-000395,SKU-011,PLANT-A,2023-02-24,2025-08-12,50814,True
BATCH-000396,SKU-011,PLANT-A,2023-03-16,2025-09-01,46589,True
BATCH-000397,SKU-011,PLANT-A,2023-04-07,2025-09-23,43568,True
BATCH-000398,SKU-011,PLANT-A,2023-05-01,2025-10-17,48785,True
BATCH-000399,SKU-011,PLANT-A,2023-05-22,2025-11-07,47623,True
BATCH-000400,SKU-011,PLANT-A,2023-06-13,2025-11-29,51918,True
BATCH-000401,SKU-011,PLANT-A,2023-07-05,2025-12-21,48798,True
BATCH-000402,SKU-011,PLANT-A,2023-07-25,2026-01-10,50250,True
BATCH-000403,SKU-011,PLANT-A,2023-08-15,2026-01-31,56096,True
BATCH-000404,SKU-011,PLANT-A,2023-09-04,2026-02-20,45693,True
BATCH-000405,SKU-011,PLANT-A,2023-09-27,2026-03-15,56603,True
BATCH-000406,SKU-011,PLANT-A,2023-10-17,2026-04-04,52484,True
BATCH-000407,SKU-011,PLANT-A,2023-11-07,2026-04-25,44179,True
BATCH-000408,SKU-011,PLANT-A,2023-11-30,2026-05-18,48478,False
BATCH-000409,SKU-011,PLANT-A,2023-12-25,2026-06-12,51890,True
BATCH-000410,SKU-011,PLANT-A,2024-01-16,2026-07-04,54408,True
BATCH-000411,SKU-011,PLANT-A,2024-02-09,2026-07-28,44092,True
BATCH-000412,SKU-011,PLANT-A,2024-03-01,2026-08-18,44734,True
BATCH-000413,SKU-011,PLANT-A,2024-03-21,2026-09-07,46032,True
BATCH-000414,SKU-011,PLANT-A,2024-04-11,2026-09-28,43913,True
BATCH-000415,SKU-011,PLANT-A,2024-05-01,2026-10-18,43010,True
BATCH-000416,SKU-011,PLANT-A,2024-05-23,2026-11-09,51225,True
BATCH-000417,SKU-011,PLANT-A,2024-06-17,2026-12-04,55320,True
BATCH-000418,SKU-011,PLANT-A,2024-07-08,2026-12-25,52452,True
BATCH-000419,SKU-011,PLANT-A,2024-08-01,2027-01-18,50814,True
BATCH-000420,SKU-011,PLANT-A,2024-08-26,2027-02-12,49837,True
BATCH-000421,SKU-011,PLANT-A,2024-09-18,2027-03-07,56375,True
BATCH-000422,SKU-011,PLANT-A,2024-10-09,2027-03-28,56561,True
BATCH-000423,SKU-011,PLANT-A,2024-10-31,2027-04-19,45328,True
BATCH-000424,SKU-011,PLANT-A,2024-11-25,2027-05-14,46792,True
BATCH-000425,SKU-011,PLANT-A,2024-12-18,2027-06-06,55744,True
BATCH-000426,SKU-012,PLANT-A,2022-12-26,2025-06-13,30871,True
BATCH-000427,SKU-012,PLANT-A,2023-01-18,2025-07-06,39171,True
BATCH-000428,SKU-012,PLANT-A,2023-02-13,2025-08-01,35659,True
BATCH-000429,SKU-012,PLANT-A,2023-03-08,2025-08-24,39054,True
BATCH-000430,SKU-012,PLANT-A,2023-03-30,2025-09-15,32950,True
BATCH-000431,SKU-012,PLANT-A,2023-04-25,2025-10-11,32294,True
BATCH-000432,SKU-012,PLANT-A,2023-05-22,2025-11-07,35510,True
BATCH-000433,SKU-012,PLANT-A,2023-06-14,2025-11-30,38859,True
BATCH-000434,SKU-012,PLANT-A,2023-07-10,2025-12-26,31726,True
BATCH-000435,SKU-012,PLANT-A,2023-08-01,2026-01-17,31022,True
BATCH-000436,SKU-012,PLANT-A,2023-08-28,2026-02-13,30132,True
BATCH-000437,SKU-012,PLANT-A,2023-09-22,2026-03-10,37547,True
BATCH-000438,SKU-012,PLANT-A,2023-10-16,2026-04-03,34792,True
BATCH-000439,SKU-012,PLANT-A,2023-11-09,2026-04-27,29627,True
BATCH-000440,SKU-012,PLANT-A,2023-12-04,2026-05-22,34957,True
BATCH-000441,SKU-012,PLANT-A,2023-12-28,2026-06-15,38931,True
BATCH-000442,SKU-012,PLANT-A,2024-01-19,2026-07-07,36820,True
BATCH-000443,SKU-012,PLANT-A,2024-02-12,2026-07-31,31818,True
BATCH-000444,SKU-012,PLANT-A,2024-03-07,2026-08-24,29603,True
BATCH-000445,SKU-012,PLANT-A,2024-03-29,2026-09-15,33003,True
BATCH-000446,SKU-012,PLANT-A,2024-04-22,2026-10-09,30927,True
BATCH-000447,SKU-012,PLANT-A,2024-05-16,2026-11-02,33540,True
BATCH-000448,SKU-012,PLANT-A,2024-06-07,2026-11-24,35750,True
BATCH-000449,SKU-012,PLANT-A,2024-07-02,2026-12-19,36743,True
BATCH-000450,SKU-012,PLANT-A,2024-07-26,2027-01-12,33962,True
BATCH-000451,SKU-012,PLANT-A,2024-08-20,2027-02-06,38182,True
BATCH-000452,SKU-012,PLANT-A,2024-09-12,2027-03-01,34889,True
BATCH-000453,SKU-012,PLANT-A,2024-10-07,2027-03-26,39600,True
BATCH-000454,SKU-012,PLANT-A,2024-10-31,2027-04-19,32028,True
BATCH-000455,SKU-012,PLANT-A,2024-11-26,2027-05-15,36341,True
BATCH-000456,SKU-012,PLANT-A,2024-12-23,2027-06-11,30491,True
BATCH-000457,SKU-013,PLANT-A,2022-12-23,2024-12-22,21383,True
BATCH-000458,SKU-013,PLANT-A,2023-01-09,2025-01-08,19978,True
BATCH-000459,SKU-013,PLANT-A,2023-01-25,2025-01-24,16919,True
BATCH-000460,SKU-013,PLANT-A,2023-02-07,2025-02-06,17375,True
BATCH-000461,SKU-013,PLANT-A,2023-02-20,2025-02-19,20329,True
BATCH-000462,SKU-013,PLANT-A,2023-03-08,2025-03-07,19794,True
BATCH-000463,SKU-013,PLANT-A,2023-03-27,2025-03-26,18612,True
BATCH-000464,SKU-013,PLANT-A,2023-04-11,2025-04-10,16339,True
BATCH-000465,SKU-013,PLANT-A,2023-04-25,2025-04-24,17684,True
BATCH-000466,SKU-013,PLANT-A,2023-05-10,2025-05-09,17005,True
BATCH-000467,SKU-013,PLANT-A,2023-05-24,2025-05-23,17420,True
BATCH-000468,SKU-013,PLANT-A,2023-06-06,2025-06-05,19375,True
BATCH-000469,SKU-013,PLANT-A,2023-06-21,2025-06-20,19048,True
BATCH-000470,SKU-013,PLANT-A,2023-07-07,2025-07-06,20834,True
BATCH-000471,SKU-013,PLANT-A,2023-07-24,2025-07-23,18591,True
BATCH-000472,SKU-013,PLANT-A,2023-08-09,2025-08-08,17445,True
BATCH-000473,SKU-013,PLANT-A,2023-08-22,2025-08-21,17954,True
BATCH-000474,SKU-013,PLANT-A,2023-09-07,2025-09-06,20510,True
BATCH-000475,SKU-013,PLANT-A,2023-09-21,2025-09-20,16046,True
BATCH-000476,SKU-013,PLANT-A,2023-10-06,2025-10-05,16663,True
BATCH-000477,SKU-013,PLANT-A,2023-10-19,2025-10-18,21546,True
BATCH-000478,SKU-013,PLANT-A,2023-11-02,2025-11-01,18529,True
BATCH-000479,SKU-013,PLANT-A,2023-11-20,2025-11-19,17715,True
BATCH-000480,SKU-013,PLANT-A,2023-12-04,2025-12-03,16216,True
BATCH-000481,SKU-013,PLANT-A,2023-12-18,2025-12-17,16222,True
BATCH-000482,SKU-013,PLANT-A,2024-01-01,2025-12-31,20909,True
BATCH-000483,SKU-013,PLANT-A,2024-01-15,2026-01-14,19389,True
BATCH-000484,SKU-013,PLANT-A,2024-01-29,2026-01-28,21062,True
BATCH-000485,SKU-013,PLANT-A,2024-02-15,2026-02-14,20916,True
BATCH-000486,SKU-013,PLANT-A,2024-03-04,2026-03-04,17220,True
BATCH-000487,SKU-013,PLANT-A,2024-03-19,2026-03-19,21647,True
BATCH-000488,SKU-013,PLANT-A,2024-04-03,2026-04-03,20091,True
BATCH-000489,SKU-013,PLANT-A,2024-04-18,2026-04-18,19807,True
BATCH-000490,SKU-013,PLANT-A,2024-05-02,2026-05-02,20257,True
BATCH-000491,SKU-013,PLANT-A,2024-05-16,2026-05-16,17822,True
BATCH-000492,SKU-013,PLANT-A,2024-06-03,2026-06-03,16074,True
BATCH-000493,SKU-013,PLANT-A,2024-06-17,2026-06-17,19077,True
BATCH-000494,SKU-013,PLANT-A,2024-07-01,2026-07-01,18607,True
BATCH-000495,SKU-013,PLANT-A,2024-07-18,2026-07-18,19978,True
BATCH-000496,SKU-013,PLANT-A,2024-08-01,2026-08-01,21614,True
BATCH-000497,SKU-013,PLANT-A,2024-08-15,2026-08-15,20466,True
BATCH-000498,SKU-013,PLANT-A,2024-08-29,2026-08-29,17381,True
BATCH-000499,SKU-013,PLANT-A,2024-09-16,2026-09-16,16334,True
BATCH-000500,SKU-013,PLANT-A,2024-10-01,2026-10-01,18031,True
BATCH-000501,SKU-013,PLANT-A,2024-10-16,2026-10-16,19920,True
BATCH-000502,SKU-013,PLANT-A,2024-10-30,2026-10-30,21183,True
BATCH-000503,SKU-013,PLANT-A,2024-11-13,2026-11-13,17245,True
BATCH-000504,SKU-013,PLANT-A,2024-11-28,2026-11-28,16947,True
BATCH-000505,SKU-013,PLANT-A,2024-12-13,2026-12-13,17435,True
BATCH-000506,SKU-013,PLANT-A,2024-12-30,2026-12-30,18072,True
BATCH-000507,SKU-014,PLANT-A,2022-12-27,2025-06-14,27549,True
BATCH-000508,SKU-014,PLANT-A,2023-01-10,2025-06-28,23801,True
BATCH-000509,SKU-014,PLANT-A,2023-01-25,2025-07-13,26355,True
BATCH-000510,SKU-014,PLANT-A,2023-02-08,2025-07-27,25102,True
BATCH-000511,SKU-014,PLANT-A,2023-02-21,2025-08-09,24412,True
BATCH-000512,SKU-014,PLANT-A,2023-03-06,2025-08-22,29316,True
BATCH-000513,SKU-014,PLANT-A,2023-03-21,2025-09-06,29759,True
BATCH-000514,SKU-014,PLANT-A,2023-04-04,2025-09-20,23609,True
BATCH-000515,SKU-014,PLANT-A,2023-04-17,2025-10-03,31011,True
BATCH-000516,SKU-014,PLANT-A,2023-05-03,2025-10-19,30017,True
BATCH-000517,SKU-014,PLANT-A,2023-05-22,2025-11-07,26396,True
BATCH-000518,SKU-014,PLANT-A,2023-06-05,2025-11-21,28302,True
BATCH-000519,SKU-014,PLANT-A,2023-06-22,2025-12-08,30716,True
BATCH-000520,SKU-014,PLANT-A,2023-07-05,2025-12-21,26455,True
BATCH-000521,SKU-014,PLANT-A,2023-07-19,2026-01-04,25389,True
BATCH-000522,SKU-014,PLANT-A,2023-08-03,2026-01-19,25081,True
BATCH-000523,SKU-014,PLANT-A,2023-08-16,2026-02-01,28630,True
BATCH-000524,SKU-014,PLANT-A,2023-09-01,2026-02-17,26290,True
BATCH-000525,SKU-014,PLANT-A,2023-09-18,2026-03-06,29223,True
BATCH-000526,SKU-014,PLANT-A,2023-10-05,2026-03-23,27216,True
BATCH-000527,SKU-014,PLANT-A,2023-10-23,2026-04-10,29379,True
BATCH-000528,SKU-014,PLANT-A,2023-11-08,2026-04-26,28608,True
BATCH-000529,SKU-014,PLANT-A,2023-11-24,2026-05-12,29550,True
BATCH-000530,SKU-014,PLANT-A,2023-12-11,2026-05-29,29257,True
BATCH-000531,SKU-014,PLANT-A,2023-12-26,2026-06-13,23848,True
BATCH-000532,SKU-014,PLANT-A,2024-01-09,2026-06-27,30685,True
BATCH-000533,SKU-014,PLANT-A,2024-01-26,2026-07-14,29833,True
BATCH-000534,SKU-014,PLANT-A,2024-02-08,2026-07-27,24470,True
BATCH-000535,SKU-014,PLANT-A,2024-02-21,2026-08-09,29863,True
BATCH-000536,SKU-014,PLANT-A,2024-03-08,2026-08-25,24096,True
BATCH-000537,SKU-014,PLANT-A,2024-03-22,2026-09-08,25015,True
BATCH-000538,SKU-014,PLANT-A,2024-04-08,2026-09-25,28679,True
BATCH-000539,SKU-014,PLANT-A,2024-04-24,2026-10-11,28710,True
BATCH-000540,SKU-014,PLANT-A,2024-05-07,2026-10-24,26665,True
BATCH-000541,SKU-014,PLANT-A,2024-05-24,2026-11-10,24063,True
BATCH-000542,SKU-014,PLANT-A,2024-06-07,2026-11-24,23570,True
BATCH-000543,SKU-014,PLANT-A,2024-06-24,2026-12-11,25467,True
BATCH-000544,SKU-014,PLANT-A,2024-07-11,2026-12-28,24308,True
BATCH-000545,SKU-014,PLANT-A,2024-07-29,2027-01-15,23132,True
BATCH-000546,SKU-014,PLANT-A,2024-08-14,2027-01-31,25000,True
BATCH-000547,SKU-014,PLANT-A,2024-08-27,2027-02-13,29444,True
BATCH-000548,SKU-014,PLANT-A,2024-09-11,2027-02-28,29233,True
BATCH-000549,SKU-014,PLANT-A,2024-09-27,2027-03-16,26480,True
BATCH-000550,SKU-014,PLANT-A,2024-10-11,2027-03-30,24510,True
BATCH-000551,SKU-014,PLANT-A,2024-10-25,2027-04-13,25289,True
BATCH-000552,SKU-014,PLANT-A,2024-11-11,2027-04-30,25404,True
BATCH-000553,SKU-014,PLANT-A,2024-11-27,2027-05-16,23811,True
BATCH-000554,SKU-014,PLANT-A,2024-12-12,2027-05-31,24398,True
BATCH-000555,SKU-014,PLANT-A,2024-12-30,2027-06-18,30192,True
BATCH-000556,SKU-015,PLANT-C,2022-12-12,2025-05-30,53121,True
BATCH-000557,SKU-015,PLANT-C,2023-01-09,2025-06-27,61738,True
BATCH-000558,SKU-015,PLANT-C,2023-02-02,2025-07-21,64176,True
BATCH-000559,SKU-015,PLANT-C,2023-02-24,2025-08-12,66718,False
BATCH-000560,SKU-015,PLANT-C,2023-03-20,2025-09-05,57972,True
BATCH-000561,SKU-015,PLANT-C,2023-04-12,2025-09-28,52073,True
BATCH-000562,SKU-015,PLANT-C,2023-05-08,2025-10-24,68582,True
BATCH-000563,SKU-015,PLANT-C,2023-06-02,2025-11-18,51123,True
BATCH-000564,SKU-015,PLANT-C,2023-06-26,2025-12-12,58757,True
BATCH-000565,SKU-015,PLANT-C,2023-07-21,2026-01-06,63127,True
BATCH-000566,SKU-015,PLANT-C,2023-08-15,2026-01-31,65299,True
BATCH-000567,SKU-015,PLANT-C,2023-09-07,2026-02-23,65093,True
BATCH-000568,SKU-015,PLANT-C,2023-10-03,2026-03-21,63176,True
BATCH-000569,SKU-015,PLANT-C,2023-10-27,2026-04-14,56224,True
BATCH-000570,SKU-015,PLANT-C,2023-11-22,2026-05-10,60804,True
BATCH-000571,SKU-015,PLANT-C,2023-12-18,2026-06-05,61229,True
BATCH-000572,SKU-015,PLANT-C,2024-01-09,2026-06-27,54861,True
BATCH-000573,SKU-015,PLANT-C,2024-02-02,2026-07-21,66897,True
BATCH-000574,SKU-015,PLANT-C,2024-02-26,2026-08-14,51899,True
BATCH-000575,SKU-015,PLANT-C,2024-03-22,2026-09-08,62999,True
BATCH-000576,SKU-015,PLANT-C,2024-04-15,2026-10-02,58165,True
BATCH-000577,SKU-015,PLANT-C,2024-05-10,2026-10-27,55639,True
BATCH-000578,SKU-015,PLANT-C,2024-06-03,2026-11-20,67258,True
BATCH-000579,SKU-015,PLANT-C,2024-06-25,2026-12-12,51141,True
BATCH-000580,SKU-015,PLANT-C,2024-07-17,2027-01-03,54978,True
BATCH-000581,SKU-015,PLANT-C,2024-08-12,2027-01-29,64854,True
BATCH-000582,SKU-015,PLANT-C,2024-09-03,2027-02-20,57607,True
BATCH-000583,SKU-015,PLANT-C,2024-09-26,2027-03-15,52012,True
BATCH-000584,SKU-015,PLANT-C,2024-10-22,2027-04-10,55013,True
BATCH-000585,SKU-015,PLANT-C,2024-11-18,2027-05-07,54512,True
BATCH-000586,SKU-015,PLANT-C,2024-12-16,2027-06-04,53930,True
BATCH-000587,SKU-016,PLANT-C,2022-12-12,2025-05-30,32819,True
BATCH-000588,SKU-016,PLANT-C,2023-01-04,2025-06-22,36817,True
BATCH-000589,SKU-016,PLANT-C,2023-01-26,2025-07-14,41229,True
BATCH-000590,SKU-016,PLANT-C,2023-02-17,2025-08-05,37437,True
BATCH-000591,SKU-016,PLANT-C,2023-03-13,2025-08-29,34747,True
BATCH-000592,SKU-016,PLANT-C,2023-04-05,2025-09-21,37683,True
BATCH-000593,SKU-016,PLANT-C,2023-04-27,2025-10-13,37502,True
BATCH-000594,SKU-016,PLANT-C,2023-05-23,2025-11-08,40999,True
BATCH-000595,SKU-016,PLANT-C,2023-06-14,2025-11-30,36390,True
BATCH-000596,SKU-016,PLANT-C,2023-07-06,2025-12-22,39724,True
BATCH-000597,SKU-016,PLANT-C,2023-07-31,2026-01-16,35197,True
BATCH-000598,SKU-016,PLANT-C,2023-08-23,2026-02-08,32120,True
BATCH-000599,SKU-016,PLANT-C,2023-09-18,2026-03-06,40393,True
BATCH-000600,SKU-016,PLANT-C,2023-10-11,2026-03-29,33796,True
BATCH-000601,SKU-016,PLANT-C,2023-11-06,2026-04-24,35331,True
BATCH-000602,SKU-016,PLANT-C,2023-12-04,2026-05-22,41004,True
BATCH-000603,SKU-016,PLANT-C,2024-01-01,2026-06-19,34077,True
BATCH-000604,SKU-016,PLANT-C,2024-01-25,2026-07-13,40428,True
BATCH-000605,SKU-016,PLANT-C,2024-02-19,2026-08-07,38792,True
BATCH-000606,SKU-016,PLANT-C,2024-03-15,2026-09-01,33525,True
BATCH-000607,SKU-016,PLANT-C,2024-04-10,2026-09-27,35799,True
BATCH-000608,SKU-016,PLANT-C,2024-05-02,2026-10-19,35557,True
BATCH-000609,SKU-016,PLANT-C,2024-05-28,2026-11-14,40432,True
BATCH-000610,SKU-016,PLANT-C,2024-06-24,2026-12-11,39152,True
BATCH-000611,SKU-016,PLANT-C,2024-07-19,2027-01-05,34081,True
BATCH-000612,SKU-016,PLANT-C,2024-08-14,2027-01-31,32084,True
BATCH-000613,SKU-016,PLANT-C,2024-09-09,2027-02-26,33465,True
BATCH-000614,SKU-016,PLANT-C,2024-10-04,2027-03-23,31858,True
BATCH-000615,SKU-016,PLANT-C,2024-10-29,2027-04-17,37901,True
BATCH-000616,SKU-016,PLANT-C,2024-11-22,2027-05-11,39680,True
BATCH-000617,SKU-016,PLANT-C,2024-12-16,2027-06-04,36734,True
BATCH-000618,SKU-017,PLANT-C,2022-12-19,2024-06-11,16930,True
BATCH-000619,SKU-017,PLANT-C,2023-01-09,2024-07-02,19995,True
BATCH-000620,SKU-017,PLANT-C,2023-01-30,2024-07-23,17464,True
BATCH-000621,SKU-017,PLANT-C,2023-02-16,2024-08-09,16920,True
BATCH-000622,SKU-017,PLANT-C,2023-03-07,2024-08-28,16793,True
BATCH-000623,SKU-017,PLANT-C,2023-03-27,2024-09-17,16975,True
BATCH-000624,SKU-017,PLANT-C,2023-04-17,2024-10-08,20197,True
BATCH-000625,SKU-017,PLANT-C,2023-05-08,2024-10-29,19596,True
BATCH-000626,SKU-017,PLANT-C,2023-05-29,2024-11-19,19940,True
BATCH-000627,SKU-017,PLANT-C,2023-06-19,2024-12-10,20672,True
BATCH-000628,SKU-017,PLANT-C,2023-07-10,2024-12-31,20830,True
BATCH-000629,SKU-017,PLANT-C,2023-07-27,2025-01-17,16340,True
BATCH-000630,SKU-017,PLANT-C,2023-08-15,2025-02-05,16705,True
BATCH-000631,SKU-017,PLANT-C,2023-09-04,2025-02-25,20513,True
BATCH-000632,SKU-017,PLANT-C,2023-09-25,2025-03-18,17401,True
BATCH-000633,SKU-017,PLANT-C,2023-10-12,2025-04-04,20049,True
BATCH-000634,SKU-017,PLANT-C,2023-10-31,2025-04-23,20656,True
BATCH-000635,SKU-017,PLANT-C,2023-11-17,2025-05-10,20700,True
BATCH-000636,SKU-017,PLANT-C,2023-12-08,2025-05-31,19852,True
BATCH-000637,SKU-017,PLANT-C,2023-12-27,2025-06-19,16219,False
BATCH-000638,SKU-017,PLANT-C,2024-01-15,2025-07-08,18323,True
BATCH-000639,SKU-017,PLANT-C,2024-02-05,2025-07-29,19704,True
BATCH-000640,SKU-017,PLANT-C,2024-02-26,2025-08-19,18804,True
BATCH-000641,SKU-017,PLANT-C,2024-03-18,2025-09-09,19166,True
BATCH-000642,SKU-017,PLANT-C,2024-04-05,2025-09-27,16143,True
BATCH-000643,SKU-017,PLANT-C,2024-04-25,2025-10-17,17243,True
BATCH-000644,SKU-017,PLANT-C,2024-05-15,2025-11-06,18772,True
BATCH-000645,SKU-017,PLANT-C,2024-06-03,2025-11-25,17714,True
BATCH-000646,SKU-017,PLANT-C,2024-06-24,2025-12-16,19127,True
BATCH-000647,SKU-017,PLANT-C,2024-07-11,2026-01-02,15874,True
BATCH-000648,SKU-017,PLANT-C,2024-07-31,2026-01-22,20211,True
BATCH-000649,SKU-017,PLANT-C,2024-08-19,2026-02-10,18144,True
BATCH-000650,SKU-017,PLANT-C,2024-09-05,2026-02-27,18204,True
BATCH-000651,SKU-017,PLANT-C,2024-09-24,2026-03-18,19449,True
BATCH-000652,SKU-017,PLANT-C,2024-10-15,2026-04-08,20872,True
BATCH-000653,SKU-017,PLANT-C,2024-11-04,2026-04-28,19079,True
BATCH-000654,SKU-017,PLANT-C,2024-11-25,2026-05-19,20972,True
BATCH-000655,SKU-017,PLANT-C,2024-12-16,2026-06-09,15706,True
BATCH-000656,SKU-018,PLANT-C,2022-12-13,2025-05-31,29771,True
BATCH-000657,SKU-018,PLANT-C,2023-01-09,2025-06-27,25088,True
BATCH-000658,SKU-018,PLANT-C,2023-02-03,2025-07-22,30704,True
BATCH-000659,SKU-018,PLANT-C,2023-03-02,2025-08-18,27131,True
BATCH-000660,SKU-018,PLANT-C,2023-03-29,2025-09-14,29690,True
BATCH-000661,SKU-018,PLANT-C,2023-04-25,2025-10-11,23611,True
BATCH-000662,SKU-018,PLANT-C,2023-05-19,2025-11-04,29684,True
BATCH-000663,SKU-018,PLANT-C,2023-06-15,2025-12-01,24622,True
BATCH-000664,SKU-018,PLANT-C,2023-07-10,2025-12-26,23316,True
BATCH-000665,SKU-018,PLANT-C,2023-08-07,2026-01-23,30769,True
BATCH-000666,SKU-018,PLANT-C,2023-09-01,2026-02-17,28565,True
BATCH-000667,SKU-018,PLANT-C,2023-09-28,2026-03-16,29388,True
BATCH-000668,SKU-018,PLANT-C,2023-10-23,2026-04-10,26111,True
BATCH-000669,SKU-018,PLANT-C,2023-11-16,2026-05-04,25439,True
BATCH-000670,SKU-018,PLANT-C,2023-12-11,2026-05-29,25667,True
BATCH-000671,SKU-018,PLANT-C,2024-01-08,2026-06-26,29373,True
BATCH-000672,SKU-018,PLANT-C,2024-02-02,2026-07-21,30216,True
BATCH-000673,SKU-018,PLANT-C,2024-02-26,2026-08-14,28098,True
BATCH-000674,SKU-018,PLANT-C,2024-03-22,2026-09-08,28672,True
BATCH-000675,SKU-018,PLANT-C,2024-04-15,2026-10-02,27244,True
BATCH-000676,SKU-018,PLANT-C,2024-05-08,2026-10-25,25083,True
BATCH-000677,SKU-018,PLANT-C,2024-06-03,2026-11-20,27575,True
BATCH-000678,SKU-018,PLANT-C,2024-07-01,2026-12-18,28211,True
BATCH-000679,SKU-018,PLANT-C,2024-07-29,2027-01-15,26025,True
BATCH-000680,SKU-018,PLANT-C,2024-08-21,2027-02-07,27613,True
BATCH-000681,SKU-018,PLANT-C,2024-09-16,2027-03-05,30727,True
BATCH-000682,SKU-018,PLANT-C,2024-10-09,2027-03-28,27075,True
BATCH-000683,SKU-018,PLANT-C,2024-11-04,2027-04-23,27209,True
BATCH-000684,SKU-018,PLANT-C,2024-11-28,2027-05-17,28534,True
BATCH-000685,SKU-018,PLANT-C,2024-12-23,2027-06-11,25702,True
BATCH-000686,SKU-019,PLANT-B,2022-12-09,2024-12-08,16600,True
BATCH-000687,SKU-019,PLANT-B,2023-01-04,2025-01-03,19085,True
BATCH-000688,SKU-019,PLANT-B,2023-01-30,2025-01-29,18366,True
BATCH-000689,SKU-019,PLANT-B,2023-02-23,2025-02-22,17434,True
BATCH-000690,SKU-019,PLANT-B,2023-03-20,2025-03-19,16272,True
BATCH-000691,SKU-019,PLANT-B,2023-04-14,2025-04-13,19910,True
BATCH-000692,SKU-019,PLANT-B,2023-05-10,2025-05-09,18807,True
BATCH-000693,SKU-019,PLANT-B,2023-06-01,2025-05-31,19443,True
BATCH-000694,SKU-019,PLANT-B,2023-06-26,2025-06-25,16821,True
BATCH-000695,SKU-019,PLANT-B,2023-07-20,2025-07-19,17317,True
BATCH-000696,SKU-019,PLANT-B,2023-08-11,2025-08-10,15295,True
BATCH-000697,SKU-019,PLANT-B,2023-09-06,2025-09-05,17012,True
BATCH-000698,SKU-019,PLANT-B,2023-10-02,2025-10-01,19597,True
BATCH-000699,SKU-019,PLANT-B,2023-10-24,2025-10-23,20061,True
BATCH-000700,SKU-019,PLANT-B,2023-11-20,2025-11-19,19191,True
BATCH-000701,SKU-019,PLANT-B,2023-12-15,2025-12-14,20567,True
BATCH-000702,SKU-019,PLANT-B,2024-01-10,2026-01-09,16807,True
BATCH-000703,SKU-019,PLANT-B,2024-02-02,2026-02-01,17376,True
BATCH-000704,SKU-019,PLANT-B,2024-02-26,2026-02-25,17231,True
BATCH-000705,SKU-019,PLANT-B,2024-03-22,2026-03-22,18514,True
BATCH-000706,SKU-019,PLANT-B,2024-04-16,2026-04-16,18065,True
BATCH-000707,SKU-019,PLANT-B,2024-05-13,2026-05-13,20043,True
BATCH-000708,SKU-019,PLANT-B,2024-06-04,2026-06-04,18759,True
BATCH-000709,SKU-019,PLANT-B,2024-06-26,2026-06-26,17534,True
BATCH-000710,SKU-019,PLANT-B,2024-07-19,2026-07-19,16047,True
BATCH-000711,SKU-019,PLANT-B,2024-08-12,2026-08-12,17479,True
BATCH-000712,SKU-019,PLANT-B,2024-09-03,2026-09-03,20177,True
BATCH-000713,SKU-019,PLANT-B,2024-09-30,2026-09-30,15510,True
BATCH-000714,SKU-019,PLANT-B,2024-10-23,2026-10-23,16597,True
BATCH-000715,SKU-019,PLANT-B,2024-11-18,2026-11-18,19760,True
BATCH-000716,SKU-019,PLANT-B,2024-12-13,2026-12-13,16448,True
BATCH-000717,SKU-020,PLANT-B,2022-12-19,2025-06-06,47426,True
BATCH-000718,SKU-020,PLANT-B,2023-01-02,2025-06-20,55447,True
BATCH-000719,SKU-020,PLANT-B,2023-01-19,2025-07-07,60231,True
BATCH-000720,SKU-020,PLANT-B,2023-02-01,2025-07-20,56823,True
BATCH-000721,SKU-020,PLANT-B,2023-02-16,2025-08-04,53282,True
BATCH-000722,SKU-020,PLANT-B,2023-03-01,2025-08-17,56192,True
BATCH-000723,SKU-020,PLANT-B,2023-03-15,2025-08-31,50473,True
BATCH-000724,SKU-020,PLANT-B,2023-04-03,2025-09-19,46659,True
BATCH-000725,SKU-020,PLANT-B,2023-04-18,2025-10-04,45145,True
BATCH-000726,SKU-020,PLANT-B,2023-05-05,2025-10-21,50479,True
BATCH-000727,SKU-020,PLANT-B,2023-05-22,2025-11-07,54942,True
BATCH-000728,SKU-020,PLANT-B,2023-06-07,2025-11-23,45518,True
BATCH-000729,SKU-020,PLANT-B,2023-06-23,2025-12-09,50762,True
BATCH-000730,SKU-020,PLANT-B,2023-07-10,2025-12-26,60214,True
BATCH-000731,SKU-020,PLANT-B,2023-07-27,2026-01-12,51209,True
BATCH-000732,SKU-020,PLANT-B,2023-08-14,2026-01-30,54572,True
BATCH-000733,SKU-020,PLANT-B,2023-08-28,2026-02-13,57275,True
BATCH-000734,SKU-020,PLANT-B,2023-09-11,2026-02-27,48089,True
BATCH-000735,SKU-020,PLANT-B,2023-09-25,2026-03-13,57653,True
BATCH-000736,SKU-020,PLANT-B,2023-10-11,2026-03-29,49823,True
BATCH-000737,SKU-020,PLANT-B,2023-10-26,2026-04-13,51023,True
BATCH-000738,SKU-020,PLANT-B,2023-11-09,2026-04-27,48904,True
BATCH-000739,SKU-020,PLANT-B,2023-11-27,2026-05-15,58007,True
BATCH-000740,SKU-020,PLANT-B,2023-12-12,2026-05-30,58418,True
BATCH-000741,SKU-020,PLANT-B,2023-12-26,2026-06-13,44872,True
BATCH-000742,SKU-020,PLANT-B,2024-01-12,2026-06-30,54236,True
BATCH-000743,SKU-020,PLANT-B,2024-01-25,2026-07-13,44997,True
BATCH-000744,SKU-020,PLANT-B,2024-02-09,2026-07-28,51916,True
BATCH-000745,SKU-020,PLANT-B,2024-02-26,2026-08-14,47528,True
BATCH-000746,SKU-020,PLANT-B,2024-03-13,2026-08-30,53627,True
BATCH-000747,SKU-020,PLANT-B,2024-03-27,2026-09-13,44988,True
BATCH-000748,SKU-020,PLANT-B,2024-04-10,2026-09-27,53687,True
BATCH-000749,SKU-020,PLANT-B,2024-04-23,2026-10-10,51423,True
BATCH-000750,SKU-020,PLANT-B,2024-05-07,2026-10-24,53288,True
BATCH-000751,SKU-020,PLANT-B,2024-05-21,2026-11-07,49004,True
BATCH-000752,SKU-020,PLANT-B,2024-06-03,2026-11-20,48196,True
BATCH-000753,SKU-020,PLANT-B,2024-06-17,2026-12-04,56128,True
BATCH-000754,SKU-020,PLANT-B,2024-07-02,2026-12-19,57303,True
BATCH-000755,SKU-020,PLANT-B,2024-07-18,2027-01-04,52627,True
BATCH-000756,SKU-020,PLANT-B,2024-07-31,2027-01-17,56447,True
BATCH-000757,SKU-020,PLANT-B,2024-08-15,2027-02-01,60274,True
BATCH-000758,SKU-020,PLANT-B,2024-09-02,2027-02-19,55839,True
BATCH-000759,SKU-020,PLANT-B,2024-09-17,2027-03-06,56382,True
BATCH-000760,SKU-020,PLANT-B,2024-10-03,2027-03-22,55311,True
BATCH-000761,SKU-020,PLANT-B,2024-10-18,2027-04-06,49724,True
BATCH-000762,SKU-020,PLANT-B,2024-11-04,2027-04-23,56744,True
BATCH-000763,SKU-020,PLANT-B,2024-11-18,2027-05-07,45227,True
BATCH-000764,SKU-020,PLANT-B,2024-12-02,2027-05-21,52881,True
BATCH-000765,SKU-020,PLANT-B,2024-12-16,2027-06-04,51501,True
BATCH-000766,SKU-020,PLANT-B,2024-12-31,2027-06-19,46511,True
BATCH-000767,SKU-021,PLANT-B,2022-12-26,2025-06-13,31469,True
BATCH-000768,SKU-021,PLANT-B,2023-01-03,2025-06-21,33147,True
BATCH-000769,SKU-021,PLANT-B,2023-01-16,2025-07-04,30777,True
BATCH-000770,SKU-021,PLANT-B,2023-01-30,2025-07-18,32321,True
BATCH-000771,SKU-021,PLANT-B,2023-02-10,2025-07-29,29784,True
BATCH-000772,SKU-021,PLANT-B,2023-02-20,2025-08-08,31843,True
BATCH-000773,SKU-021,PLANT-B,2023-03-02,2025-08-18,30594,True
BATCH-000774,SKU-021,PLANT-B,2023-03-13,2025-08-29,31152,True
BATCH-000775,SKU-021,PLANT-B,2023-03-22,2025-09-07,34982,True
BATCH-000776,SKU-021,PLANT-B,2023-04-03,2025-09-19,27161,True
BATCH-000777,SKU-021,PLANT-B,2023-04-14,2025-09-30,31138,False
BATCH-000778,SKU-021,PLANT-B,2023-04-25,2025-10-11,28601,True
BATCH-000779,SKU-021,PLANT-B,2023-05-04,2025-10-20,32898,True
BATCH-000780,SKU-021,PLANT-B,2023-05-12,2025-10-28,27291,False
BATCH-000781,SKU-021,PLANT-B,2023-05-24,2025-11-09,32204,True
BATCH-000782,SKU-021,PLANT-B,2023-06-01,2025-11-17,27921,True
BATCH-000783,SKU-021,PLANT-B,2023-06-12,2025-11-28,34396,True
BATCH-000784,SKU-021,PLANT-B,2023-06-26,2025-12-12,27504,True
BATCH-000785,SKU-021,PLANT-B,2023-07-06,2025-12-22,36140,True
BATCH-000786,SKU-021,PLANT-B,2023-07-14,2025-12-30,35271,True
BATCH-000787,SKU-021,PLANT-B,2023-07-24,2026-01-09,34205,True
BATCH-000788,SKU-021,PLANT-B,2023-08-02,2026-01-18,31422,True
BATCH-000789,SKU-021,PLANT-B,2023-08-14,2026-01-30,29007,True
BATCH-000790,SKU-021,PLANT-B,2023-08-24,2026-02-09,28839,True
BATCH-000791,SKU-021,PLANT-B,2023-09-04,2026-02-20,33592,True
BATCH-000792,SKU-021,PLANT-B,2023-09-18,2026-03-06,32932,True
BATCH-000793,SKU-021,PLANT-B,2023-09-29,2026-03-17,34550,True
BATCH-000794,SKU-021,PLANT-B,2023-10-09,2026-03-27,32904,True
BATCH-000795,SKU-021,PLANT-B,2023-10-17,2026-04-04,27339,True
BATCH-000796,SKU-021,PLANT-B,2023-10-25,2026-04-12,29728,True
BATCH-000797,SKU-021,PLANT-B,2023-11-06,2026-04-24,31442,True
BATCH-000798,SKU-021,PLANT-B,2023-11-16,2026-05-04,33547,True
BATCH-000799,SKU-021,PLANT-B,2023-11-27,2026-05-15,30146,False
BATCH-000800,SKU-021,PLANT-B,2023-12-07,2026-05-25,34381,True
BATCH-000801,SKU-021,PLANT-B,2023-12-19,2026-06-06,33574,True
BATCH-000802,SKU-021,PLANT-B,2023-12-27,2026-06-14,28888,True
BATCH-000803,SKU-021,PLANT-B,2024-01-08,2026-06-26,27883,True
BATCH-000804,SKU-021,PLANT-B,2024-01-16,2026-07-04,33659,True
BATCH-000805,SKU-021,PLANT-B,2024-01-29,2026-07-17,34467,True
BATCH-000806,SKU-021,PLANT-B,2024-02-06,2026-07-25,28895,True
BATCH-000807,SKU-021,PLANT-B,2024-02-15,2026-08-03,31297,True
BATCH-000808,SKU-021,PLANT-B,2024-02-26,2026-08-14,29273,True
BATCH-000809,SKU-021,PLANT-B,2024-03-11,2026-08-28,29547,True
BATCH-000810,SKU-021,PLANT-B,2024-03-22,2026-09-08,31888,True
BATCH-000811,SKU-021,PLANT-B,2024-04-01,2026-09-18,31218,True
BATCH-000812,SKU-021,PLANT-B,2024-04-10,2026-09-27,27481,True
BATCH-000813,SKU-021,PLANT-B,2024-04-19,2026-10-06,34361,True
BATCH-000814,SKU-021,PLANT-B,2024-04-29,2026-10-16,30118,True
BATCH-000815,SKU-021,PLANT-B,2024-05-07,2026-10-24,32347,True
BATCH-000816,SKU-021,PLANT-B,2024-05-17,2026-11-03,33347,True
BATCH-000817,SKU-021,PLANT-B,2024-05-27,2026-11-13,35416,True
BATCH-000818,SKU-021,PLANT-B,2024-06-07,2026-11-24,32391,True
BATCH-000819,SKU-021,PLANT-B,2024-06-18,2026-12-05,28600,True
BATCH-000820,SKU-021,PLANT-B,2024-06-27,2026-12-14,36029,True
BATCH-000821,SKU-021,PLANT-B,2024-07-08,2026-12-25,29084,True
BATCH-000822,SKU-021,PLANT-B,2024-07-19,2027-01-05,33711,True
BATCH-000823,SKU-021,PLANT-B,2024-07-29,2027-01-15,28954,True
BATCH-000824,SKU-021,PLANT-B,2024-08-08,2027-01-25,31297,True
BATCH-000825,SKU-021,PLANT-B,2024-08-19,2027-02-05,28748,True
BATCH-000826,SKU-021,PLANT-B,2024-08-28,2027-02-14,30102,True
BATCH-000827,SKU-021,PLANT-B,2024-09-09,2027-02-26,27060,True
BATCH-000828,SKU-021,PLANT-B,2024-09-19,2027-03-08,34848,True
BATCH-000829,SKU-021,PLANT-B,2024-09-30,2027-03-19,30358,True
BATCH-000830,SKU-021,PLANT-B,2024-10-14,2027-04-02,27137,True
BATCH-000831,SKU-021,PLANT-B,2024-10-22,2027-04-10,29993,True
BATCH-000832,SKU-021,PLANT-B,2024-11-01,2027-04-20,30883,True
BATCH-000833,SKU-021,PLANT-B,2024-11-13,2027-05-02,27908,True
BATCH-000834,SKU-021,PLANT-B,2024-11-22,2027-05-11,31742,True
BATCH-000835,SKU-021,PLANT-B,2024-12-04,2027-05-23,29474,True
BATCH-000836,SKU-021,PLANT-B,2024-12-12,2027-05-31,28519,True
BATCH-000837,SKU-021,PLANT-B,2024-12-23,2027-06-11,33488,True
BATCH-000838,SKU-022,PLANT-B,2022-12-26,2024-12-25,26354,True
BATCH-000839,SKU-022,PLANT-B,2023-01-10,2025-01-09,24807,True
BATCH-000840,SKU-022,PLANT-B,2023-01-23,2025-01-22,21580,True
BATCH-000841,SKU-022,PLANT-B,2023-02-07,2025-02-06,27356,True
BATCH-000842,SKU-022,PLANT-B,2023-02-20,2025-02-19,26798,True
BATCH-000843,SKU-022,PLANT-B,2023-03-06,2025-03-05,27775,True
BATCH-000844,SKU-022,PLANT-B,2023-03-20,2025-03-19,27270,True
BATCH-000845,SKU-022,PLANT-B,2023-04-03,2025-04-02,26747,True
BATCH-000846,SKU-022,PLANT-B,2023-04-17,2025-04-16,26316,True
BATCH-000847,SKU-022,PLANT-B,2023-05-01,2025-04-30,24104,True
BATCH-000848,SKU-022,PLANT-B,2023-05-12,2025-05-11,27039,True
BATCH-000849,SKU-022,PLANT-B,2023-05-25,2025-05-24,27906,True
BATCH-000850,SKU-022,PLANT-B,2023-06-08,2025-06-07,25715,True
BATCH-000851,SKU-022,PLANT-B,2023-06-23,2025-06-22,27553,True
BATCH-000852,SKU-022,PLANT-B,2023-07-05,2025-07-04,21347,True
BATCH-000853,SKU-022,PLANT-B,2023-07-20,2025-07-19,28783,True
BATCH-000854,SKU-022,PLANT-B,2023-08-01,2025-07-31,28110,True
BATCH-000855,SKU-022,PLANT-B,2023-08-14,2025-08-13,25565,True
BATCH-000856,SKU-022,PLANT-B,2023-08-25,2025-08-24,23203,True
BATCH-000857,SKU-022,PLANT-B,2023-09-11,2025-09-10,25752,True
BATCH-000858,SKU-022,PLANT-B,2023-09-25,2025-09-24,23396,True
BATCH-000859,SKU-022,PLANT-B,2023-10-09,2025-10-08,23480,True
BATCH-000860,SKU-022,PLANT-B,2023-10-23,2025-10-22,27060,True
BATCH-000861,SKU-022,PLANT-B,2023-11-06,2025-11-05,22495,True
BATCH-000862,SKU-022,PLANT-B,2023-11-20,2025-11-19,26924,True
BATCH-000863,SKU-022,PLANT-B,2023-12-04,2025-12-03,22363,True
BATCH-000864,SKU-022,PLANT-B,2023-12-19,2025-12-18,23509,True
BATCH-000865,SKU-022,PLANT-B,2024-01-03,2026-01-02,28063,True
BATCH-000866,SKU-022,PLANT-B,2024-01-15,2026-01-14,21682,True
BATCH-000867,SKU-022,PLANT-B,2024-01-26,2026-01-25,21900,True
BATCH-000868,SKU-022,PLANT-B,2024-02-12,2026-02-11,23654,True
BATCH-000869,SKU-022,PLANT-B,2024-02-26,2026-02-25,22003,True
BATCH-000870,SKU-022,PLANT-B,2024-03-12,2026-03-12,28332,True
BATCH-000871,SKU-022,PLANT-B,2024-03-27,2026-03-27,24595,True
BATCH-000872,SKU-022,PLANT-B,2024-04-08,2026-04-08,23099,True
BATCH-000873,SKU-022,PLANT-B,2024-04-22,2026-04-22,24854,True
BATCH-000874,SKU-022,PLANT-B,2024-05-06,2026-05-06,23698,True
BATCH-000875,SKU-022,PLANT-B,2024-05-21,2026-05-21,22836,True
BATCH-000876,SKU-022,PLANT-B,2024-06-03,2026-06-03,24391,True
BATCH-000877,SKU-022,PLANT-B,2024-06-17,2026-06-17,24478,True
BATCH-000878,SKU-022,PLANT-B,2024-07-02,2026-07-02,22372,True
BATCH-000879,SKU-022,PLANT-B,2024-07-15,2026-07-15,23567,True
BATCH-000880,SKU-022,PLANT-B,2024-07-29,2026-07-29,24961,True
BATCH-000881,SKU-022,PLANT-B,2024-08-13,2026-08-13,23937,True
BATCH-000882,SKU-022,PLANT-B,2024-08-26,2026-08-26,28315,True
BATCH-000883,SKU-022,PLANT-B,2024-09-09,2026-09-09,23834,True
BATCH-000884,SKU-022,PLANT-B,2024-09-23,2026-09-23,22638,True
BATCH-000885,SKU-022,PLANT-B,2024-10-07,2026-10-07,26350,True
BATCH-000886,SKU-022,PLANT-B,2024-10-21,2026-10-21,27610,True
BATCH-000887,SKU-022,PLANT-B,2024-11-04,2026-11-04,26383,True
BATCH-000888,SKU-022,PLANT-B,2024-11-18,2026-11-18,22809,True
BATCH-000889,SKU-022,PLANT-B,2024-11-29,2026-11-29,28490,True
BATCH-000890,SKU-022,PLANT-B,2024-12-10,2026-12-10,25799,True
BATCH-000891,SKU-022,PLANT-B,2024-12-24,2026-12-24,21968,True
BATCH-000892,SKU-023,PLANT-B,2022-12-26,2024-06-18,25619,True
BATCH-000893,SKU-023,PLANT-B,2023-01-09,2024-07-02,21967,True
BATCH-000894,SKU-023,PLANT-B,2023-01-23,2024-07-16,22751,True
BATCH-000895,SKU-023,PLANT-B,2023-02-06,2024-07-30,23475,True
BATCH-000896,SKU-023,PLANT-B,2023-02-21,2024-08-14,23470,True
BATCH-000897,SKU-023,PLANT-B,2023-03-06,2024-08-27,24237,True
BATCH-000898,SKU-023,PLANT-B,2023-03-20,2024-09-10,19130,True
BATCH-000899,SKU-023,PLANT-B,2023-03-31,2024-09-21,19215,True
BATCH-000900,SKU-023,PLANT-B,2023-04-12,2024-10-03,24941,True
BATCH-000901,SKU-023,PLANT-B,2023-04-24,2024-10-15,20404,True
BATCH-000902,SKU-023,PLANT-B,2023-05-05,2024-10-26,20349,True
BATCH-000903,SKU-023,PLANT-B,2023-05-18,2024-11-08,24406,True
BATCH-000904,SKU-023,PLANT-B,2023-05-29,2024-11-19,21930,True
BATCH-000905,SKU-023,PLANT-B,2023-06-12,2024-12-03,22318,True
BATCH-000906,SKU-023,PLANT-B,2023-06-26,2024-12-17,24085,True
BATCH-000907,SKU-023,PLANT-B,2023-07-10,2024-12-31,22853,True
BATCH-000908,SKU-023,PLANT-B,2023-07-24,2025-01-14,25555,True
BATCH-000909,SKU-023,PLANT-B,2023-08-07,2025-01-28,22203,True
BATCH-000910,SKU-023,PLANT-B,2023-08-18,2025-02-08,25043,True
BATCH-000911,SKU-023,PLANT-B,2023-08-31,2025-02-21,22738,True
BATCH-000912,SKU-023,PLANT-B,2023-09-12,2025-03-05,19126,True
BATCH-000913,SKU-023,PLANT-B,2023-09-25,2025-03-18,20209,True
BATCH-000914,SKU-023,PLANT-B,2023-10-09,2025-04-01,21337,True
BATCH-000915,SKU-023,PLANT-B,2023-10-24,2025-04-16,22597,True
BATCH-000916,SKU-023,PLANT-B,2023-11-06,2025-04-29,24108,True
BATCH-000917,SKU-023,PLANT-B,2023-11-20,2025-05-13,23138,True
BATCH-000918,SKU-023,PLANT-B,2023-12-04,2025-05-27,24311,True
BATCH-000919,SKU-023,PLANT-B,2023-12-15,2025-06-07,22197,True
BATCH-000920,SKU-023,PLANT-B,2023-12-27,2025-06-19,24411,True
BATCH-000921,SKU-023,PLANT-B,2024-01-08,2025-07-01,19579,True
BATCH-000922,SKU-023,PLANT-B,2024-01-22,2025-07-15,22248,True
BATCH-000923,SKU-023,PLANT-B,2024-02-05,2025-07-29,19295,True
BATCH-000924,SKU-023,PLANT-B,2024-02-20,2025-08-13,19396,True
BATCH-000925,SKU-023,PLANT-B,2024-03-06,2025-08-28,19649,True
BATCH-000926,SKU-023,PLANT-B,2024-03-20,2025-09-11,25395,True
BATCH-000927,SKU-023,PLANT-B,2024-04-02,2025-09-24,19164,True
BATCH-000928,SKU-023,PLANT-B,2024-04-16,2025-10-08,20867,True
BATCH-000929,SKU-023,PLANT-B,2024-04-30,2025-10-22,22706,True
BATCH-000930,SKU-023,PLANT-B,2024-05-14,2025-11-05,24796,True
BATCH-000931,SKU-023,PLANT-B,2024-05-29,2025-11-20,19196,True
BATCH-000932,SKU-023,PLANT-B,2024-06-10,2025-12-02,20997,True
BATCH-000933,SKU-023,PLANT-B,2024-06-24,2025-12-16,20673,True
BATCH-000934,SKU-023,PLANT-B,2024-07-08,2025-12-30,24012,True
BATCH-000935,SKU-023,PLANT-B,2024-07-22,2026-01-13,19366,True
BATCH-000936,SKU-023,PLANT-B,2024-08-02,2026-01-24,22619,True
BATCH-000937,SKU-023,PLANT-B,2024-08-15,2026-02-06,20265,True
BATCH-000938,SKU-023,PLANT-B,2024-08-29,2026-02-20,23771,True
BATCH-000939,SKU-023,PLANT-B,2024-09-12,2026-03-06,19610,True
BATCH-000940,SKU-023,PLANT-B,2024-09-25,2026-03-19,21240,True
BATCH-000941,SKU-023,PLANT-B,2024-10-07,2026-03-31,22402,True
BATCH-000942,SKU-023,PLANT-B,2024-10-21,2026-04-14,19332,True
BATCH-000943,SKU-023,PLANT-B,2024-11-04,2026-04-28,22766,True
BATCH-000944,SKU-023,PLANT-B,2024-11-19,2026-05-13,25317,True
BATCH-000945,SKU-023,PLANT-B,2024-12-02,2026-05-26,24039,True
BATCH-000946,SKU-023,PLANT-B,2024-12-16,2026-06-09,20722,True
BATCH-000947,SKU-023,PLANT-B,2024-12-27,2026-06-20,19517,True
BATCH-000948,SKU-024,PLANT-A,2022-12-23,2025-06-10,41815,False
BATCH-000949,SKU-024,PLANT-A,2023-01-13,2025-07-01,40590,True
BATCH-000950,SKU-024,PLANT-A,2023-02-02,2025-07-21,37432,True
BATCH-000951,SKU-024,PLANT-A,2023-02-23,2025-08-11,35914,True
BATCH-000952,SKU-024,PLANT-A,2023-03-15,2025-08-31,43747,True
BATCH-000953,SKU-024,PLANT-A,2023-04-06,2025-09-22,39887,True
BATCH-000954,SKU-024,PLANT-A,2023-04-25,2025-10-11,41454,True
BATCH-000955,SKU-024,PLANT-A,2023-05-18,2025-11-03,34733,True
BATCH-000956,SKU-024,PLANT-A,2023-06-09,2025-11-25,35433,True
BATCH-000957,SKU-024,PLANT-A,2023-07-03,2025-12-19,35149,True
BATCH-000958,SKU-024,PLANT-A,2023-07-24,2026-01-09,35191,True
BATCH-000959,SKU-024,PLANT-A,2023-08-14,2026-01-30,36279,True
BATCH-000960,SKU-024,PLANT-A,2023-09-04,2026-02-20,46058,True
BATCH-000961,SKU-024,PLANT-A,2023-09-26,2026-03-14,42997,True
BATCH-000962,SKU-024,PLANT-A,2023-10-19,2026-04-06,45228,True
BATCH-000963,SKU-024,PLANT-A,2023-11-09,2026-04-27,37266,True
BATCH-000964,SKU-024,PLANT-A,2023-11-30,2026-05-18,46346,True
BATCH-000965,SKU-024,PLANT-A,2023-12-19,2026-06-06,45524,True
BATCH-000966,SKU-024,PLANT-A,2024-01-11,2026-06-29,39881,True
BATCH-000967,SKU-024,PLANT-A,2024-01-30,2026-07-18,43656,True
BATCH-000968,SKU-024,PLANT-A,2024-02-22,2026-08-10,35247,True
BATCH-000969,SKU-024,PLANT-A,2024-03-13,2026-08-30,39085,True
BATCH-000970,SKU-024,PLANT-A,2024-04-05,2026-09-22,34427,True
BATCH-000971,SKU-024,PLANT-A,2024-04-29,2026-10-16,44635,True
BATCH-000972,SKU-024,PLANT-A,2024-05-22,2026-11-08,40761,True
BATCH-000973,SKU-024,PLANT-A,2024-06-12,2026-11-29,36212,True
BATCH-000974,SKU-024,PLANT-A,2024-07-04,2026-12-21,35136,True
BATCH-000975,SKU-024,PLANT-A,2024-07-29,2027-01-15,38370,True
BATCH-000976,SKU-024,PLANT-A,2024-08-19,2027-02-05,34517,True
BATCH-000977,SKU-024,PLANT-A,2024-09-09,2027-02-26,37179,True
BATCH-000978,SKU-024,PLANT-A,2024-09-30,2027-03-19,39648,True
BATCH-000979,SKU-024,PLANT-A,2024-10-21,2027-04-09,42347,True
BATCH-000980,SKU-024,PLANT-A,2024-11-12,2027-05-01,43800,True
BATCH-000981,SKU-024,PLANT-A,2024-12-04,2027-05-23,40160,True
BATCH-000982,SKU-024,PLANT-A,2024-12-26,2027-06-14,37259,True
BATCH-000983,SKU-025,PLANT-A,2022-12-26,2025-06-13,22569,True
BATCH-000984,SKU-025,PLANT-A,2023-01-06,2025-06-24,25001,True
BATCH-000985,SKU-025,PLANT-A,2023-01-18,2025-07-06,29219,True
BATCH-000986,SKU-025,PLANT-A,2023-01-30,2025-07-18,28800,True
BATCH-000987,SKU-025,PLANT-A,2023-02-10,2025-07-29,25742,True
BATCH-000988,SKU-025,PLANT-A,2023-02-21,2025-08-09,26442,True
BATCH-000989,SKU-025,PLANT-A,2023-03-03,2025-08-19,25905,True
BATCH-000990,SKU-025,PLANT-A,2023-03-14,2025-08-30,25880,True
BATCH-000991,SKU-025,PLANT-A,2023-03-28,2025-09-13,25411,True
BATCH-000992,SKU-025,PLANT-A,2023-04-10,2025-09-26,24982,True
BATCH-000993,SKU-025,PLANT-A,2023-04-24,2025-10-10,24607,True
BATCH-000994,SKU-025,PLANT-A,2023-05-08,2025-10-24,24669,True
BATCH-000995,SKU-025,PLANT-A,2023-05-19,2025-11-04,24295,True
BATCH-000996,SKU-025,PLANT-A,2023-05-31,2025-11-16,24137,True
BATCH-000997,SKU-025,PLANT-A,2023-06-12,2025-11-28,24332,True
BATCH-000998,SKU-025,PLANT-A,2023-06-23,2025-12-09,22753,True
BATCH-000999,SKU-025,PLANT-A,2023-07-05,2025-12-21,25839,True
BATCH-001000,SKU-025,PLANT-A,2023-07-19,2026-01-04,25313,True
BATCH-001001,SKU-025,PLANT-A,2023-07-31,2026-01-16,22991,True
BATCH-001002,SKU-025,PLANT-A,2023-08-11,2026-01-27,26080,True
BATCH-001003,SKU-025,PLANT-A,2023-08-25,2026-02-10,23544,False
BATCH-001004,SKU-025,PLANT-A,2023-09-07,2026-02-23,22638,True
BATCH-001005,SKU-025,PLANT-A,2023-09-21,2026-03-09,27737,True
BATCH-001006,SKU-025,PLANT-A,2023-10-03,2026-03-21,25652,True
BATCH-001007,SKU-025,PLANT-A,2023-10-16,2026-04-03,25620,True
BATCH-001008,SKU-025,PLANT-A,2023-10-27,2026-04-14,21809,True
BATCH-001009,SKU-025,PLANT-A,2023-11-10,2026-04-28,22755,True
BATCH-001010,SKU-025,PLANT-A,2023-11-24,2026-05-12,27695,True
BATCH-001011,SKU-025,PLANT-A,2023-12-07,2026-05-25,22507,True
BATCH-001012,SKU-025,PLANT-A,2023-12-20,2026-06-07,23076,True
BATCH-001013,SKU-025,PLANT-A,2024-01-01,2026-06-19,23191,True
BATCH-001014,SKU-025,PLANT-A,2024-01-11,2026-06-29,24706,True
BATCH-001015,SKU-025,PLANT-A,2024-01-25,2026-07-13,28685,True
BATCH-001016,SKU-025,PLANT-A,2024-02-07,2026-07-26,25288,True
BATCH-001017,SKU-025,PLANT-A,2024-02-19,2026-08-07,27830,True
BATCH-001018,SKU-025,PLANT-A,2024-02-29,2026-08-17,28831,True
BATCH-001019,SKU-025,PLANT-A,2024-03-13,2026-08-30,27416,True
BATCH-001020,SKU-025,PLANT-A,2024-03-27,2026-09-13,28472,True
BATCH-001021,SKU-025,PLANT-A,2024-04-08,2026-09-25,24659,True
BATCH-001022,SKU-025,PLANT-A,2024-04-22,2026-10-09,28770,True
BATCH-001023,SKU-025,PLANT-A,2024-05-03,2026-10-20,28418,True
BATCH-001024,SKU-025,PLANT-A,2024-05-14,2026-10-31,23068,True
BATCH-001025,SKU-025,PLANT-A,2024-05-27,2026-11-13,24907,True
BATCH-001026,SKU-025,PLANT-A,2024-06-10,2026-11-27,25507,True
BATCH-001027,SKU-025,PLANT-A,2024-06-24,2026-12-11,27606,True
BATCH-001028,SKU-025,PLANT-A,2024-07-05,2026-12-22,25700,True
BATCH-001029,SKU-025,PLANT-A,2024-07-16,2027-01-02,26535,True
BATCH-001030,SKU-025,PLANT-A,2024-07-26,2027-01-12,24267,True
BATCH-001031,SKU-025,PLANT-A,2024-08-07,2027-01-24,28733,True
BATCH-001032,SKU-025,PLANT-A,2024-08-19,2027-02-05,23861,True
BATCH-001033,SKU-025,PLANT-A,2024-08-29,2027-02-15,25023,True
BATCH-001034,SKU-025,PLANT-A,2024-09-11,2027-02-28,26905,True
BATCH-001035,SKU-025,PLANT-A,2024-09-25,2027-03-14,28966,True
BATCH-001036,SKU-025,PLANT-A,2024-10-07,2027-03-26,27151,True
BATCH-001037,SKU-025,PLANT-A,2024-10-21,2027-04-09,22187,True
BATCH-001038,SKU-025,PLANT-A,2024-11-04,2027-04-23,25313,True
BATCH-001039,SKU-025,PLANT-A,2024-11-18,2027-05-07,23167,True
BATCH-001040,SKU-025,PLANT-A,2024-11-29,2027-05-18,26735,True
BATCH-001041,SKU-025,PLANT-A,2024-12-09,2027-05-28,27873,True
BATCH-001042,SKU-025,PLANT-A,2024-12-19,2027-06-07,21798,True
BATCH-001043,SKU-026,PLANT-A,2022-12-19,2024-12-18,15849,True
BATCH-001044,SKU-026,PLANT-A,2023-01-16,2025-01-15,14156,True
BATCH-001045,SKU-026,PLANT-A,2023-02-08,2025-02-07,14290,True
BATCH-001046,SKU-026,PLANT-A,2023-03-07,2025-03-06,15101,True
BATCH-001047,SKU-026,PLANT-A,2023-04-03,2025-04-02,16423,True
BATCH-001048,SKU-026,PLANT-A,2023-05-01,2025-04-30,13405,True
BATCH-001049,SKU-026,PLANT-A,2023-05-29,2025-05-28,14124,True
BATCH-001050,SKU-026,PLANT-A,2023-06-26,2025-06-25,16051,True
BATCH-001051,SKU-026,PLANT-A,2023-07-19,2025-07-18,12533,True
BATCH-001052,SKU-026,PLANT-A,2023-08-14,2025-08-13,16813,True
BATCH-001053,SKU-026,PLANT-A,2023-09-08,2025-09-07,14501,True
BATCH-001054,SKU-026,PLANT-A,2023-10-03,2025-10-02,12839,True
BATCH-001055,SKU-026,PLANT-A,2023-10-30,2025-10-29,15851,True
BATCH-001056,SKU-026,PLANT-A,2023-11-27,2025-11-26,15736,True
BATCH-001057,SKU-026,PLANT-A,2023-12-25,2025-12-24,16096,False
BATCH-001058,SKU-026,PLANT-A,2024-01-18,2026-01-17,14647,True
BATCH-001059,SKU-026,PLANT-A,2024-02-13,2026-02-12,14495,True
BATCH-001060,SKU-026,PLANT-A,2024-03-11,2026-03-11,16354,True
BATCH-001061,SKU-026,PLANT-A,2024-04-08,2026-04-08,12692,True
BATCH-001062,SKU-026,PLANT-A,2024-05-06,2026-05-06,16340,True
BATCH-001063,SKU-026,PLANT-A,2024-05-31,2026-05-31,12741,True
BATCH-001064,SKU-026,PLANT-A,2024-06-25,2026-06-25,15423,True
BATCH-001065,SKU-026,PLANT-A,2024-07-19,2026-07-19,15453,True
BATCH-001066,SKU-026,PLANT-A,2024-08-12,2026-08-12,16620,True
BATCH-001067,SKU-026,PLANT-A,2024-09-05,2026-09-05,14071,True
BATCH-001068,SKU-026,PLANT-A,2024-09-30,2026-09-30,14678,True
BATCH-001069,SKU-026,PLANT-A,2024-10-28,2026-10-28,14560,True
BATCH-001070,SKU-026,PLANT-A,2024-11-22,2026-11-22,15334,True
BATCH-001071,SKU-026,PLANT-A,2024-12-16,2026-12-16,13963,True
BATCH-001072,SKU-027,PLANT-A,2022-12-26,2025-06-13,8500,True
BATCH-001073,SKU-027,PLANT-A,2023-01-17,2025-07-05,10603,False
BATCH-001074,SKU-027,PLANT-A,2023-02-06,2025-07-25,8282,True
BATCH-001075,SKU-027,PLANT-A,2023-02-28,2025-08-16,9769,True
BATCH-001076,SKU-027,PLANT-A,2023-03-21,2025-09-06,9672,True
BATCH-001077,SKU-027,PLANT-A,2023-04-12,2025-09-28,10224,True
BATCH-001078,SKU-027,PLANT-A,2023-05-01,2025-10-17,8805,True
BATCH-001079,SKU-027,PLANT-A,2023-05-23,2025-11-08,10429,True
BATCH-001080,SKU-027,PLANT-A,2023-06-13,2025-11-29,9016,True
BATCH-001081,SKU-027,PLANT-A,2023-07-04,2025-12-20,8128,True
BATCH-001082,SKU-027,PLANT-A,2023-07-26,2026-01-11,9920,True
BATCH-001083,SKU-027,PLANT-A,2023-08-14,2026-01-30,8334,True
BATCH-001084,SKU-027,PLANT-A,2023-09-05,2026-02-21,8466,True
BATCH-001085,SKU-027,PLANT-A,2023-09-25,2026-03-13,9690,True
BATCH-001086,SKU-027,PLANT-A,2023-10-13,2026-03-31,9919,True
BATCH-001087,SKU-027,PLANT-A,2023-11-02,2026-04-20,9320,True
BATCH-001088,SKU-027,PLANT-A,2023-11-22,2026-05-10,9689,True
BATCH-001089,SKU-027,PLANT-A,2023-12-12,2026-05-30,10826,True
BATCH-001090,SKU-027,PLANT-A,2024-01-01,2026-06-19,8215,True
BATCH-001091,SKU-027,PLANT-A,2024-01-22,2026-07-10,9739,True
BATCH-001092,SKU-027,PLANT-A,2024-02-13,2026-08-01,10022,True
BATCH-001093,SKU-027,PLANT-A,2024-03-04,2026-08-21,8731,True
BATCH-001094,SKU-027,PLANT-A,2024-03-25,2026-09-11,9239,True
BATCH-001095,SKU-027,PLANT-A,2024-04-15,2026-10-02,9277,True
BATCH-001096,SKU-027,PLANT-A,2024-05-06,2026-10-23,8923,False
BATCH-001097,SKU-027,PLANT-A,2024-05-24,2026-11-10,8878,True
BATCH-001098,SKU-027,PLANT-A,2024-06-14,2026-12-01,8176,True
BATCH-001099,SKU-027,PLANT-A,2024-07-02,2026-12-19,10792,True
BATCH-001100,SKU-027,PLANT-A,2024-07-24,2027-01-10,8905,True
BATCH-001101,SKU-027,PLANT-A,2024-08-12,2027-01-29,10343,True
BATCH-001102,SKU-027,PLANT-A,2024-09-03,2027-02-20,8306,True
BATCH-001103,SKU-027,PLANT-A,2024-09-23,2027-03-12,9353,True
BATCH-001104,SKU-027,PLANT-A,2024-10-14,2027-04-02,9843,True
BATCH-001105,SKU-027,PLANT-A,2024-11-04,2027-04-23,10199,True
BATCH-001106,SKU-027,PLANT-A,2024-11-22,2027-05-11,8863,True
BATCH-001107,SKU-027,PLANT-A,2024-12-11,2027-05-30,9044,True
BATCH-001108,SKU-028,PLANT-A,2022-12-26,2024-12-25,32621,True
BATCH-001109,SKU-028,PLANT-A,2023-01-16,2025-01-15,34482,True
BATCH-001110,SKU-028,PLANT-A,2023-02-06,2025-02-05,31484,True
BATCH-001111,SKU-028,PLANT-A,2023-02-23,2025-02-22,40906,True
BATCH-001112,SKU-028,PLANT-A,2023-03-14,2025-03-13,32924,True
BATCH-001113,SKU-028,PLANT-A,2023-03-31,2025-03-30,33496,True
BATCH-001114,SKU-028,PLANT-A,2023-04-20,2025-04-19,37334,True
BATCH-001115,SKU-028,PLANT-A,2023-05-08,2025-05-07,32057,True
BATCH-001116,SKU-028,PLANT-A,2023-05-29,2025-05-28,35307,True
BATCH-001117,SKU-028,PLANT-A,2023-06-19,2025-06-18,39727,True
BATCH-001118,SKU-028,PLANT-A,2023-07-10,2025-07-09,31751,True
BATCH-001119,SKU-028,PLANT-A,2023-07-28,2025-07-27,38858,True
BATCH-001120,SKU-028,PLANT-A,2023-08-17,2025-08-16,36659,True
BATCH-001121,SKU-028,PLANT-A,2023-09-04,2025-09-03,37308,True
BATCH-001122,SKU-028,PLANT-A,2023-09-25,2025-09-24,38949,False
BATCH-001123,SKU-028,PLANT-A,2023-10-16,2025-10-15,35153,True
BATCH-001124,SKU-028,PLANT-A,2023-11-02,2025-11-01,30933,True
BATCH-001125,SKU-028,PLANT-A,2023-11-20,2025-11-19,37633,True
BATCH-001126,SKU-028,PLANT-A,2023-12-11,2025-12-10,38632,True
BATCH-001127,SKU-028,PLANT-A,2024-01-01,2025-12-31,33185,True
BATCH-001128,SKU-028,PLANT-A,2024-01-22,2026-01-21,36879,True
BATCH-001129,SKU-028,PLANT-A,2024-02-12,2026-02-11,40335,True
BATCH-001130,SKU-028,PLANT-A,2024-03-04,2026-03-04,37341,True
BATCH-001131,SKU-028,PLANT-A,2024-03-25,2026-03-25,32132,True
BATCH-001132,SKU-028,PLANT-A,2024-04-15,2026-04-15,41116,True
BATCH-001133,SKU-028,PLANT-A,2024-05-06,2026-05-06,40236,True
BATCH-001134,SKU-028,PLANT-A,2024-05-27,2026-05-27,39460,True
BATCH-001135,SKU-028,PLANT-A,2024-06-14,2026-06-14,34815,True
BATCH-001136,SKU-028,PLANT-A,2024-07-05,2026-07-05,40352,True
BATCH-001137,SKU-028,PLANT-A,2024-07-26,2026-07-26,36464,True
BATCH-001138,SKU-028,PLANT-A,2024-08-13,2026-08-13,35534,True
BATCH-001139,SKU-028,PLANT-A,2024-09-02,2026-09-02,35240,True
BATCH-001140,SKU-028,PLANT-A,2024-09-23,2026-09-23,33158,True
BATCH-001141,SKU-028,PLANT-A,2024-10-14,2026-10-14,37672,True
BATCH-001142,SKU-028,PLANT-A,2024-11-04,2026-11-04,40946,True
BATCH-001143,SKU-028,PLANT-A,2024-11-25,2026-11-25,35660,True
BATCH-001144,SKU-028,PLANT-A,2024-12-12,2026-12-12,34276,True
BATCH-001145,SKU-029,PLANT-C,2022-12-26,2025-06-13,55429,True
BATCH-001146,SKU-029,PLANT-C,2023-01-16,2025-07-04,60335,True
BATCH-001147,SKU-029,PLANT-C,2023-02-02,2025-07-21,49579,True
BATCH-001148,SKU-029,PLANT-C,2023-02-22,2025-08-10,55068,True
BATCH-001149,SKU-029,PLANT-C,2023-03-13,2025-08-29,56465,True
BATCH-001150,SKU-029,PLANT-C,2023-03-31,2025-09-16,50180,True
BATCH-001151,SKU-029,PLANT-C,2023-04-17,2025-10-03,50838,True
BATCH-001152,SKU-029,PLANT-C,2023-05-03,2025-10-19,64038,True
BATCH-001153,SKU-029,PLANT-C,2023-05-19,2025-11-04,64672,True
BATCH-001154,SKU-029,PLANT-C,2023-06-08,2025-11-24,56386,True
BATCH-001155,SKU-029,PLANT-C,2023-06-26,2025-12-12,61442,True
BATCH-001156,SKU-029,PLANT-C,2023-07-14,2025-12-30,56455,True
BATCH-001157,SKU-029,PLANT-C,2023-08-03,2026-01-19,50034,True
BATCH-001158,SKU-029,PLANT-C,2023-08-21,2026-02-06,64250,True
BATCH-001159,SKU-029,PLANT-C,2023-09-07,2026-02-23,62440,True
BATCH-001160,SKU-029,PLANT-C,2023-09-25,2026-03-13,49429,True
BATCH-001161,SKU-029,PLANT-C,2023-10-13,2026-03-31,51382,True
BATCH-001162,SKU-029,PLANT-C,2023-10-30,2026-04-17,50042,True
BATCH-001163,SKU-029,PLANT-C,2023-11-20,2026-05-08,60566,True
BATCH-001164,SKU-029,PLANT-C,2023-12-08,2026-05-26,58061,True
BATCH-001165,SKU-029,PLANT-C,2023-12-26,2026-06-13,57472,True
BATCH-001166,SKU-029,PLANT-C,2024-01-12,2026-06-30,64078,True
BATCH-001167,SKU-029,PLANT-C,2024-02-01,2026-07-20,55871,True
BATCH-001168,SKU-029,PLANT-C,2024-02-19,2026-08-07,64516,True
BATCH-001169,SKU-029,PLANT-C,2024-03-11,2026-08-28,59922,True
BATCH-001170,SKU-029,PLANT-C,2024-04-01,2026-09-18,53039,True
BATCH-001171,SKU-029,PLANT-C,2024-04-22,2026-10-09,63116,True
BATCH-001172,SKU-029,PLANT-C,2024-05-10,2026-10-27,63492,True
BATCH-001173,SKU-029,PLANT-C,2024-05-27,2026-11-13,57171,True
BATCH-001174,SKU-029,PLANT-C,2024-06-14,2026-12-01,66333,True
BATCH-001175,SKU-029,PLANT-C,2024-07-01,2026-12-18,59016,True
BATCH-001176,SKU-029,PLANT-C,2024-07-22,2027-01-08,64024,True
BATCH-001177,SKU-029,PLANT-C,2024-08-09,2027-01-26,57103,True
BATCH-001178,SKU-029,PLANT-C,2024-08-27,2027-02-13,53192,True
BATCH-001179,SKU-029,PLANT-C,2024-09-13,2027-03-02,54547,True
BATCH-001180,SKU-029,PLANT-C,2024-10-01,2027-03-20,49665,True
BATCH-001181,SKU-029,PLANT-C,2024-10-17,2027-04-05,50512,True
BATCH-001182,SKU-029,PLANT-C,2024-11-04,2027-04-23,58696,True
BATCH-001183,SKU-029,PLANT-C,2024-11-21,2027-05-10,56823,True
BATCH-001184,SKU-029,PLANT-C,2024-12-10,2027-05-29,55735,True
BATCH-001185,SKU-029,PLANT-C,2024-12-30,2027-06-18,49506,True
BATCH-001186,SKU-030,PLANT-C,2022-12-14,2025-06-01,61813,False
BATCH-001187,SKU-030,PLANT-C,2023-01-03,2025-06-21,71520,True
BATCH-001188,SKU-030,PLANT-C,2023-01-26,2025-07-14,59598,True
BATCH-001189,SKU-030,PLANT-C,2023-02-16,2025-08-04,59983,True
BATCH-001190,SKU-030,PLANT-C,2023-03-10,2025-08-26,64302,True
BATCH-001191,SKU-030,PLANT-C,2023-03-30,2025-09-15,59759,True
BATCH-001192,SKU-030,PLANT-C,2023-04-20,2025-10-06,72175,True
BATCH-001193,SKU-030,PLANT-C,2023-05-15,2025-10-31,70179,True
BATCH-001194,SKU-030,PLANT-C,2023-06-05,2025-11-21,60594,True
BATCH-001195,SKU-030,PLANT-C,2023-06-26,2025-12-12,69635,True
BATCH-001196,SKU-030,PLANT-C,2023-07-17,2026-01-02,62638,True
BATCH-001197,SKU-030,PLANT-C,2023-08-08,2026-01-24,59700,True
BATCH-001198,SKU-030,PLANT-C,2023-08-28,2026-02-13,60772,True
BATCH-001199,SKU-030,PLANT-C,2023-09-18,2026-03-06,59339,True
BATCH-001200,SKU-030,PLANT-C,2023-10-09,2026-03-27,70791,True
BATCH-001201,SKU-030,PLANT-C,2023-10-31,2026-04-18,70138,True
BATCH-001202,SKU-030,PLANT-C,2023-11-21,2026-05-09,69719,True
BATCH-001203,SKU-030,PLANT-C,2023-12-11,2026-05-29,71500,True
BATCH-001204,SKU-030,PLANT-C,2024-01-01,2026-06-19,57112,True
BATCH-001205,SKU-030,PLANT-C,2024-01-24,2026-07-12,65910,True
BATCH-001206,SKU-030,PLANT-C,2024-02-13,2026-08-01,71928,True
BATCH-001207,SKU-030,PLANT-C,2024-03-04,2026-08-21,66897,False
BATCH-001208,SKU-030,PLANT-C,2024-03-25,2026-09-11,63875,True
BATCH-001209,SKU-030,PLANT-C,2024-04-17,2026-10-04,71589,True
BATCH-001210,SKU-030,PLANT-C,2024-05-06,2026-10-23,56545,True
BATCH-001211,SKU-030,PLANT-C,2024-05-27,2026-11-13,57288,True
BATCH-001212,SKU-030,PLANT-C,2024-06-19,2026-12-06,71521,True
BATCH-001213,SKU-030,PLANT-C,2024-07-11,2026-12-28,58912,True
BATCH-001214,SKU-030,PLANT-C,2024-08-01,2027-01-18,72645,True
BATCH-001215,SKU-030,PLANT-C,2024-08-21,2027-02-07,65705,True
BATCH-001216,SKU-030,PLANT-C,2024-09-11,2027-02-28,69844,True
BATCH-001217,SKU-030,PLANT-C,2024-10-03,2027-03-22,58555,True
BATCH-001218,SKU-030,PLANT-C,2024-10-24,2027-04-12,60895,True
BATCH-001219,SKU-030,PLANT-C,2024-11-18,2027-05-07,55487,True
BATCH-001220,SKU-030,PLANT-C,2024-12-09,2027-05-28,64226,True
BATCH-001221,SKU-030,PLANT-C,2024-12-30,2027-06-18,58057,True
BATCH-001222,SKU-031,PLANT-C,2022-12-26,2025-06-13,64140,True
BATCH-001223,SKU-031,PLANT-C,2023-01-09,2025-06-27,56021,True
BATCH-001224,SKU-031,PLANT-C,2023-01-23,2025-07-11,56496,False
BATCH-001225,SKU-031,PLANT-C,2023-02-02,2025-07-21,55168,True
BATCH-001226,SKU-031,PLANT-C,2023-02-14,2025-08-02,58143,True
BATCH-001227,SKU-031,PLANT-C,2023-02-24,2025-08-12,70086,True
BATCH-001228,SKU-031,PLANT-C,2023-03-08,2025-08-24,54010,True
BATCH-001229,SKU-031,PLANT-C,2023-03-22,2025-09-07,67712,True
BATCH-001230,SKU-031,PLANT-C,2023-04-03,2025-09-19,68859,True
BATCH-001231,SKU-031,PLANT-C,2023-04-17,2025-10-03,58983,True
BATCH-001232,SKU-031,PLANT-C,2023-04-27,2025-10-13,55196,True
BATCH-001233,SKU-031,PLANT-C,2023-05-08,2025-10-24,61522,True
BATCH-001234,SKU-031,PLANT-C,2023-05-22,2025-11-07,55240,True
BATCH-001235,SKU-031,PLANT-C,2023-06-01,2025-11-17,67786,True
BATCH-001236,SKU-031,PLANT-C,2023-06-12,2025-11-28,57119,True
BATCH-001237,SKU-031,PLANT-C,2023-06-26,2025-12-12,67563,True
BATCH-001238,SKU-031,PLANT-C,2023-07-10,2025-12-26,56391,True
BATCH-001239,SKU-031,PLANT-C,2023-07-24,2026-01-09,57477,True
BATCH-001240,SKU-031,PLANT-C,2023-08-07,2026-01-23,54991,True
BATCH-001241,SKU-031,PLANT-C,2023-08-21,2026-02-06,61201,True
BATCH-001242,SKU-031,PLANT-C,2023-09-04,2026-02-20,69370,True
BATCH-001243,SKU-031,PLANT-C,2023-09-18,2026-03-06,69849,True
BATCH-001244,SKU-031,PLANT-C,2023-10-02,2026-03-20,65301,True
BATCH-001245,SKU-031,PLANT-C,2023-10-16,2026-04-03,64506,True
BATCH-001246,SKU-031,PLANT-C,2023-10-26,2026-04-13,61273,True
BATCH-001247,SKU-031,PLANT-C,2023-11-06,2026-04-24,54751,True
BATCH-001248,SKU-031,PLANT-C,2023-11-20,2026-05-08,53931,True
BATCH-001249,SKU-031,PLANT-C,2023-12-04,2026-05-22,57045,True
BATCH-001250,SKU-031,PLANT-C,2023-12-18,2026-06-05,63557,True
BATCH-001251,SKU-031,PLANT-C,2024-01-01,2026-06-19,60162,True
BATCH-001252,SKU-031,PLANT-C,2024-01-15,2026-07-03,68701,True
BATCH-001253,SKU-031,PLANT-C,2024-01-29,2026-07-17,54579,True
BATCH-001254,SKU-031,PLANT-C,2024-02-12,2026-07-31,68703,True
BATCH-001255,SKU-031,PLANT-C,2024-02-26,2026-08-14,57305,True
BATCH-001256,SKU-031,PLANT-C,2024-03-11,2026-08-28,63153,True
BATCH-001257,SKU-031,PLANT-C,2024-03-21,2026-09-07,69320,True
BATCH-001258,SKU-031,PLANT-C,2024-04-01,2026-09-18,54325,True
BATCH-001259,SKU-031,PLANT-C,2024-04-12,2026-09-29,54079,True
BATCH-001260,SKU-031,PLANT-C,2024-04-26,2026-10-13,70518,True
BATCH-001261,SKU-031,PLANT-C,2024-05-09,2026-10-26,64638,True
BATCH-001262,SKU-031,PLANT-C,2024-05-22,2026-11-08,59753,True
BATCH-001263,SKU-031,PLANT-C,2024-06-03,2026-11-20,54163,True
BATCH-001264,SKU-031,PLANT-C,2024-06-14,2026-12-01,68389,True
BATCH-001265,SKU-031,PLANT-C,2024-06-24,2026-12-11,59397,True
BATCH-001266,SKU-031,PLANT-C,2024-07-08,2026-12-25,71620,True
BATCH-001267,SKU-031,PLANT-C,2024-07-22,2027-01-08,64284,True
BATCH-001268,SKU-031,PLANT-C,2024-08-05,2027-01-22,71069,True
BATCH-001269,SKU-031,PLANT-C,2024-08-19,2027-02-05,57936,True
BATCH-001270,SKU-031,PLANT-C,2024-09-02,2027-02-19,71554,True
BATCH-001271,SKU-031,PLANT-C,2024-09-13,2027-03-02,63459,True
BATCH-001272,SKU-031,PLANT-C,2024-09-26,2027-03-15,62573,True
BATCH-001273,SKU-031,PLANT-C,2024-10-08,2027-03-27,57609,True
BATCH-001274,SKU-031,PLANT-C,2024-10-21,2027-04-09,69101,True
BATCH-001275,SKU-031,PLANT-C,2024-11-04,2027-04-23,55030,True
BATCH-001276,SKU-031,PLANT-C,2024-11-18,2027-05-07,67659,True
BATCH-001277,SKU-031,PLANT-C,2024-12-02,2027-05-21,65352,True
BATCH-001278,SKU-031,PLANT-C,2024-12-16,2027-06-04,72016,True
BATCH-001279,SKU-031,PLANT-C,2024-12-30,2027-06-18,62707,True
BATCH-001280,SKU-032,PLANT-C,2022-12-12,2025-05-30,29046,True
BATCH-001281,SKU-032,PLANT-C,2023-01-03,2025-06-21,30979,True
BATCH-001282,SKU-032,PLANT-C,2023-01-27,2025-07-15,31036,True
BATCH-001283,SKU-032,PLANT-C,2023-02-16,2025-08-04,29515,True
BATCH-001284,SKU-032,PLANT-C,2023-03-13,2025-08-29,28971,True
BATCH-001285,SKU-032,PLANT-C,2023-04-03,2025-09-19,29802,False
BATCH-001286,SKU-032,PLANT-C,2023-04-25,2025-10-11,29346,True
BATCH-001287,SKU-032,PLANT-C,2023-05-18,2025-11-03,33341,True
BATCH-001288,SKU-032,PLANT-C,2023-06-09,2025-11-25,29916,True
BATCH-001289,SKU-032,PLANT-C,2023-06-30,2025-12-16,27374,True
BATCH-001290,SKU-032,PLANT-C,2023-07-24,2026-01-09,27449,True
BATCH-001291,SKU-032,PLANT-C,2023-08-17,2026-02-02,27828,True
BATCH-001292,SKU-032,PLANT-C,2023-09-11,2026-02-27,31576,True
BATCH-001293,SKU-032,PLANT-C,2023-10-02,2026-03-20,29975,True
BATCH-001294,SKU-032,PLANT-C,2023-10-24,2026-04-11,33051,True
BATCH-001295,SKU-032,PLANT-C,2023-11-16,2026-05-04,27780,True
BATCH-001296,SKU-032,PLANT-C,2023-12-06,2026-05-24,29621,True
BATCH-001297,SKU-032,PLANT-C,2023-12-26,2026-06-13,36122,True
BATCH-001298,SKU-032,PLANT-C,2024-01-19,2026-07-07,27433,True
BATCH-001299,SKU-032,PLANT-C,2024-02-12,2026-07-31,31629,True
BATCH-001300,SKU-032,PLANT-C,2024-03-07,2026-08-24,27669,True
BATCH-001301,SKU-032,PLANT-C,2024-03-29,2026-09-15,27918,True
BATCH-001302,SKU-032,PLANT-C,2024-04-22,2026-10-09,33458,True
BATCH-001303,SKU-032,PLANT-C,2024-05-13,2026-10-30,34047,True
BATCH-001304,SKU-032,PLANT-C,2024-06-06,2026-11-23,33440,True
BATCH-001305,SKU-032,PLANT-C,2024-06-28,2026-12-15,26975,True
BATCH-001306,SKU-032,PLANT-C,2024-07-22,2027-01-08,33645,True
BATCH-001307,SKU-032,PLANT-C,2024-08-12,2027-01-29,32636,True
BATCH-001308,SKU-032,PLANT-C,2024-09-03,2027-02-20,36107,True
BATCH-001309,SKU-032,PLANT-C,2024-09-26,2027-03-15,32003,True
BATCH-001310,SKU-032,PLANT-C,2024-10-21,2027-04-09,32613,True
BATCH-001311,SKU-032,PLANT-C,2024-11-11,2027-04-30,35069,True
BATCH-001312,SKU-032,PLANT-C,2024-12-05,2027-05-24,35346,True
BATCH-001313,SKU-032,PLANT-C,2024-12-27,2027-06-15,35510,True
BATCH-001314,SKU-033,PLANT-C,2022-12-15,2025-06-02,31140,True
BATCH-001315,SKU-033,PLANT-C,2023-01-09,2025-06-27,25764,True
BATCH-001316,SKU-033,PLANT-C,2023-01-30,2025-07-18,28295,True
BATCH-001317,SKU-033,PLANT-C,2023-02-21,2025-08-09,28976,True
BATCH-001318,SKU-033,PLANT-C,2023-03-13,2025-08-29,25968,True
BATCH-001319,SKU-033,PLANT-C,2023-04-05,2025-09-21,31860,True
BATCH-001320,SKU-033,PLANT-C,2023-04-25,2025-10-11,28469,True
BATCH-001321,SKU-033,PLANT-C,2023-05-15,2025-10-31,29956,True
BATCH-001322,SKU-033,PLANT-C,2023-06-05,2025-11-21,27491,True
BATCH-001323,SKU-033,PLANT-C,2023-06-26,2025-12-12,30311,True
BATCH-001324,SKU-033,PLANT-C,2023-07-17,2026-01-02,32098,True
BATCH-001325,SKU-033,PLANT-C,2023-08-07,2026-01-23,31388,True
BATCH-001326,SKU-033,PLANT-C,2023-08-28,2026-02-13,28047,False
BATCH-001327,SKU-033,PLANT-C,2023-09-21,2026-03-09,32972,True
BATCH-001328,SKU-033,PLANT-C,2023-10-12,2026-03-30,33921,True
BATCH-001329,SKU-033,PLANT-C,2023-11-03,2026-04-21,27067,True
BATCH-001330,SKU-033,PLANT-C,2023-11-23,2026-05-11,32237,True
BATCH-001331,SKU-033,PLANT-C,2023-12-13,2026-05-31,27344,True
BATCH-001332,SKU-033,PLANT-C,2024-01-02,2026-06-20,27244,True
BATCH-001333,SKU-033,PLANT-C,2024-01-24,2026-07-12,25637,True
BATCH-001334,SKU-033,PLANT-C,2024-02-15,2026-08-03,29405,True
BATCH-001335,SKU-033,PLANT-C,2024-03-11,2026-08-28,30721,True
BATCH-001336,SKU-033,PLANT-C,2024-04-04,2026-09-21,31949,True
BATCH-001337,SKU-033,PLANT-C,2024-04-25,2026-10-12,31921,True
BATCH-001338,SKU-033,PLANT-C,2024-05-20,2026-11-06,27375,True
BATCH-001339,SKU-033,PLANT-C,2024-06-10,2026-11-27,32870,True
BATCH-001340,SKU-033,PLANT-C,2024-07-01,2026-12-18,30041,True
BATCH-001341,SKU-033,PLANT-C,2024-07-25,2027-01-11,33093,True
BATCH-001342,SKU-033,PLANT-C,2024-08-14,2027-01-31,25406,True
BATCH-001343,SKU-033,PLANT-C,2024-09-04,2027-02-21,32657,True
BATCH-001344,SKU-033,PLANT-C,2024-09-25,2027-03-14,27204,True
BATCH-001345,SKU-033,PLANT-C,2024-10-15,2027-04-03,32091,True
BATCH-001346,SKU-033,PLANT-C,2024-11-06,2027-04-25,25116,True
BATCH-001347,SKU-033,PLANT-C,2024-11-28,2027-05-17,30999,False
BATCH-001348,SKU-033,PLANT-C,2024-12-23,2027-06-11,32955,True
BATCH-001349,SKU-034,PLANT-B,2022-12-27,2024-12-26,36681,True
BATCH-001350,SKU-034,PLANT-B,2023-01-17,2025-01-16,31772,True
BATCH-001351,SKU-034,PLANT-B,2023-02-06,2025-02-05,38589,True
BATCH-001352,SKU-034,PLANT-B,2023-02-23,2025-02-22,33242,True
BATCH-001353,SKU-034,PLANT-B,2023-03-13,2025-03-12,40893,True
BATCH-001354,SKU-034,PLANT-B,2023-04-03,2025-04-02,31541,True
BATCH-001355,SKU-034,PLANT-B,2023-04-20,2025-04-19,35569,True
BATCH-001356,SKU-034,PLANT-B,2023-05-11,2025-05-10,41270,True
BATCH-001357,SKU-034,PLANT-B,2023-06-01,2025-05-31,39301,True
BATCH-001358,SKU-034,PLANT-B,2023-06-20,2025-06-19,37669,True
BATCH-001359,SKU-034,PLANT-B,2023-07-10,2025-07-09,36018,True
BATCH-001360,SKU-034,PLANT-B,2023-07-31,2025-07-30,33161,True
BATCH-001361,SKU-034,PLANT-B,2023-08-21,2025-08-20,38715,True
BATCH-001362,SKU-034,PLANT-B,2023-09-11,2025-09-10,39558,True
BATCH-001363,SKU-034,PLANT-B,2023-10-02,2025-10-01,33189,True
BATCH-001364,SKU-034,PLANT-B,2023-10-23,2025-10-22,38171,True
BATCH-001365,SKU-034,PLANT-B,2023-11-09,2025-11-08,41667,True
BATCH-001366,SKU-034,PLANT-B,2023-11-28,2025-11-27,32165,True
BATCH-001367,SKU-034,PLANT-B,2023-12-18,2025-12-17,34624,True
BATCH-001368,SKU-034,PLANT-B,2024-01-08,2026-01-07,35914,True
BATCH-001369,SKU-034,PLANT-B,2024-01-25,2026-01-24,39366,True
BATCH-001370,SKU-034,PLANT-B,2024-02-13,2026-02-12,35834,True
BATCH-001371,SKU-034,PLANT-B,2024-03-04,2026-03-04,41579,True
BATCH-001372,SKU-034,PLANT-B,2024-03-22,2026-03-22,36100,True
BATCH-001373,SKU-034,PLANT-B,2024-04-12,2026-04-12,38858,True
BATCH-001374,SKU-034,PLANT-B,2024-05-01,2026-05-01,40642,True
BATCH-001375,SKU-034,PLANT-B,2024-05-20,2026-05-20,41098,True
BATCH-001376,SKU-034,PLANT-B,2024-06-07,2026-06-07,39558,True
BATCH-001377,SKU-034,PLANT-B,2024-06-25,2026-06-25,35417,True
BATCH-001378,SKU-034,PLANT-B,2024-07-12,2026-07-12,41542,True
BATCH-001379,SKU-034,PLANT-B,2024-08-01,2026-08-01,37582,True
BATCH-001380,SKU-034,PLANT-B,2024-08-20,2026-08-20,32123,True
BATCH-001381,SKU-034,PLANT-B,2024-09-10,2026-09-10,31970,True
BATCH-001382,SKU-034,PLANT-B,2024-09-27,2026-09-27,38154,True
BATCH-001383,SKU-034,PLANT-B,2024-10-18,2026-10-18,38295,True
BATCH-001384,SKU-034,PLANT-B,2024-11-08,2026-11-08,37954,True
BATCH-001385,SKU-034,PLANT-B,2024-11-29,2026-11-29,33422,True
BATCH-001386,SKU-034,PLANT-B,2024-12-16,2026-12-16,31475,True
BATCH-001387,SKU-035,PLANT-B,2022-12-26,2024-12-25,19041,True
BATCH-001388,SKU-035,PLANT-B,2023-01-09,2025-01-08,21843,True
BATCH-001389,SKU-035,PLANT-B,2023-01-17,2025-01-16,21057,True
BATCH-001390,SKU-035,PLANT-B,2023-01-26,2025-01-25,20308,True
BATCH-001391,SKU-035,PLANT-B,2023-02-06,2025-02-05,18205,True
BATCH-001392,SKU-035,PLANT-B,2023-02-15,2025-02-14,17646,True
BATCH-001393,SKU-035,PLANT-B,2023-02-23,2025-02-22,18736,True
BATCH-001394,SKU-035,PLANT-B,2023-03-07,2025-03-06,19688,True
BATCH-001395,SKU-035,PLANT-B,2023-03-16,2025-03-15,21958,True
BATCH-001396,SKU-035,PLANT-B,2023-03-27,2025-03-26,20563,True
BATCH-001397,SKU-035,PLANT-B,2023-04-04,2025-04-03,19245,True
BATCH-001398,SKU-035,PLANT-B,2023-04-12,2025-04-11,21492,True
BATCH-001399,SKU-035,PLANT-B,2023-04-24,2025-04-23,19893,True
BATCH-001400,SKU-035,PLANT-B,2023-05-05,2025-05-04,20396,True
BATCH-001401,SKU-035,PLANT-B,2023-05-15,2025-05-14,22999,True
BATCH-001402,SKU-035,PLANT-B,2023-05-25,2025-05-24,19427,True
BATCH-001403,SKU-035,PLANT-B,2023-06-05,2025-06-04,21312,True
BATCH-001404,SKU-035,PLANT-B,2023-06-19,2025-06-18,21402,True
BATCH-001405,SKU-035,PLANT-B,2023-06-29,2025-06-28,22716,True
BATCH-001406,SKU-035,PLANT-B,2023-07-10,2025-07-09,20682,False
BATCH-001407,SKU-035,PLANT-B,2023-07-24,2025-07-23,19068,True
BATCH-001408,SKU-035,PLANT-B,2023-08-02,2025-08-01,22079,True
BATCH-001409,SKU-035,PLANT-B,2023-08-11,2025-08-10,23246,True
BATCH-001410,SKU-035,PLANT-B,2023-08-22,2025-08-21,22815,True
BATCH-001411,SKU-035,PLANT-B,2023-09-04,2025-09-03,21623,True
BATCH-001412,SKU-035,PLANT-B,2023-09-12,2025-09-11,17947,True
BATCH-001413,SKU-035,PLANT-B,2023-09-21,2025-09-20,18636,True
BATCH-001414,SKU-035,PLANT-B,2023-10-02,2025-10-01,19400,True
BATCH-001415,SKU-035,PLANT-B,2023-10-10,2025-10-09,22525,True
BATCH-001416,SKU-035,PLANT-B,2023-10-23,2025-10-22,21175,True
BATCH-001417,SKU-035,PLANT-B,2023-11-02,2025-11-01,22919,True
BATCH-001418,SKU-035,PLANT-B,2023-11-14,2025-11-13,18111,True
BATCH-001419,SKU-035,PLANT-B,2023-11-24,2025-11-23,22625,True
BATCH-001420,SKU-035,PLANT-B,2023-12-05,2025-12-04,23419,True
BATCH-001421,SKU-035,PLANT-B,2023-12-18,2025-12-17,22716,True
BATCH-001422,SKU-035,PLANT-B,2023-12-29,2025-12-28,23022,True
BATCH-001423,SKU-035,PLANT-B,2024-01-08,2026-01-07,22920,True
BATCH-001424,SKU-035,PLANT-B,2024-01-19,2026-01-18,20657,True
BATCH-001425,SKU-035,PLANT-B,2024-01-29,2026-01-28,19197,True
BATCH-001426,SKU-035,PLANT-B,2024-02-06,2026-02-05,22282,True
BATCH-001427,SKU-035,PLANT-B,2024-02-16,2026-02-15,23331,True
BATCH-001428,SKU-035,PLANT-B,2024-02-26,2026-02-25,22137,True
BATCH-001429,SKU-035,PLANT-B,2024-03-05,2026-03-05,20723,True
BATCH-001430,SKU-035,PLANT-B,2024-03-18,2026-03-18,19008,True
BATCH-001431,SKU-035,PLANT-B,2024-03-26,2026-03-26,20874,True
BATCH-001432,SKU-035,PLANT-B,2024-04-08,2026-04-08,19637,True
BATCH-001433,SKU-035,PLANT-B,2024-04-17,2026-04-17,22229,True
BATCH-001434,SKU-035,PLANT-B,2024-04-29,2026-04-29,22036,True
BATCH-001435,SKU-035,PLANT-B,2024-05-08,2026-05-08,19557,True
BATCH-001436,SKU-035,PLANT-B,2024-05-20,2026-05-20,21271,True
BATCH-001437,SKU-035,PLANT-B,2024-05-30,2026-05-30,23402,True
BATCH-001438,SKU-035,PLANT-B,2024-06-10,2026-06-10,20064,True
BATCH-001439,SKU-035,PLANT-B,2024-06-24,2026-06-24,22822,True
BATCH-001440,SKU-035,PLANT-B,2024-07-03,2026-07-03,18612,True
BATCH-001441,SKU-035,PLANT-B,2024-07-11,2026-07-11,22441,True
BATCH-001442,SKU-035,PLANT-B,2024-07-22,2026-07-22,20566,True
BATCH-001443,SKU-035,PLANT-B,2024-07-30,2026-07-30,20301,True
BATCH-001444,SKU-035,PLANT-B,2024-08-09,2026-08-09,17617,True
BATCH-001445,SKU-035,PLANT-B,2024-08-21,2026-08-21,23111,True
BATCH-001446,SKU-035,PLANT-B,2024-09-02,2026-09-02,18329,True
BATCH-001447,SKU-035,PLANT-B,2024-09-13,2026-09-13,19436,True
BATCH-001448,SKU-035,PLANT-B,2024-09-23,2026-09-23,19411,True
BATCH-001449,SKU-035,PLANT-B,2024-10-01,2026-10-01,19739,True
BATCH-001450,SKU-035,PLANT-B,2024-10-14,2026-10-14,20910,True
BATCH-001451,SKU-035,PLANT-B,2024-10-25,2026-10-25,23162,True
BATCH-001452,SKU-035,PLANT-B,2024-11-06,2026-11-06,18989,True
BATCH-001453,SKU-035,PLANT-B,2024-11-18,2026-11-18,18726,True
BATCH-001454,SKU-035,PLANT-B,2024-11-28,2026-11-28,23208,True
BATCH-001455,SKU-035,PLANT-B,2024-12-10,2026-12-10,22925,True
BATCH-001456,SKU-035,PLANT-B,2024-12-20,2026-12-20,18789,True
BATCH-001457,SKU-035,PLANT-B,2024-12-30,2026-12-30,19243,True
BATCH-001458,SKU-036,PLANT-C,2022-12-19,2024-12-18,16455,True
BATCH-001459,SKU-036,PLANT-C,2023-01-13,2025-01-12,14438,True
BATCH-001460,SKU-036,PLANT-C,2023-02-06,2025-02-05,15093,True
BATCH-001461,SKU-036,PLANT-C,2023-03-02,2025-03-01,16952,True
BATCH-001462,SKU-036,PLANT-C,2023-03-27,2025-03-26,15334,True
BATCH-001463,SKU-036,PLANT-C,2023-04-21,2025-04-20,13116,False
BATCH-001464,SKU-036,PLANT-C,2023-05-15,2025-05-14,13927,True
BATCH-001465,SKU-036,PLANT-C,2023-06-06,2025-06-05,16529,True
BATCH-001466,SKU-036,PLANT-C,2023-06-28,2025-06-27,16803,True
BATCH-001467,SKU-036,PLANT-C,2023-07-24,2025-07-23,17319,True
BATCH-001468,SKU-036,PLANT-C,2023-08-15,2025-08-14,15393,True
BATCH-001469,SKU-036,PLANT-C,2023-09-06,2025-09-05,17220,True
BATCH-001470,SKU-036,PLANT-C,2023-09-29,2025-09-28,16856,True
BATCH-001471,SKU-036,PLANT-C,2023-10-23,2025-10-22,16474,True
BATCH-001472,SKU-036,PLANT-C,2023-11-14,2025-11-13,14553,True
BATCH-001473,SKU-036,PLANT-C,2023-12-07,2025-12-06,16827,True
BATCH-001474,SKU-036,PLANT-C,2024-01-01,2025-12-31,16722,True
BATCH-001475,SKU-036,PLANT-C,2024-01-23,2026-01-22,14535,True
BATCH-001476,SKU-036,PLANT-C,2024-02-19,2026-02-18,13257,True
BATCH-001477,SKU-036,PLANT-C,2024-03-15,2026-03-15,16532,True
BATCH-001478,SKU-036,PLANT-C,2024-04-10,2026-04-10,16676,True
BATCH-001479,SKU-036,PLANT-C,2024-05-06,2026-05-06,16388,True
BATCH-001480,SKU-036,PLANT-C,2024-05-31,2026-05-31,15948,True
BATCH-001481,SKU-036,PLANT-C,2024-06-24,2026-06-24,16387,True
BATCH-001482,SKU-036,PLANT-C,2024-07-16,2026-07-16,13380,True
BATCH-001483,SKU-036,PLANT-C,2024-08-12,2026-08-12,17230,True
BATCH-001484,SKU-036,PLANT-C,2024-09-05,2026-09-05,15661,True
BATCH-001485,SKU-036,PLANT-C,2024-09-30,2026-09-30,12863,True
BATCH-001486,SKU-036,PLANT-C,2024-10-22,2026-10-22,16318,True
BATCH-001487,SKU-036,PLANT-C,2024-11-18,2026-11-18,13918,True
BATCH-001488,SKU-036,PLANT-C,2024-12-12,2026-12-12,14222,True
BATCH-001489,SKU-037,PLANT-C,2022-12-19,2024-12-18,6800,True
BATCH-001490,SKU-037,PLANT-C,2023-01-09,2025-01-08,7906,True
BATCH-001491,SKU-037,PLANT-C,2023-02-01,2025-01-31,7786,True
BATCH-001492,SKU-037,PLANT-C,2023-02-24,2025-02-23,8603,True
BATCH-001493,SKU-037,PLANT-C,2023-03-20,2025-03-19,8325,True
BATCH-001494,SKU-037,PLANT-C,2023-04-12,2025-04-11,8265,True
BATCH-001495,SKU-037,PLANT-C,2023-05-04,2025-05-03,7872,True
BATCH-001496,SKU-037,PLANT-C,2023-05-26,2025-05-25,6957,True
BATCH-001497,SKU-037,PLANT-C,2023-06-16,2025-06-15,6911,True
BATCH-001498,SKU-037,PLANT-C,2023-07-10,2025-07-09,7345,True
BATCH-001499,SKU-037,PLANT-C,2023-08-01,2025-07-31,8497,True
BATCH-001500,SKU-037,PLANT-C,2023-08-22,2025-08-21,8266,True
BATCH-001501,SKU-037,PLANT-C,2023-09-13,2025-09-12,6389,True
BATCH-001502,SKU-037,PLANT-C,2023-10-04,2025-10-03,8035,True
BATCH-001503,SKU-037,PLANT-C,2023-10-26,2025-10-25,7102,True
BATCH-001504,SKU-037,PLANT-C,2023-11-20,2025-11-19,8265,True
BATCH-001505,SKU-037,PLANT-C,2023-12-14,2025-12-13,7643,True
BATCH-001506,SKU-037,PLANT-C,2024-01-08,2026-01-07,8193,True
BATCH-001507,SKU-037,PLANT-C,2024-01-30,2026-01-29,6959,True
BATCH-001508,SKU-037,PLANT-C,2024-02-26,2026-02-25,6619,True
BATCH-001509,SKU-037,PLANT-C,2024-03-21,2026-03-21,6805,True
BATCH-001510,SKU-037,PLANT-C,2024-04-15,2026-04-15,6982,True
BATCH-001511,SKU-037,PLANT-C,2024-05-06,2026-05-06,8522,True
BATCH-001512,SKU-037,PLANT-C,2024-05-30,2026-05-30,7204,True
BATCH-001513,SKU-037,PLANT-C,2024-06-21,2026-06-21,7973,True
BATCH-001514,SKU-037,PLANT-C,2024-07-16,2026-07-16,8108,True
BATCH-001515,SKU-037,PLANT-C,2024-08-08,2026-08-08,6592,True
BATCH-001516,SKU-037,PLANT-C,2024-09-02,2026-09-02,7918,True
BATCH-001517,SKU-037,PLANT-C,2024-09-27,2026-09-27,7521,True
BATCH-001518,SKU-037,PLANT-C,2024-10-21,2026-10-21,8420,True
BATCH-001519,SKU-037,PLANT-C,2024-11-11,2026-11-11,8046,True
BATCH-001520,SKU-037,PLANT-C,2024-12-06,2026-12-06,7390,True
BATCH-001521,SKU-037,PLANT-C,2024-12-27,2026-12-27,7731,True
BATCH-001522,SKU-038,PLANT-C,2022-12-26,2024-12-25,13853,True
BATCH-001523,SKU-038,PLANT-C,2023-01-09,2025-01-08,14814,True
BATCH-001524,SKU-038,PLANT-C,2023-01-20,2025-01-19,15104,True
BATCH-001525,SKU-038,PLANT-C,2023-02-01,2025-01-31,14093,True
BATCH-001526,SKU-038,PLANT-C,2023-02-13,2025-02-12,14564,True
BATCH-001527,SKU-038,PLANT-C,2023-02-24,2025-02-23,13775,True
BATCH-001528,SKU-038,PLANT-C,2023-03-13,2025-03-12,12419,True
BATCH-001529,SKU-038,PLANT-C,2023-03-28,2025-03-27,15681,True
BATCH-001530,SKU-038,PLANT-C,2023-04-10,2025-04-09,14984,True
BATCH-001531,SKU-038,PLANT-C,2023-04-24,2025-04-23,12812,True
BATCH-001532,SKU-038,PLANT-C,2023-05-09,2025-05-08,14814,True
BATCH-001533,SKU-038,PLANT-C,2023-05-22,2025-05-21,14175,True
BATCH-001534,SKU-038,PLANT-C,2023-06-05,2025-06-04,14085,True
BATCH-001535,SKU-038,PLANT-C,2023-06-19,2025-06-18,12995,True
BATCH-001536,SKU-038,PLANT-C,2023-07-04,2025-07-03,16214,False
BATCH-001537,SKU-038,PLANT-C,2023-07-17,2025-07-16,13751,True
BATCH-001538,SKU-038,PLANT-C,2023-07-28,2025-07-27,16430,True
BATCH-001539,SKU-038,PLANT-C,2023-08-11,2025-08-10,12721,False
BATCH-001540,SKU-038,PLANT-C,2023-08-25,2025-08-24,13686,True
BATCH-001541,SKU-038,PLANT-C,2023-09-11,2025-09-10,14177,True
BATCH-001542,SKU-038,PLANT-C,2023-09-25,2025-09-24,16009,True
BATCH-001543,SKU-038,PLANT-C,2023-10-10,2025-10-09,12985,True
BATCH-001544,SKU-038,PLANT-C,2023-10-25,2025-10-24,15058,True
BATCH-001545,SKU-038,PLANT-C,2023-11-08,2025-11-07,13891,True
BATCH-001546,SKU-038,PLANT-C,2023-11-20,2025-11-19,15459,True
BATCH-001547,SKU-038,PLANT-C,2023-12-04,2025-12-03,14535,True
BATCH-001548,SKU-038,PLANT-C,2023-12-19,2025-12-18,16663,False
BATCH-001549,SKU-038,PLANT-C,2024-01-01,2025-12-31,16067,True
BATCH-001550,SKU-038,PLANT-C,2024-01-16,2026-01-15,16487,True
BATCH-001551,SKU-038,PLANT-C,2024-01-29,2026-01-28,15396,True
BATCH-001552,SKU-038,PLANT-C,2024-02-12,2026-02-11,15415,True
BATCH-001553,SKU-038,PLANT-C,2024-02-26,2026-02-25,14035,True
BATCH-001554,SKU-038,PLANT-C,2024-03-12,2026-03-12,12604,True
BATCH-001555,SKU-038,PLANT-C,2024-03-25,2026-03-25,13950,True
BATCH-001556,SKU-038,PLANT-C,2024-04-09,2026-04-09,13594,True
BATCH-001557,SKU-038,PLANT-C,2024-04-22,2026-04-22,14140,False
BATCH-001558,SKU-038,PLANT-C,2024-05-06,2026-05-06,15145,True
BATCH-001559,SKU-038,PLANT-C,2024-05-17,2026-05-17,12943,True
BATCH-001560,SKU-038,PLANT-C,2024-05-28,2026-05-28,13130,True
BATCH-001561,SKU-038,PLANT-C,2024-06-10,2026-06-10,16521,True
BATCH-001562,SKU-038,PLANT-C,2024-06-24,2026-06-24,15821,True
BATCH-001563,SKU-038,PLANT-C,2024-07-08,2026-07-08,15390,True
BATCH-001564,SKU-038,PLANT-C,2024-07-23,2026-07-23,13906,True
BATCH-001565,SKU-038,PLANT-C,2024-08-05,2026-08-05,13476,True
BATCH-001566,SKU-038,PLANT-C,2024-08-16,2026-08-16,15702,True
BATCH-001567,SKU-038,PLANT-C,2024-08-27,2026-08-27,16346,True
BATCH-001568,SKU-038,PLANT-C,2024-09-09,2026-09-09,14041,True
BATCH-001569,SKU-038,PLANT-C,2024-09-24,2026-09-24,15898,True
BATCH-001570,SKU-038,PLANT-C,2024-10-08,2026-10-08,16728,True
BATCH-001571,SKU-038,PLANT-C,2024-10-23,2026-10-23,14198,True
BATCH-001572,SKU-038,PLANT-C,2024-11-06,2026-11-06,16617,True
BATCH-001573,SKU-038,PLANT-C,2024-11-19,2026-11-19,16501,True
BATCH-001574,SKU-038,PLANT-C,2024-12-04,2026-12-04,13146,True
BATCH-001575,SKU-038,PLANT-C,2024-12-16,2026-12-16,14977,True
BATCH-001576,SKU-038,PLANT-C,2024-12-27,2026-12-27,13923,True
BATCH-001577,SKU-039,PLANT-A,2022-12-20,2025-06-07,15570,True
BATCH-001578,SKU-039,PLANT-A,2023-01-02,2025-06-20,16147,True
BATCH-001579,SKU-039,PLANT-A,2023-01-16,2025-07-04,13720,True
BATCH-001580,SKU-039,PLANT-A,2023-01-30,2025-07-18,14173,True
BATCH-001581,SKU-039,PLANT-A,2023-02-15,2025-08-03,15342,True
BATCH-001582,SKU-039,PLANT-A,2023-02-27,2025-08-15,13598,True
BATCH-001583,SKU-039,PLANT-A,2023-03-14,2025-08-30,14848,True
BATCH-001584,SKU-039,PLANT-A,2023-03-27,2025-09-12,13257,True
BATCH-001585,SKU-039,PLANT-A,2023-04-11,2025-09-27,13261,True
BATCH-001586,SKU-039,PLANT-A,2023-04-27,2025-10-13,14155,True
BATCH-001587,SKU-039,PLANT-A,2023-05-10,2025-10-26,13979,True
BATCH-001588,SKU-039,PLANT-A,2023-05-22,2025-11-07,13850,True
BATCH-001589,SKU-039,PLANT-A,2023-06-06,2025-11-22,14662,True
BATCH-001590,SKU-039,PLANT-A,2023-06-19,2025-12-05,13808,True
BATCH-001591,SKU-039,PLANT-A,2023-07-03,2025-12-19,15231,True
BATCH-001592,SKU-039,PLANT-A,2023-07-17,2026-01-02,16517,True
BATCH-001593,SKU-039,PLANT-A,2023-08-01,2026-01-17,14072,True
BATCH-001594,SKU-039,PLANT-A,2023-08-17,2026-02-02,16406,True
BATCH-001595,SKU-039,PLANT-A,2023-09-04,2026-02-20,15195,False
BATCH-001596,SKU-039,PLANT-A,2023-09-18,2026-03-06,12321,True
BATCH-001597,SKU-039,PLANT-A,2023-10-02,2026-03-20,16318,True
BATCH-001598,SKU-039,PLANT-A,2023-10-17,2026-04-04,14400,True
BATCH-001599,SKU-039,PLANT-A,2023-11-02,2026-04-20,13831,True
BATCH-001600,SKU-039,PLANT-A,2023-11-16,2026-05-04,12804,True
BATCH-001601,SKU-039,PLANT-A,2023-11-29,2026-05-17,12675,True
BATCH-001602,SKU-039,PLANT-A,2023-12-11,2026-05-29,13896,True
BATCH-001603,SKU-039,PLANT-A,2023-12-25,2026-06-12,15698,True
BATCH-001604,SKU-039,PLANT-A,2024-01-08,2026-06-26,13309,True
BATCH-001605,SKU-039,PLANT-A,2024-01-22,2026-07-10,14227,True
BATCH-001606,SKU-039,PLANT-A,2024-02-05,2026-07-24,12628,True
BATCH-001607,SKU-039,PLANT-A,2024-02-19,2026-08-07,13551,True
BATCH-001608,SKU-039,PLANT-A,2024-03-06,2026-08-23,13061,True
BATCH-001609,SKU-039,PLANT-A,2024-03-20,2026-09-06,13554,True
BATCH-001610,SKU-039,PLANT-A,2024-04-03,2026-09-20,14587,True
BATCH-001611,SKU-039,PLANT-A,2024-04-15,2026-10-02,16360,True
BATCH-001612,SKU-039,PLANT-A,2024-04-29,2026-10-16,13668,True
BATCH-001613,SKU-039,PLANT-A,2024-05-14,2026-10-31,12499,True
BATCH-001614,SKU-039,PLANT-A,2024-05-28,2026-11-14,16027,True
BATCH-001615,SKU-039,PLANT-A,2024-06-12,2026-11-29,13352,True
BATCH-001616,SKU-039,PLANT-A,2024-06-27,2026-12-14,13524,True
BATCH-001617,SKU-039,PLANT-A,2024-07-15,2027-01-01,12711,True
BATCH-001618,SKU-039,PLANT-A,2024-07-30,2027-01-16,16300,True
BATCH-001619,SKU-039,PLANT-A,2024-08-12,2027-01-29,14681,True
BATCH-001620,SKU-039,PLANT-A,2024-08-27,2027-02-13,16606,True
BATCH-001621,SKU-039,PLANT-A,2024-09-09,2027-02-26,13655,True
BATCH-001622,SKU-039,PLANT-A,2024-09-23,2027-03-12,15017,True
BATCH-001623,SKU-039,PLANT-A,2024-10-08,2027-03-27,14305,True
BATCH-001624,SKU-039,PLANT-A,2024-10-21,2027-04-09,13133,True
BATCH-001625,SKU-039,PLANT-A,2024-11-04,2027-04-23,12748,True
BATCH-001626,SKU-039,PLANT-A,2024-11-18,2027-05-07,14458,True
BATCH-001627,SKU-039,PLANT-A,2024-12-02,2027-05-21,12796,True
BATCH-001628,SKU-039,PLANT-A,2024-12-16,2027-06-04,14857,True
BATCH-001629,SKU-039,PLANT-A,2024-12-30,2027-06-18,13195,True
BATCH-001630,SKU-040,PLANT-A,2022-12-12,2025-05-30,22272,True
BATCH-001631,SKU-040,PLANT-A,2023-01-03,2025-06-21,21304,True
BATCH-001632,SKU-040,PLANT-A,2023-01-26,2025-07-14,23148,True
BATCH-001633,SKU-040,PLANT-A,2023-02-20,2025-08-08,19865,True
BATCH-001634,SKU-040,PLANT-A,2023-03-17,2025-09-02,20010,True
BATCH-001635,SKU-040,PLANT-A,2023-04-10,2025-09-26,18275,True
BATCH-001636,SKU-040,PLANT-A,2023-05-03,2025-10-19,22952,True
BATCH-001637,SKU-040,PLANT-A,2023-05-29,2025-11-14,20635,True
BATCH-001638,SKU-040,PLANT-A,2023-06-22,2025-12-08,23163,True
BATCH-001639,SKU-040,PLANT-A,2023-07-17,2026-01-02,19617,True
BATCH-001640,SKU-040,PLANT-A,2023-08-08,2026-01-24,21681,True
BATCH-001641,SKU-040,PLANT-A,2023-08-31,2026-02-16,23696,True
BATCH-001642,SKU-040,PLANT-A,2023-09-25,2026-03-13,21093,True
BATCH-001643,SKU-040,PLANT-A,2023-10-18,2026-04-05,23297,True
BATCH-001644,SKU-040,PLANT-A,2023-11-09,2026-04-27,20296,True
BATCH-001645,SKU-040,PLANT-A,2023-12-04,2026-05-22,22331,True
BATCH-001646,SKU-040,PLANT-A,2023-12-29,2026-06-16,22833,True
BATCH-001647,SKU-040,PLANT-A,2024-01-23,2026-07-11,21190,True
BATCH-001648,SKU-040,PLANT-A,2024-02-16,2026-08-04,19190,True
BATCH-001649,SKU-040,PLANT-A,2024-03-12,2026-08-29,20442,True
BATCH-001650,SKU-040,PLANT-A,2024-04-03,2026-09-20,22191,True
BATCH-001651,SKU-040,PLANT-A,2024-04-25,2026-10-12,23277,True
BATCH-001652,SKU-040,PLANT-A,2024-05-21,2026-11-07,20947,True
BATCH-001653,SKU-040,PLANT-A,2024-06-12,2026-11-29,20129,True
BATCH-001654,SKU-040,PLANT-A,2024-07-04,2026-12-21,24260,True
BATCH-001655,SKU-040,PLANT-A,2024-07-26,2027-01-12,20445,True
BATCH-001656,SKU-040,PLANT-A,2024-08-21,2027-02-07,21091,True
BATCH-001657,SKU-040,PLANT-A,2024-09-16,2027-03-05,20030,True
BATCH-001658,SKU-040,PLANT-A,2024-10-11,2027-03-30,21504,True
BATCH-001659,SKU-040,PLANT-A,2024-11-04,2027-04-23,20608,True
BATCH-001660,SKU-040,PLANT-A,2024-12-02,2027-05-21,18354,True
BATCH-001661,SKU-040,PLANT-A,2024-12-27,2027-06-15,23292,True
BATCH-001662,SKU-041,PLANT-B,2022-12-13,2024-12-12,14363,True
BATCH-001663,SKU-041,PLANT-B,2023-01-02,2025-01-01,12833,True
BATCH-001664,SKU-041,PLANT-B,2023-01-25,2025-01-24,12366,True
BATCH-001665,SKU-041,PLANT-B,2023-02-15,2025-02-14,11826,True
BATCH-001666,SKU-041,PLANT-B,2023-03-09,2025-03-08,14566,True
BATCH-001667,SKU-041,PLANT-B,2023-03-30,2025-03-29,13443,True
BATCH-001668,SKU-041,PLANT-B,2023-04-19,2025-04-18,14128,True
BATCH-001669,SKU-041,PLANT-B,2023-05-15,2025-05-14,14724,True
BATCH-001670,SKU-041,PLANT-B,2023-06-05,2025-06-04,12808,True
BATCH-001671,SKU-041,PLANT-B,2023-06-28,2025-06-27,12850,True
BATCH-001672,SKU-041,PLANT-B,2023-07-20,2025-07-19,13152,True
BATCH-001673,SKU-041,PLANT-B,2023-08-10,2025-08-09,11555,True
BATCH-001674,SKU-041,PLANT-B,2023-09-01,2025-08-31,11748,True
BATCH-001675,SKU-041,PLANT-B,2023-09-25,2025-09-24,14102,True
BATCH-001676,SKU-041,PLANT-B,2023-10-16,2025-10-15,13610,True
BATCH-001677,SKU-041,PLANT-B,2023-11-07,2025-11-06,14166,True
BATCH-001678,SKU-041,PLANT-B,2023-11-27,2025-11-26,14709,True
BATCH-001679,SKU-041,PLANT-B,2023-12-18,2025-12-17,13236,True
BATCH-001680,SKU-041,PLANT-B,2024-01-11,2026-01-10,13827,True
BATCH-001681,SKU-041,PLANT-B,2024-01-31,2026-01-30,13086,True
BATCH-001682,SKU-041,PLANT-B,2024-02-21,2026-02-20,13528,True
BATCH-001683,SKU-041,PLANT-B,2024-03-13,2026-03-13,11443,True
BATCH-001684,SKU-041,PLANT-B,2024-04-02,2026-04-02,13117,True
BATCH-001685,SKU-041,PLANT-B,2024-04-25,2026-04-25,13755,True
BATCH-001686,SKU-041,PLANT-B,2024-05-20,2026-05-20,12761,True
BATCH-001687,SKU-041,PLANT-B,2024-06-10,2026-06-10,12636,True
BATCH-001688,SKU-041,PLANT-B,2024-07-02,2026-07-02,13828,True
BATCH-001689,SKU-041,PLANT-B,2024-07-24,2026-07-24,15052,True
BATCH-001690,SKU-041,PLANT-B,2024-08-16,2026-08-16,12553,True
BATCH-001691,SKU-041,PLANT-B,2024-09-09,2026-09-09,12783,True
BATCH-001692,SKU-041,PLANT-B,2024-09-30,2026-09-30,14598,True
BATCH-001693,SKU-041,PLANT-B,2024-10-21,2026-10-21,11603,True
BATCH-001694,SKU-041,PLANT-B,2024-11-13,2026-11-13,14468,True
BATCH-001695,SKU-041,PLANT-B,2024-12-04,2026-12-04,13491,True
BATCH-001696,SKU-041,PLANT-B,2024-12-24,2026-12-24,11253,True
BATCH-001697,SKU-042,PLANT-C,2022-12-22,2024-06-14,6886,True
BATCH-001698,SKU-042,PLANT-C,2023-01-06,2024-06-29,7066,True
BATCH-001699,SKU-042,PLANT-C,2023-01-18,2024-07-11,6553,True
BATCH-001700,SKU-042,PLANT-C,2023-01-30,2024-07-23,7881,True
BATCH-001701,SKU-042,PLANT-C,2023-02-13,2024-08-06,7480,True
BATCH-001702,SKU-042,PLANT-C,2023-02-27,2024-08-20,6193,True
BATCH-001703,SKU-042,PLANT-C,2023-03-13,2024-09-03,6906,True
BATCH-001704,SKU-042,PLANT-C,2023-03-27,2024-09-17,7486,False
BATCH-001705,SKU-042,PLANT-C,2023-04-10,2024-10-01,6695,True
BATCH-001706,SKU-042,PLANT-C,2023-04-25,2024-10-16,7345,True
BATCH-001707,SKU-042,PLANT-C,2023-05-09,2024-10-30,7927,True
BATCH-001708,SKU-042,PLANT-C,2023-05-22,2024-11-12,6933,True
BATCH-001709,SKU-042,PLANT-C,2023-06-05,2024-11-26,7139,True
BATCH-001710,SKU-042,PLANT-C,2023-06-19,2024-12-10,7568,True
BATCH-001711,SKU-042,PLANT-C,2023-07-03,2024-12-24,5982,True
BATCH-001712,SKU-042,PLANT-C,2023-07-17,2025-01-07,6295,True
BATCH-001713,SKU-042,PLANT-C,2023-07-31,2025-01-21,7780,True
BATCH-001714,SKU-042,PLANT-C,2023-08-15,2025-02-05,7740,True
BATCH-001715,SKU-042,PLANT-C,2023-08-30,2025-02-20,6837,True
BATCH-001716,SKU-042,PLANT-C,2023-09-12,2025-03-05,7423,True
BATCH-001717,SKU-042,PLANT-C,2023-09-27,2025-03-20,6934,True
BATCH-001718,SKU-042,PLANT-C,2023-10-09,2025-04-01,6298,True
BATCH-001719,SKU-042,PLANT-C,2023-10-23,2025-04-15,6892,True
BATCH-001720,SKU-042,PLANT-C,2023-11-03,2025-04-26,7486,True
BATCH-001721,SKU-042,PLANT-C,2023-11-14,2025-05-07,7356,True
BATCH-001722,SKU-042,PLANT-C,2023-11-28,2025-05-21,7531,True
BATCH-001723,SKU-042,PLANT-C,2023-12-11,2025-06-03,6053,True
BATCH-001724,SKU-042,PLANT-C,2023-12-25,2025-06-17,7836,True
BATCH-001725,SKU-042,PLANT-C,2024-01-05,2025-06-28,7627,True
BATCH-001726,SKU-042,PLANT-C,2024-01-16,2025-07-09,6291,True
BATCH-001727,SKU-042,PLANT-C,2024-01-31,2025-07-24,7316,True
BATCH-001728,SKU-042,PLANT-C,2024-02-14,2025-08-07,6218,True
BATCH-001729,SKU-042,PLANT-C,2024-02-29,2025-08-22,6446,True
BATCH-001730,SKU-042,PLANT-C,2024-03-13,2025-09-04,6696,True
BATCH-001731,SKU-042,PLANT-C,2024-03-25,2025-09-16,7173,True
BATCH-001732,SKU-042,PLANT-C,2024-04-05,2025-09-27,7418,True
BATCH-001733,SKU-042,PLANT-C,2024-04-17,2025-10-09,6992,True
BATCH-001734,SKU-042,PLANT-C,2024-04-29,2025-10-21,6368,True
BATCH-001735,SKU-042,PLANT-C,2024-05-13,2025-11-04,7872,True
BATCH-001736,SKU-042,PLANT-C,2024-05-24,2025-11-15,6648,True
BATCH-001737,SKU-042,PLANT-C,2024-06-07,2025-11-29,6245,True
BATCH-001738,SKU-042,PLANT-C,2024-06-20,2025-12-12,6228,True
BATCH-001739,SKU-042,PLANT-C,2024-07-03,2025-12-25,6958,True
BATCH-001740,SKU-042,PLANT-C,2024-07-15,2026-01-06,6668,True
BATCH-001741,SKU-042,PLANT-C,2024-07-29,2026-01-20,7066,True
BATCH-001742,SKU-042,PLANT-C,2024-08-09,2026-01-31,7031,True
BATCH-001743,SKU-042,PLANT-C,2024-08-22,2026-02-13,6483,True
BATCH-001744,SKU-042,PLANT-C,2024-09-05,2026-02-27,7975,True
BATCH-001745,SKU-042,PLANT-C,2024-09-18,2026-03-12,7696,True
BATCH-001746,SKU-042,PLANT-C,2024-10-02,2026-03-26,6381,True
BATCH-001747,SKU-042,PLANT-C,2024-10-14,2026-04-07,6403,True
BATCH-001748,SKU-042,PLANT-C,2024-10-28,2026-04-21,7118,False
BATCH-001749,SKU-042,PLANT-C,2024-11-11,2026-05-05,6802,True
BATCH-001750,SKU-042,PLANT-C,2024-11-22,2026-05-16,7195,True
BATCH-001751,SKU-042,PLANT-C,2024-12-06,2026-05-30,6357,True
BATCH-001752,SKU-042,PLANT-C,2024-12-23,2026-06-16,6931,True
