date,material_id,closing_stock,qty_consumed
2023-01-01,MAT-API-001,5570.807349999999,0.0
2023-01-02,MAT-API-001,5570.807349999999,0.0
2023-01-03,MAT-API-001,5570.807349999999,0.0
2023-01-04,MAT-API-001,5570.807349999999,0.0
2023-01-05,MAT-API-001,5570.807349999999,0.0
2023-01-06,MAT-API-001,4643.120849999999,927.6865
2023-01-07,MAT-API-001,4643.120849999999,0.0
2023-01-08,MAT-API-001,4643.120849999999,0.0
2023-01-09,MAT-API-001,4643.120849999999,0.0
2023-01-10,MAT-API-001,4643.120849999999,0.0
2023-01-11,MAT-API-001,4643.120849999999,0.0
2023-01-12,MAT-API-001,4643.120849999999,0.0
2023-01-13,MAT-API-001,4643.120849999999,0.0
2023-01-14,MAT-API-001,4643.120849999999,0.0
2023-01-15,MAT-API-001,4643.120849999999,0.0
2023-01-16,MAT-API-001,4643.120849999999,0.0
2023-01-17,MAT-API-001,4643.120849999999,0.0
2023-01-18,MAT-API-001,4643.120849999999,0.0
2023-01-19,MAT-API-001,4643.120849999999,0.0
2023-01-20,MAT-API-001,4643.120849999999,0.0
2023-01-21,MAT-API-001,4643.120849999999,0.0
2023-01-22,MAT-API-001,4643.120849999999,0.0
2023-01-23,MAT-API-001,4643.120849999999,0.0
2023-01-24,MAT-API-001,4643.120849999999,0.0
2023-01-25,MAT-API-001,4643.120849999999,0.0
2023-01-26,MAT-API-001,4643.120849999999,0.0
2023-01-27,MAT-API-001,4643.120849999999,0.0
2023-01-28,MAT-API-001,4643.120849999999,0.0
2023-01-29,MAT-API-001,4643.120849999999,0.0
2023-01-30,MAT-API-001,4643.120849999999,0.0
2023-01-31,MAT-API-001,3665.2913499999995,977.8294999999999
2023-02-01,MAT-API-001,3665.2913499999995,0.0
2023-02-02,MAT-API-001,3665.2913499999995,0.0
2023-02-03,MAT-API-001,3665.2913499999995,0.0
2023-02-04,MAT-API-001,3665.2913499999995,0.0
2023-02-05,MAT-API-001,3665.2913499999995,0.0
2023-02-06,MAT-API-001,3665.2913499999995,0.0
2023-02-07,MAT-API-001,3665.2913499999995,0.0
2023-02-08,MAT-API-001,3665.2913499999995,0.0
2023-02-09,MAT-API-001,3665.2913499999995,0.0
2023-02-10,MAT-API-001,3665.2913499999995,0.0
2023-02-11,MAT-API-001,3665.2913499999995,0.0
2023-02-12,MAT-API-001,3665.2913499999995,0.0
2023-02-13,MAT-API-001,3665.2913499999995,0.0
2023-02-14,MAT-API-001,3665.2913499999995,0.0
2023-02-15,MAT-API-001,3665.2913499999995,0.0
2023-02-16,MAT-API-001,3665.2913499999995,0.0
2023-02-17,MAT-API-001,3665.2913499999995,0.0
2023-02-18,MAT-API-001,3665.2913499999995,0.0
2023-02-19,MAT-API-001,3665.2913499999995,0.0
2023-02-20,MAT-API-001,3665.2913499999995,0.0
2023-02-21,MAT-API-001,3665.2913499999995,0.0
2023-02-22,MAT-API-001,3665.2913499999995,0.0
2023-02-23,MAT-API-001,3665.2913499999995,0.0
2023-02-24,MAT-API-001,3665.2913499999995,0.0
2023-02-25,MAT-API-001,3665.2913499999995,0.0
2023-02-26,MAT-API-001,3665.2913499999995,0.0
2023-02-27,MAT-API-001,2844.9018499999993,820.3895
2023-02-28,MAT-API-001,2844.9018499999993,0.0
2023-03-01,MAT-API-001,2844.9018499999993,0.0
2023-03-02,MAT-API-001,2844.9018499999993,0.0
2023-03-03,MAT-API-001,2844.9018499999993,0.0
2023-03-04,MAT-API-001,2844.9018499999993,0.0
2023-03-05,MAT-API-001,2844.9018499999993,0.0
2023-03-06,MAT-API-001,2844.9018499999993,0.0
2023-03-07,MAT-API-001,2844.9018499999993,0.0
2023-03-08,MAT-API-001,2844.9018499999993,0.0
2023-03-09,MAT-API-001,2844.9018499999993,0.0
2023-03-10,MAT-API-001,2844.9018499999993,0.0
2023-03-11,MAT-API-001,2844.9018499999993,0.0
2023-03-12,MAT-API-001,2844.9018499999993,0.0
2023-03-13,MAT-API-001,2844.9018499999993,0.0
2023-03-14,MAT-API-001,2844.9018499999993,0.0
2023-03-15,MAT-API-001,2844.9018499999993,0.0
2023-03-16,MAT-API-001,2844.9018499999993,0.0
2023-03-17,MAT-API-001,2844.9018499999993,0.0
2023-03-18,MAT-API-001,2844.9018499999993,0.0
2023-03-19,MAT-API-001,2844.9018499999993,0.0
2023-03-20,MAT-API-001,2844.9018499999993,0.0
2023-03-21,MAT-API-001,2844.9018499999993,0.0
2023-03-22,MAT-API-001,2844.9018499999993,0.0
2023-03-23,MAT-API-001,2844.9018499999993,0.0
2023-03-24,MAT-API-001,2101.1003499999993,743.8015
2023-03-25,MAT-API-001,2101.1003499999993,0.0
2023-03-26,MAT-API-001,2101.1003499999993,0.0
2023-03-27,MAT-API-001,2101.1003499999993,0.0
2023-03-28,MAT-API-001,2101.1003499999993,0.0
2023-03-29,MAT-API-001,2101.1003499999993,0.0
2023-03-30,MAT-API-001,2101.1003499999993,0.0
2023-03-31,MAT-API-001,2101.1003499999993,0.0
2023-04-01,MAT-API-001,2101.1003499999993,0.0
2023-04-02,MAT-API-001,2101.1003499999993,0.0
2023-04-03,MAT-API-001,2101.1003499999993,0.0
2023-04-04,MAT-API-001,2101.1003499999993,0.0
2023-04-05,MAT-API-001,2101.1003499999993,0.0
2023-04-06,MAT-API-001,2101.1003499999993,0.0
2023-04-07,MAT-API-001,2101.1003499999993,0.0
2023-04-08,MAT-API-001,2101.1003499999993,0.0
2023-04-09,MAT-API-001,2101.1003499999993,0.0
2023-04-10,MAT-API-001,2101.1003499999993,0.0
2023-04-11,MAT-API-001,2101.1003499999993,0.0
2023-04-12,MAT-API-001,2101.1003499999993,0.0
2023-04-13,MAT-API-001,2101.1003499999993,0.0
2023-04-14,MAT-API-001,2101.1003499999993,0.0
2023-04-15,MAT-API-001,2101.1003499999993,0.0
2023-04-16,MAT-API-001,2101.1003499999993,0.0
2023-04-17,MAT-API-001,2101.1003499999993,0.0
2023-04-18,MAT-API-001,2101.1003499999993,0.0
2023-04-19,MAT-API-001,1117.0183499999994,984.082
2023-04-20,MAT-API-001,1117.0183499999994,0.0
2023-04-21,MAT-API-001,1117.0183499999994,0.0
2023-04-22,MAT-API-001,1117.0183499999994,0.0
2023-04-23,MAT-API-001,1117.0183499999994,0.0
2023-04-24,MAT-API-001,1117.0183499999994,0.0
2023-04-25,MAT-API-001,1117.0183499999994,0.0
2023-04-26,MAT-API-001,1117.0183499999994,0.0
2023-04-27,MAT-API-001,1117.0183499999994,0.0
2023-04-28,MAT-API-001,1117.0183499999994,0.0
2023-04-29,MAT-API-001,3842.923849999999,0.0
2023-04-30,MAT-API-001,3842.923849999999,0.0
2023-05-01,MAT-API-001,3842.923849999999,0.0
2023-05-02,MAT-API-001,3842.923849999999,0.0
2023-05-03,MAT-API-001,3842.923849999999,0.0
2023-05-04,MAT-API-001,3842.923849999999,0.0
2023-05-05,MAT-API-001,3842.923849999999,0.0
2023-05-06,MAT-API-001,3842.923849999999,0.0
2023-05-07,MAT-API-001,3842.923849999999,0.0
2023-05-08,MAT-API-001,3842.923849999999,0.0
2023-05-09,MAT-API-001,3842.923849999999,0.0
2023-05-10,MAT-API-001,3842.923849999999,0.0
2023-05-11,MAT-API-001,3842.923849999999,0.0
2023-05-12,MAT-API-001,2978.7463499999994,864.1775
2023-05-13,MAT-API-001,2978.7463499999994,0.0
2023-05-14,MAT-API-001,2978.7463499999994,0.0
2023-05-15,MAT-API-001,2978.7463499999994,0.0
2023-05-16,MAT-API-001,2978.7463499999994,0.0
2023-05-17,MAT-API-001,2978.7463499999994,0.0
2023-05-18,MAT-API-001,2978.7463499999994,0.0
2023-05-19,MAT-API-001,2978.7463499999994,0.0
2023-05-20,MAT-API-001,2978.7463499999994,0.0
2023-05-21,MAT-API-001,2978.7463499999994,0.0
2023-05-22,MAT-API-001,2978.7463499999994,0.0
2023-05-23,MAT-API-001,2978.7463499999994,0.0
2023-05-24,MAT-API-001,2978.7463499999994,0.0
2023-05-25,MAT-API-001,2978.7463499999994,0.0
2023-05-26,MAT-API-001,2978.7463499999994,0.0
2023-05-27,MAT-API-001,2978.7463499999994,0.0
2023-05-28,MAT-API-001,2978.7463499999994,0.0
2023-05-29,MAT-API-001,2978.7463499999994,0.0
2023-05-30,MAT-API-001,2978.7463499999994,0.0
2023-05-31,MAT-API-001,2978.7463499999994,0.0
2023-06-01,MAT-API-001,2978.7463499999994,0.0
2023-06-02,MAT-API-001,2978.7463499999994,0.0
2023-06-03,MAT-API-001,2978.7463499999994,0.0
2023-06-04,MAT-API-001,2978.7463499999994,0.0
2023-06-05,MAT-API-001,2978.7463499999994,0.0
2023-06-06,MAT-API-001,2978.7463499999994,0.0
2023-06-07,MAT-API-001,2134.2488499999995,844.4975000000001
2023-06-08,MAT-API-001,2134.2488499999995,0.0
2023-06-09,MAT-API-001,2134.2488499999995,0.0
2023-06-10,MAT-API-001,2134.2488499999995,0.0
2023-06-11,MAT-API-001,2134.2488499999995,0.0
2023-06-12,MAT-API-001,2134.2488499999995,0.0
2023-06-13,MAT-API-001,2134.2488499999995,0.0
2023-06-14,MAT-API-001,2134.2488499999995,0.0
2023-06-15,MAT-API-001,2134.2488499999995,0.0
2023-06-16,MAT-API-001,2134.2488499999995,0.0
2023-06-17,MAT-API-001,2134.2488499999995,0.0
2023-06-18,MAT-API-001,2134.2488499999995,0.0
2023-06-19,MAT-API-001,2134.2488499999995,0.0
2023-06-20,MAT-API-001,2134.2488499999995,0.0
2023-06-21,MAT-API-001,2134.2488499999995,0.0
2023-06-22,MAT-API-001,2134.2488499999995,0.0
2023-06-23,MAT-API-001,2134.2488499999995,0.0
2023-06-24,MAT-API-001,2134.2488499999995,0.0
2023-06-25,MAT-API-001,2134.2488499999995,0.0
2023-06-26,MAT-API-001,2134.2488499999995,0.0
2023-06-27,MAT-API-001,2134.2488499999995,0.0
2023-06-28,MAT-API-001,2134.2488499999995,0.0
2023-06-29,MAT-API-001,2134.2488499999995,0.0
2023-06-30,MAT-API-001,2134.2488499999995,0.0
2023-07-01,MAT-API-001,2134.2488499999995,0.0
2023-07-02,MAT-API-001,2134.2488499999995,0.0
2023-07-03,MAT-API-001,1386.5523499999995,747.6965
2023-07-04,MAT-API-001,1386.5523499999995,0.0
2023-07-05,MAT-API-001,1386.5523499999995,0.0
2023-07-06,MAT-API-001,1386.5523499999995,0.0
2023-07-07,MAT-API-001,1386.5523499999995,0.0
2023-07-08,MAT-API-001,3978.613349999999,0.0
2023-07-09,MAT-API-001,3978.613349999999,0.0
2023-07-10,MAT-API-001,3978.613349999999,0.0
2023-07-11,MAT-API-001,3978.613349999999,0.0
2023-07-12,MAT-API-001,3978.613349999999,0.0
2023-07-13,MAT-API-001,3978.613349999999,0.0
2023-07-14,MAT-API-001,3978.613349999999,0.0
2023-07-15,MAT-API-001,3978.613349999999,0.0
2023-07-16,MAT-API-001,3978.613349999999,0.0
2023-07-17,MAT-API-001,3978.613349999999,0.0
2023-07-18,MAT-API-001,3978.613349999999,0.0
2023-07-19,MAT-API-001,3978.613349999999,0.0
2023-07-20,MAT-API-001,3978.613349999999,0.0
2023-07-21,MAT-API-001,3978.613349999999,0.0
2023-07-22,MAT-API-001,3978.613349999999,0.0
2023-07-23,MAT-API-001,3978.613349999999,0.0
2023-07-24,MAT-API-001,3978.613349999999,0.0
2023-07-25,MAT-API-001,3978.613349999999,0.0
2023-07-26,MAT-API-001,3978.613349999999,0.0
2023-07-27,MAT-API-001,3978.613349999999,0.0
2023-07-28,MAT-API-001,3093.6180999999992,884.9952499999999
2023-07-29,MAT-API-001,3093.6180999999992,0.0
2023-07-30,MAT-API-001,3093.6180999999992,0.0
2023-07-31,MAT-API-001,3093.6180999999992,0.0
2023-08-01,MAT-API-001,3093.6180999999992,0.0
2023-08-02,MAT-API-001,3093.6180999999992,0.0
2023-08-03,MAT-API-001,3093.6180999999992,0.0
2023-08-04,MAT-API-001,3093.6180999999992,0.0
2023-08-05,MAT-API-001,3093.6180999999992,0.0
2023-08-06,MAT-API-001,3093.6180999999992,0.0
2023-08-07,MAT-API-001,3093.6180999999992,0.0
2023-08-08,MAT-API-001,3093.6180999999992,0.0
2023-08-09,MAT-API-001,3093.6180999999992,0.0
2023-08-10,MAT-API-001,3093.6180999999992,0.0
2023-08-11,MAT-API-001,3093.6180999999992,0.0
2023-08-12,MAT-API-001,3093.6180999999992,0.0
2023-08-13,MAT-API-001,3093.6180999999992,0.0
2023-08-14,MAT-API-001,3093.6180999999992,0.0
2023-08-15,MAT-API-001,3093.6180999999992,0.0
2023-08-16,MAT-API-001,3093.6180999999992,0.0
2023-08-17,MAT-API-001,3093.6180999999992,0.0
2023-08-18,MAT-API-001,3093.6180999999992,0.0
2023-08-19,MAT-API-001,3093.6180999999992,0.0
2023-08-20,MAT-API-001,3093.6180999999992,0.0
2023-08-21,MAT-API-001,2315.007599999999,778.6105
2023-08-22,MAT-API-001,2315.007599999999,0.0
2023-08-23,MAT-API-001,2315.007599999999,0.0
2023-08-24,MAT-API-001,2315.007599999999,0.0
2023-08-25,MAT-API-001,2315.007599999999,0.0
2023-08-26,MAT-API-001,2315.007599999999,0.0
2023-08-27,MAT-API-001,2315.007599999999,0.0
2023-08-28,MAT-API-001,2315.007599999999,0.0
2023-08-29,MAT-API-001,2315.007599999999,0.0
2023-08-30,MAT-API-001,2315.007599999999,0.0
2023-08-31,MAT-API-001,2315.007599999999,0.0
2023-09-01,MAT-API-001,2315.007599999999,0.0
2023-09-02,MAT-API-001,2315.007599999999,0.0
2023-09-03,MAT-API-001,2315.007599999999,0.0
2023-09-04,MAT-API-001,2315.007599999999,0.0
2023-09-05,MAT-API-001,2315.007599999999,0.0
2023-09-06,MAT-API-001,2315.007599999999,0.0
2023-09-07,MAT-API-001,2315.007599999999,0.0
2023-09-08,MAT-API-001,2315.007599999999,0.0
2023-09-09,MAT-API-001,2315.007599999999,0.0
2023-09-10,MAT-API-001,2315.007599999999,0.0
2023-09-11,MAT-API-001,2315.007599999999,0.0
2023-09-12,MAT-API-001,2315.007599999999,0.0
2023-09-13,MAT-API-001,1495.7045999999991,819.303
2023-09-14,MAT-API-001,1495.7045999999991,0.0
2023-09-15,MAT-API-001,1495.7045999999991,0.0
2023-09-16,MAT-API-001,1495.7045999999991,0.0
2023-09-17,MAT-API-001,1495.7045999999991,0.0
2023-09-18,MAT-API-001,1495.7045999999991,0.0
2023-09-19,MAT-API-001,1495.7045999999991,0.0
2023-09-20,MAT-API-001,1495.7045999999991,0.0
2023-09-21,MAT-API-001,1495.7045999999991,0.0
2023-09-22,MAT-API-001,1495.7045999999991,0.0
2023-09-23,MAT-API-001,3972.893849999999,0.0
2023-09-24,MAT-API-001,3972.893849999999,0.0
2023-09-25,MAT-API-001,3972.893849999999,0.0
2023-09-26,MAT-API-001,3972.893849999999,0.0
2023-09-27,MAT-API-001,3972.893849999999,0.0
2023-09-28,MAT-API-001,3972.893849999999,0.0
2023-09-29,MAT-API-001,3972.893849999999,0.0
2023-09-30,MAT-API-001,3972.893849999999,0.0
2023-10-01,MAT-API-001,3972.893849999999,0.0
2023-10-02,MAT-API-001,3972.893849999999,0.0
2023-10-03,MAT-API-001,3972.893849999999,0.0
2023-10-04,MAT-API-001,3972.893849999999,0.0
2023-10-05,MAT-API-001,3972.893849999999,0.0
2023-10-06,MAT-API-001,3972.893849999999,0.0
2023-10-07,MAT-API-001,3972.893849999999,0.0
2023-10-08,MAT-API-001,3972.893849999999,0.0
2023-10-09,MAT-API-001,3156.122599999999,816.77125
2023-10-10,MAT-API-001,3156.122599999999,0.0
2023-10-11,MAT-API-001,3156.122599999999,0.0
2023-10-12,MAT-API-001,3156.122599999999,0.0
2023-10-13,MAT-API-001,3156.122599999999,0.0
2023-10-14,MAT-API-001,3156.122599999999,0.0
2023-10-15,MAT-API-001,3156.122599999999,0.0
2023-10-16,MAT-API-001,3156.122599999999,0.0
2023-10-17,MAT-API-001,3156.122599999999,0.0
2023-10-18,MAT-API-001,3156.122599999999,0.0
2023-10-19,MAT-API-001,3156.122599999999,0.0
2023-10-20,MAT-API-001,3156.122599999999,0.0
2023-10-21,MAT-API-001,3156.122599999999,0.0
2023-10-22,MAT-API-001,3156.122599999999,0.0
2023-10-23,MAT-API-001,3156.122599999999,0.0
2023-10-24,MAT-API-001,3156.122599999999,0.0
2023-10-25,MAT-API-001,3156.122599999999,0.0
2023-10-26,MAT-API-001,3156.122599999999,0.0
2023-10-27,MAT-API-001,3156.122599999999,0.0
2023-10-28,MAT-API-001,3156.122599999999,0.0
2023-10-29,MAT-API-001,3156.122599999999,0.0
2023-10-30,MAT-API-001,3156.122599999999,0.0
2023-10-31,MAT-API-001,3156.122599999999,0.0
2023-11-01,MAT-API-001,3156.122599999999,0.0
2023-11-02,MAT-API-001,3156.122599999999,0.0
2023-11-03,MAT-API-001,2269.507849999999,886.61475
2023-11-04,MAT-API-001,2269.507849999999,0.0
2023-11-05,MAT-API-001,2269.507849999999,0.0
2023-11-06,MAT-API-001,2269.507849999999,0.0
2023-11-07,MAT-API-001,2269.507849999999,0.0
2023-11-08,MAT-API-001,2269.507849999999,0.0
2023-11-09,MAT-API-001,2269.507849999999,0.0
2023-11-10,MAT-API-001,2269.507849999999,0.0
2023-11-11,MAT-API-001,2269.507849999999,0.0
2023-11-12,MAT-API-001,2269.507849999999,0.0
2023-11-13,MAT-API-001,2269.507849999999,0.0
2023-11-14,MAT-API-001,2269.507849999999,0.0
2023-11-15,MAT-API-001,2269.507849999999,0.0
2023-11-16,MAT-API-001,2269.507849999999,0.0
2023-11-17,MAT-API-001,2269.507849999999,0.0
2023-11-18,MAT-API-001,2269.507849999999,0.0
2023-11-19,MAT-API-001,2269.507849999999,0.0
2023-11-20,MAT-API-001,2269.507849999999,0.0
2023-11-21,MAT-API-001,2269.507849999999,0.0
2023-11-22,MAT-API-001,2269.507849999999,0.0
2023-11-23,MAT-API-001,2269.507849999999,0.0
2023-11-24,MAT-API-001,2269.507849999999,0.0
2023-11-25,MAT-API-001,2269.507849999999,0.0
2023-11-26,MAT-API-001,2269.507849999999,0.0
2023-11-27,MAT-API-001,1336.255599999999,933.2522500000001
2023-11-28,MAT-API-001,1336.255599999999,0.0
2023-11-29,MAT-API-001,1336.255599999999,0.0
2023-11-30,MAT-API-001,1336.255599999999,0.0
2023-12-01,MAT-API-001,1336.255599999999,0.0
2023-12-02,MAT-API-001,1336.255599999999,0.0
2023-12-03,MAT-API-001,1336.255599999999,0.0
2023-12-04,MAT-API-001,1336.255599999999,0.0
2023-12-05,MAT-API-001,1336.255599999999,0.0
2023-12-06,MAT-API-001,1336.255599999999,0.0
2023-12-07,MAT-API-001,1336.255599999999,0.0
2023-12-08,MAT-API-001,1336.255599999999,0.0
2023-12-09,MAT-API-001,1336.255599999999,0.0
2023-12-10,MAT-API-001,1336.255599999999,0.0
2023-12-11,MAT-API-001,1336.255599999999,0.0
2023-12-12,MAT-API-001,1336.255599999999,0.0
2023-12-13,MAT-API-001,1336.255599999999,0.0
2023-12-14,MAT-API-001,1336.255599999999,0.0
2023-12-15,MAT-API-001,1336.255599999999,0.0
2023-12-16,MAT-API-001,1336.255599999999,0.0
2023-12-17,MAT-API-001,1336.255599999999,0.0
2023-12-18,MAT-API-001,1336.255599999999,0.0
2023-12-19,MAT-API-001,1336.255599999999,0.0
2023-12-20,MAT-API-001,1336.255599999999,0.0
2023-12-21,MAT-API-001,1336.255599999999,0.0
2023-12-22,MAT-API-001,1336.255599999999,0.0
2023-12-23,MAT-API-001,1336.255599999999,0.0
2023-12-24,MAT-API-001,1336.255599999999,0.0
2023-12-25,MAT-API-001,413.70434999999907,922.55125
2023-12-26,MAT-API-001,413.70434999999907,0.0
2023-12-27,MAT-API-001,2828.3890999999994,0.0
2023-12-28,MAT-API-001,2828.3890999999994,0.0
2023-12-29,MAT-API-001,2828.3890999999994,0.0
2023-12-30,MAT-API-001,2828.3890999999994,0.0
2023-12-31,MAT-API-001,2828.3890999999994,0.0
2024-01-01,MAT-API-001,2828.3890999999994,0.0
2024-01-02,MAT-API-001,2828.3890999999994,0.0
2024-01-03,MAT-API-001,2828.3890999999994,0.0
2024-01-04,MAT-API-001,2828.3890999999994,0.0
2024-01-05,MAT-API-001,2828.3890999999994,0.0
2024-01-06,MAT-API-001,2828.3890999999994,0.0
2024-01-07,MAT-API-001,2828.3890999999994,0.0
2024-01-08,MAT-API-001,2828.3890999999994,0.0
2024-01-09,MAT-API-001,2828.3890999999994,0.0
2024-01-10,MAT-API-001,2828.3890999999994,0.0
2024-01-11,MAT-API-001,2828.3890999999994,0.0
2024-01-12,MAT-API-001,2828.3890999999994,0.0
2024-01-13,MAT-API-001,2828.3890999999994,0.0
2024-01-14,MAT-API-001,2828.3890999999994,0.0
2024-01-15,MAT-API-001,2828.3890999999994,0.0
2024-01-16,MAT-API-001,2828.3890999999994,0.0
2024-01-17,MAT-API-001,1904.0133499999993,924.37575
2024-01-18,MAT-API-001,1904.0133499999993,0.0
2024-01-19,MAT-API-001,1904.0133499999993,0.0
2024-01-20,MAT-API-001,1904.0133499999993,0.0
2024-01-21,MAT-API-001,1904.0133499999993,0.0
2024-01-22,MAT-API-001,1904.0133499999993,0.0
2024-01-23,MAT-API-001,1904.0133499999993,0.0
2024-01-24,MAT-API-001,1904.0133499999993,0.0
2024-01-25,MAT-API-001,1904.0133499999993,0.0
2024-01-26,MAT-API-001,1904.0133499999993,0.0
2024-01-27,MAT-API-001,1904.0133499999993,0.0
2024-01-28,MAT-API-001,1904.0133499999993,0.0
2024-01-29,MAT-API-001,1904.0133499999993,0.0
2024-01-30,MAT-API-001,1904.0133499999993,0.0
2024-01-31,MAT-API-001,1904.0133499999993,0.0
2024-02-01,MAT-API-001,1904.0133499999993,0.0
2024-02-02,MAT-API-001,1904.0133499999993,0.0
2024-02-03,MAT-API-001,1904.0133499999993,0.0
2024-02-04,MAT-API-001,1904.0133499999993,0.0
2024-02-05,MAT-API-001,1904.0133499999993,0.0
2024-02-06,MAT-API-001,1904.0133499999993,0.0
2024-02-07,MAT-API-001,1904.0133499999993,0.0
2024-02-08,MAT-API-001,1904.0133499999993,0.0
2024-02-09,MAT-API-001,1904.0133499999993,0.0
2024-02-10,MAT-API-001,1904.0133499999993,0.0
2024-02-11,MAT-API-001,1904.0133499999993,0.0
2024-02-12,MAT-API-001,1904.0133499999993,0.0
2024-02-13,MAT-API-001,918.1580999999993,985.85525
2024-02-14,MAT-API-001,918.1580999999993,0.0
2024-02-15,MAT-API-001,918.1580999999993,0.0
2024-02-16,MAT-API-001,918.1580999999993,0.0
2024-02-17,MAT-API-001,918.1580999999993,0.0
2024-02-18,MAT-API-001,918.1580999999993,0.0
2024-02-19,MAT-API-001,918.1580999999993,0.0
2024-02-20,MAT-API-001,918.1580999999993,0.0
2024-02-21,MAT-API-001,918.1580999999993,0.0
2024-02-22,MAT-API-001,918.1580999999993,0.0
2024-02-23,MAT-API-001,918.1580999999993,0.0
2024-02-24,MAT-API-001,3660.576349999999,0.0
2024-02-25,MAT-API-001,3660.576349999999,0.0
2024-02-26,MAT-API-001,3660.576349999999,0.0
2024-02-27,MAT-API-001,3660.576349999999,0.0
2024-02-28,MAT-API-001,3660.576349999999,0.0
2024-02-29,MAT-API-001,3660.576349999999,0.0
2024-03-01,MAT-API-001,3660.576349999999,0.0
2024-03-02,MAT-API-001,3660.576349999999,0.0
2024-03-03,MAT-API-001,3660.576349999999,0.0
2024-03-04,MAT-API-001,3660.576349999999,0.0
2024-03-05,MAT-API-001,3660.576349999999,0.0
2024-03-06,MAT-API-001,3660.576349999999,0.0
2024-03-07,MAT-API-001,3660.576349999999,0.0
2024-03-08,MAT-API-001,3660.576349999999,0.0
2024-03-09,MAT-API-001,3660.576349999999,0.0
2024-03-10,MAT-API-001,3660.576349999999,0.0
2024-03-11,MAT-API-001,2715.557099999999,945.01925
2024-03-12,MAT-API-001,2715.557099999999,0.0
2024-03-13,MAT-API-001,2715.557099999999,0.0
2024-03-14,MAT-API-001,2715.557099999999,0.0
2024-03-15,MAT-API-001,2715.557099999999,0.0
2024-03-16,MAT-API-001,2715.557099999999,0.0
2024-03-17,MAT-API-001,2715.557099999999,0.0
2024-03-18,MAT-API-001,2715.557099999999,0.0
2024-03-19,MAT-API-001,2715.557099999999,0.0
2024-03-20,MAT-API-001,2715.557099999999,0.0
2024-03-21,MAT-API-001,2715.557099999999,0.0
2024-03-22,MAT-API-001,2715.557099999999,0.0
2024-03-23,MAT-API-001,2715.557099999999,0.0
2024-03-24,MAT-API-001,2715.557099999999,0.0
2024-03-25,MAT-API-001,2715.557099999999,0.0
2024-03-26,MAT-API-001,2715.557099999999,0.0
2024-03-27,MAT-API-001,2715.557099999999,0.0
2024-03-28,MAT-API-001,2715.557099999999,0.0
2024-03-29,MAT-API-001,2715.557099999999,0.0
2024-03-30,MAT-API-001,2715.557099999999,0.0
2024-03-31,MAT-API-001,2715.557099999999,0.0
2024-04-01,MAT-API-001,2715.557099999999,0.0
2024-04-02,MAT-API-001,2715.557099999999,0.0
2024-04-03,MAT-API-001,2715.557099999999,0.0
2024-04-04,MAT-API-001,2715.557099999999,0.0
2024-04-05,MAT-API-001,1811.824849999999,903.73225
2024-04-06,MAT-API-001,1811.824849999999,0.0
2024-04-07,MAT-API-001,1811.824849999999,0.0
2024-04-08,MAT-API-001,1811.824849999999,0.0
2024-04-09,MAT-API-001,1811.824849999999,0.0
2024-04-10,MAT-API-001,1811.824849999999,0.0
2024-04-11,MAT-API-001,1811.824849999999,0.0
2024-04-12,MAT-API-001,1811.824849999999,0.0
2024-04-13,MAT-API-001,1811.824849999999,0.0
2024-04-14,MAT-API-001,1811.824849999999,0.0
2024-04-15,MAT-API-001,1811.824849999999,0.0
2024-04-16,MAT-API-001,1811.824849999999,0.0
2024-04-17,MAT-API-001,1811.824849999999,0.0
2024-04-18,MAT-API-001,1811.824849999999,0.0
2024-04-19,MAT-API-001,1811.824849999999,0.0
2024-04-20,MAT-API-001,1811.824849999999,0.0
2024-04-21,MAT-API-001,1811.824849999999,0.0
2024-04-22,MAT-API-001,1811.824849999999,0.0
2024-04-23,MAT-API-001,1811.824849999999,0.0
2024-04-24,MAT-API-001,1811.824849999999,0.0
2024-04-25,MAT-API-001,1811.824849999999,0.0
2024-04-26,MAT-API-001,1811.824849999999,0.0
2024-04-27,MAT-API-001,1811.824849999999,0.0
2024-04-28,MAT-API-001,1811.824849999999,0.0
2024-04-29,MAT-API-001,1031.0003499999991,780.8245
2024-04-30,MAT-API-001,1031.0003499999991,0.0
2024-05-01,MAT-API-001,1031.0003499999991,0.0
2024-05-02,MAT-API-001,1031.0003499999991,0.0
2024-05-03,MAT-API-001,1031.0003499999991,0.0
2024-05-04,MAT-API-001,1031.0003499999991,0.0
2024-05-05,MAT-API-001,1031.0003499999991,0.0
2024-05-06,MAT-API-001,1031.0003499999991,0.0
2024-05-07,MAT-API-001,1031.0003499999991,0.0
2024-05-08,MAT-API-001,1031.0003499999991,0.0
2024-05-09,MAT-API-001,1031.0003499999991,0.0
2024-05-10,MAT-API-001,1031.0003499999991,0.0
2024-05-11,MAT-API-001,1031.0003499999991,0.0
2024-05-12,MAT-API-001,1031.0003499999991,0.0
2024-05-13,MAT-API-001,1031.0003499999991,0.0
2024-05-14,MAT-API-001,1031.0003499999991,0.0
2024-05-15,MAT-API-001,3886.2505999999994,0.0
2024-05-16,MAT-API-001,3886.2505999999994,0.0
2024-05-17,MAT-API-001,3886.2505999999994,0.0
2024-05-18,MAT-API-001,3886.2505999999994,0.0
2024-05-19,MAT-API-001,3886.2505999999994,0.0
2024-05-20,MAT-API-001,3886.2505999999994,0.0
2024-05-21,MAT-API-001,3886.2505999999994,0.0
2024-05-22,MAT-API-001,3886.2505999999994,0.0
2024-05-23,MAT-API-001,3886.2505999999994,0.0
2024-05-24,MAT-API-001,3886.2505999999994,0.0
2024-05-25,MAT-API-001,3886.2505999999994,0.0
2024-05-26,MAT-API-001,3886.2505999999994,0.0
2024-05-27,MAT-API-001,3078.7043499999995,807.54625
2024-05-28,MAT-API-001,3078.7043499999995,0.0
2024-05-29,MAT-API-001,3078.7043499999995,0.0
2024-05-30,MAT-API-001,3078.7043499999995,0.0
2024-05-31,MAT-API-001,3078.7043499999995,0.0
2024-06-01,MAT-API-001,3078.7043499999995,0.0
2024-06-02,MAT-API-001,3078.7043499999995,0.0
2024-06-03,MAT-API-001,3078.7043499999995,0.0
2024-06-04,MAT-API-001,3078.7043499999995,0.0
2024-06-05,MAT-API-001,3078.7043499999995,0.0
2024-06-06,MAT-API-001,3078.7043499999995,0.0
2024-06-07,MAT-API-001,3078.7043499999995,0.0
2024-06-08,MAT-API-001,3078.7043499999995,0.0
2024-06-09,MAT-API-001,3078.7043499999995,0.0
2024-06-10,MAT-API-001,3078.7043499999995,0.0
2024-06-11,MAT-API-001,3078.7043499999995,0.0
2024-06-12,MAT-API-001,3078.7043499999995,0.0
2024-06-13,MAT-API-001,3078.7043499999995,0.0
2024-06-14,MAT-API-001,3078.7043499999995,0.0
2024-06-15,MAT-API-001,3078.7043499999995,0.0
2024-06-16,MAT-API-001,3078.7043499999995,0.0
2024-06-17,MAT-API-001,3078.7043499999995,0.0
2024-06-18,MAT-API-001,3078.7043499999995,0.0
2024-06-19,MAT-API-001,3078.7043499999995,0.0
2024-06-20,MAT-API-001,3078.7043499999995,0.0
2024-06-21,MAT-API-001,3078.7043499999995,0.0
2024-06-22,MAT-API-001,3078.7043499999995,0.0
2024-06-23,MAT-API-001,3078.7043499999995,0.0
2024-06-24,MAT-API-001,2155.9583499999994,922.746
2024-06-25,MAT-API-001,2155.9583499999994,0.0
2024-06-26,MAT-API-001,2155.9583499999994,0.0
2024-06-27,MAT-API-001,2155.9583499999994,0.0
2024-06-28,MAT-API-001,2155.9583499999994,0.0
2024-06-29,MAT-API-001,2155.9583499999994,0.0
2024-06-30,MAT-API-001,2155.9583499999994,0.0
2024-07-01,MAT-API-001,2155.9583499999994,0.0
2024-07-02,MAT-API-001,2155.9583499999994,0.0
2024-07-03,MAT-API-001,2155.9583499999994,0.0
2024-07-04,MAT-API-001,2155.9583499999994,0.0
2024-07-05,MAT-API-001,2155.9583499999994,0.0
2024-07-06,MAT-API-001,2155.9583499999994,0.0
2024-07-07,MAT-API-001,2155.9583499999994,0.0
2024-07-08,MAT-API-001,2155.9583499999994,0.0
2024-07-09,MAT-API-001,2155.9583499999994,0.0
2024-07-10,MAT-API-001,2155.9583499999994,0.0
2024-07-11,MAT-API-001,2155.9583499999994,0.0
2024-07-12,MAT-API-001,2155.9583499999994,0.0
2024-07-13,MAT-API-001,2155.9583499999994,0.0
2024-07-14,MAT-API-001,2155.9583499999994,0.0
2024-07-15,MAT-API-001,2155.9583499999994,0.0
2024-07-16,MAT-API-001,2155.9583499999994,0.0
2024-07-17,MAT-API-001,2155.9583499999994,0.0
2024-07-18,MAT-API-001,1230.7010999999993,925.2572500000001
2024-07-19,MAT-API-001,1230.7010999999993,0.0
2024-07-20,MAT-API-001,1230.7010999999993,0.0
2024-07-21,MAT-API-001,1230.7010999999993,0.0
2024-07-22,MAT-API-001,1230.7010999999993,0.0
2024-07-23,MAT-API-001,1230.7010999999993,0.0
2024-07-24,MAT-API-001,1230.7010999999993,0.0
2024-07-25,MAT-API-001,1230.7010999999993,0.0
2024-07-26,MAT-API-001,1230.7010999999993,0.0
2024-07-27,MAT-API-001,3722.804099999999,0.0
2024-07-28,MAT-API-001,3722.804099999999,0.0
2024-07-29,MAT-API-001,3722.804099999999,0.0
2024-07-30,MAT-API-001,3722.804099999999,0.0
2024-07-31,MAT-API-001,3722.804099999999,0.0
2024-08-01,MAT-API-001,3722.804099999999,0.0
2024-08-02,MAT-API-001,3722.804099999999,0.0
2024-08-03,MAT-API-001,3722.804099999999,0.0
2024-08-04,MAT-API-001,3722.804099999999,0.0
2024-08-05,MAT-API-001,3722.804099999999,0.0
2024-08-06,MAT-API-001,3722.804099999999,0.0
2024-08-07,MAT-API-001,3722.804099999999,0.0
2024-08-08,MAT-API-001,3722.804099999999,0.0
2024-08-09,MAT-API-001,3722.804099999999,0.0
2024-08-10,MAT-API-001,3722.804099999999,0.0
2024-08-11,MAT-API-001,3722.804099999999,0.0
2024-08-12,MAT-API-001,2897.0640999999987,825.74
2024-08-13,MAT-API-001,2897.0640999999987,0.0
2024-08-14,MAT-API-001,2897.0640999999987,0.0
2024-08-15,MAT-API-001,2897.0640999999987,0.0
2024-08-16,MAT-API-001,2897.0640999999987,0.0
2024-08-17,MAT-API-001,2897.0640999999987,0.0
2024-08-18,MAT-API-001,2897.0640999999987,0.0
2024-08-19,MAT-API-001,2897.0640999999987,0.0
2024-08-20,MAT-API-001,2897.0640999999987,0.0
2024-08-21,MAT-API-001,2897.0640999999987,0.0
2024-08-22,MAT-API-001,2897.0640999999987,0.0
2024-08-23,MAT-API-001,2897.0640999999987,0.0
2024-08-24,MAT-API-001,2897.0640999999987,0.0
2024-08-25,MAT-API-001,2897.0640999999987,0.0
2024-08-26,MAT-API-001,2897.0640999999987,0.0
2024-08-27,MAT-API-001,2897.0640999999987,0.0
2024-08-28,MAT-API-001,2897.0640999999987,0.0
2024-08-29,MAT-API-001,2897.0640999999987,0.0
2024-08-30,MAT-API-001,2897.0640999999987,0.0
2024-08-31,MAT-API-001,2897.0640999999987,0.0
2024-09-01,MAT-API-001,2897.0640999999987,0.0
2024-09-02,MAT-API-001,2897.0640999999987,0.0
2024-09-03,MAT-API-001,2897.0640999999987,0.0
2024-09-04,MAT-API-001,2897.0640999999987,0.0
2024-09-05,MAT-API-001,2897.0640999999987,0.0
2024-09-06,MAT-API-001,2897.0640999999987,0.0
2024-09-07,MAT-API-001,2897.0640999999987,0.0
2024-09-08,MAT-API-001,2897.0640999999987,0.0
2024-09-09,MAT-API-001,2027.0440999999987,870.02
2024-09-10,MAT-API-001,2027.0440999999987,0.0
2024-09-11,MAT-API-001,2027.0440999999987,0.0
2024-09-12,MAT-API-001,2027.0440999999987,0.0
2024-09-13,MAT-API-001,2027.0440999999987,0.0
2024-09-14,MAT-API-001,2027.0440999999987,0.0
2024-09-15,MAT-API-001,2027.0440999999987,0.0
2024-09-16,MAT-API-001,2027.0440999999987,0.0
2024-09-17,MAT-API-001,2027.0440999999987,0.0
2024-09-18,MAT-API-001,2027.0440999999987,0.0
2024-09-19,MAT-API-001,2027.0440999999987,0.0
2024-09-20,MAT-API-001,2027.0440999999987,0.0
2024-09-21,MAT-API-001,2027.0440999999987,0.0
2024-09-22,MAT-API-001,2027.0440999999987,0.0
2024-09-23,MAT-API-001,2027.0440999999987,0.0
2024-09-24,MAT-API-001,2027.0440999999987,0.0
2024-09-25,MAT-API-001,2027.0440999999987,0.0
2024-09-26,MAT-API-001,2027.0440999999987,0.0
2024-09-27,MAT-API-001,2027.0440999999987,0.0
2024-09-28,MAT-API-001,2027.0440999999987,0.0
2024-09-29,MAT-API-001,2027.0440999999987,0.0
2024-09-30,MAT-API-001,2027.0440999999987,0.0
2024-10-01,MAT-API-001,2027.0440999999987,0.0
2024-10-02,MAT-API-001,2027.0440999999987,0.0
2024-10-03,MAT-API-001,2027.0440999999987,0.0
2024-10-04,MAT-API-001,2027.0440999999987,0.0
2024-10-05,MAT-API-001,2027.0440999999987,0.0
2024-10-06,MAT-API-001,2027.0440999999987,0.0
2024-10-07,MAT-API-001,1243.9748499999987,783.06925
2024-10-08,MAT-API-001,1243.9748499999987,0.0
2024-10-09,MAT-API-001,1243.9748499999987,0.0
2024-10-10,MAT-API-001,1243.9748499999987,0.0
2024-10-11,MAT-API-001,1243.9748499999987,0.0
2024-10-12,MAT-API-001,1243.9748499999987,0.0
2024-10-13,MAT-API-001,1243.9748499999987,0.0
2024-10-14,MAT-API-001,1243.9748499999987,0.0
2024-10-15,MAT-API-001,1243.9748499999987,0.0
2024-10-16,MAT-API-001,1243.9748499999987,0.0
2024-10-17,MAT-API-001,1243.9748499999987,0.0
2024-10-18,MAT-API-001,1243.9748499999987,0.0
2024-10-19,MAT-API-001,1243.9748499999987,0.0
2024-10-20,MAT-API-001,1243.9748499999987,0.0
2024-10-21,MAT-API-001,1243.9748499999987,0.0
2024-10-22,MAT-API-001,3917.718099999999,0.0
2024-10-23,MAT-API-001,3917.718099999999,0.0
2024-10-24,MAT-API-001,3917.718099999999,0.0
2024-10-25,MAT-API-001,3917.718099999999,0.0
2024-10-26,MAT-API-001,3917.718099999999,0.0
2024-10-27,MAT-API-001,3917.718099999999,0.0
2024-10-28,MAT-API-001,3917.718099999999,0.0
2024-10-29,MAT-API-001,3917.718099999999,0.0
2024-10-30,MAT-API-001,3917.718099999999,0.0
2024-10-31,MAT-API-001,3089.4873499999994,828.23075
2024-11-01,MAT-API-001,3089.4873499999994,0.0
2024-11-02,MAT-API-001,3089.4873499999994,0.0
2024-11-03,MAT-API-001,3089.4873499999994,0.0
2024-11-04,MAT-API-001,3089.4873499999994,0.0
2024-11-05,MAT-API-001,3089.4873499999994,0.0
2024-11-06,MAT-API-001,3089.4873499999994,0.0
2024-11-07,MAT-API-001,3089.4873499999994,0.0
2024-11-08,MAT-API-001,3089.4873499999994,0.0
2024-11-09,MAT-API-001,3089.4873499999994,0.0
2024-11-10,MAT-API-001,3089.4873499999994,0.0
2024-11-11,MAT-API-001,3089.4873499999994,0.0
2024-11-12,MAT-API-001,3089.4873499999994,0.0
2024-11-13,MAT-API-001,3089.4873499999994,0.0
2024-11-14,MAT-API-001,3089.4873499999994,0.0
2024-11-15,MAT-API-001,3089.4873499999994,0.0
2024-11-16,MAT-API-001,3089.4873499999994,0.0
2024-11-17,MAT-API-001,3089.4873499999994,0.0
2024-11-18,MAT-API-001,3089.4873499999994,0.0
2024-11-19,MAT-API-001,3089.4873499999994,0.0
2024-11-20,MAT-API-001,3089.4873499999994,0.0
2024-11-21,MAT-API-001,3089.4873499999994,0.0
2024-11-22,MAT-API-001,3089.4873499999994,0.0
2024-11-23,MAT-API-001,3089.4873499999994,0.0
2024-11-24,MAT-API-001,3089.4873499999994,0.0
2024-11-25,MAT-API-001,3089.4873499999994,0.0
2024-11-26,MAT-API-001,2201.294099999999,888.19325
2024-11-27,MAT-API-001,2201.294099999999,0.0
2024-11-28,MAT-API-001,2201.294099999999,0.0
2024-11-29,MAT-API-001,2201.294099999999,0.0
2024-11-30,MAT-API-001,2201.294099999999,0.0
2024-12-01,MAT-API-001,2201.294099999999,0.0
2024-12-02,MAT-API-001,2201.294099999999,0.0
2024-12-03,MAT-API-001,2201.294099999999,0.0
2024-12-04,MAT-API-001,2201.294099999999,0.0
2024-12-05,MAT-API-001,2201.294099999999,0.0
2024-12-06,MAT-API-001,2201.294099999999,0.0
2024-12-07,MAT-API-001,2201.294099999999,0.0
2024-12-08,MAT-API-001,2201.294099999999,0.0
2024-12-09,MAT-API-001,2201.294099999999,0.0
2024-12-10,MAT-API-001,2201.294099999999,0.0
2024-12-11,MAT-API-001,2201.294099999999,0.0
2024-12-12,MAT-API-001,2201.294099999999,0.0
2024-12-13,MAT-API-001,2201.294099999999,0.0
2024-12-14,MAT-API-001,2201.294099999999,0.0
2024-12-15,MAT-API-001,2201.294099999999,0.0
2024-12-16,MAT-API-001,2201.294099999999,0.0
2024-12-17,MAT-API-001,2201.294099999999,0.0
2024-12-18,MAT-API-001,2201.294099999999,0.0
2024-12-19,MAT-API-001,2201.294099999999,0.0
2024-12-20,MAT-API-001,2201.294099999999,0.0
2024-12-21,MAT-API-001,2201.294099999999,0.0
2024-12-22,MAT-API-001,2201.294099999999,0.0
2024-12-23,MAT-API-001,1237.6915999999992,963.6025000000001
2024-12-24,MAT-API-001,1237.6915999999992,0.0
2024-12-25,MAT-API-001,1237.6915999999992,0.0
2024-12-26,MAT-API-001,1237.6915999999992,0.0
2024-12-27,MAT-API-001,1237.6915999999992,0.0
2024-12-28,MAT-API-001,1237.6915999999992,0.0
2024-12-29,MAT-API-001,1237.6915999999992,0.0
2024-12-30,MAT-API-001,1237.6915999999992,0.0
2024-12-31,MAT-API-001,3719.011599999999,0.0
2023-01-01,MAT-API-002,6929.926478222223,0.0
2023-01-02,MAT-API-002,6929.926478222223,0.0
2023-01-03,MAT-API-002,6929.926478222223,0.0
2023-01-04,MAT-API-002,6929.926478222223,0.0
2023-01-05,MAT-API-002,6929.926478222223,0.0
2023-01-06,MAT-API-002,6929.926478222223,0.0
2023-01-07,MAT-API-002,6929.926478222223,0.0
2023-01-08,MAT-API-002,6929.926478222223,0.0
2023-01-09,MAT-API-002,6929.926478222223,0.0
2023-01-10,MAT-API-002,6929.926478222223,0.0
2023-01-11,MAT-API-002,6929.926478222223,0.0
2023-01-12,MAT-API-002,6929.926478222223,0.0
2023-01-13,MAT-API-002,5955.236958222223,974.6895199999999
2023-01-14,MAT-API-002,5955.236958222223,0.0
2023-01-15,MAT-API-002,5955.236958222223,0.0
2023-01-16,MAT-API-002,5955.236958222223,0.0
2023-01-17,MAT-API-002,5955.236958222223,0.0
2023-01-18,MAT-API-002,5955.236958222223,0.0
2023-01-19,MAT-API-002,5955.236958222223,0.0
2023-01-20,MAT-API-002,5955.236958222223,0.0
2023-01-21,MAT-API-002,5955.236958222223,0.0
2023-01-22,MAT-API-002,5955.236958222223,0.0
2023-01-23,MAT-API-002,5955.236958222223,0.0
2023-01-24,MAT-API-002,5955.236958222223,0.0
2023-01-25,MAT-API-002,5955.236958222223,0.0
2023-01-26,MAT-API-002,5955.236958222223,0.0
2023-01-27,MAT-API-002,5955.236958222223,0.0
2023-01-28,MAT-API-002,5955.236958222223,0.0
2023-01-29,MAT-API-002,5955.236958222223,0.0
2023-01-30,MAT-API-002,5955.236958222223,0.0
2023-01-31,MAT-API-002,4906.680638222223,1048.55632
2023-02-01,MAT-API-002,4906.680638222223,0.0
2023-02-02,MAT-API-002,4906.680638222223,0.0
2023-02-03,MAT-API-002,4906.680638222223,0.0
2023-02-04,MAT-API-002,4906.680638222223,0.0
2023-02-05,MAT-API-002,4906.680638222223,0.0
2023-02-06,MAT-API-002,4906.680638222223,0.0
2023-02-07,MAT-API-002,4906.680638222223,0.0
2023-02-08,MAT-API-002,4906.680638222223,0.0
2023-02-09,MAT-API-002,4906.680638222223,0.0
2023-02-10,MAT-API-002,4906.680638222223,0.0
2023-02-11,MAT-API-002,4906.680638222223,0.0
2023-02-12,MAT-API-002,4906.680638222223,0.0
2023-02-13,MAT-API-002,4906.680638222223,0.0
2023-02-14,MAT-API-002,4906.680638222223,0.0
2023-02-15,MAT-API-002,4906.680638222223,0.0
2023-02-16,MAT-API-002,4906.680638222223,0.0
2023-02-17,MAT-API-002,3911.996318222223,994.68432
2023-02-18,MAT-API-002,3911.996318222223,0.0
2023-02-19,MAT-API-002,3911.996318222223,0.0
2023-02-20,MAT-API-002,3911.996318222223,0.0
2023-02-21,MAT-API-002,3911.996318222223,0.0
2023-02-22,MAT-API-002,3911.996318222223,0.0
2023-02-23,MAT-API-002,3911.996318222223,0.0
2023-02-24,MAT-API-002,3911.996318222223,0.0
2023-02-25,MAT-API-002,3911.996318222223,0.0
2023-02-26,MAT-API-002,3911.996318222223,0.0
2023-02-27,MAT-API-002,3911.996318222223,0.0
2023-02-28,MAT-API-002,3911.996318222223,0.0
2023-03-01,MAT-API-002,3911.996318222223,0.0
2023-03-02,MAT-API-002,3911.996318222223,0.0
2023-03-03,MAT-API-002,3911.996318222223,0.0
2023-03-04,MAT-API-002,3911.996318222223,0.0
2023-03-05,MAT-API-002,3911.996318222223,0.0
2023-03-06,MAT-API-002,2955.208878222223,956.78744
2023-03-07,MAT-API-002,2955.208878222223,0.0
2023-03-08,MAT-API-002,2955.208878222223,0.0
2023-03-09,MAT-API-002,2955.208878222223,0.0
2023-03-10,MAT-API-002,2955.208878222223,0.0
2023-03-11,MAT-API-002,2955.208878222223,0.0
2023-03-12,MAT-API-002,2955.208878222223,0.0
2023-03-13,MAT-API-002,2955.208878222223,0.0
2023-03-14,MAT-API-002,2955.208878222223,0.0
2023-03-15,MAT-API-002,2955.208878222223,0.0
2023-03-16,MAT-API-002,2955.208878222223,0.0
2023-03-17,MAT-API-002,2955.208878222223,0.0
2023-03-18,MAT-API-002,2955.208878222223,0.0
2023-03-19,MAT-API-002,2955.208878222223,0.0
2023-03-20,MAT-API-002,2955.208878222223,0.0
2023-03-21,MAT-API-002,2018.954958222223,936.25392
2023-03-22,MAT-API-002,2018.954958222223,0.0
2023-03-23,MAT-API-002,2018.954958222223,0.0
2023-03-24,MAT-API-002,2018.954958222223,0.0
2023-03-25,MAT-API-002,2018.954958222223,0.0
2023-03-26,MAT-API-002,2018.954958222223,0.0
2023-03-27,MAT-API-002,2018.954958222223,0.0
2023-03-28,MAT-API-002,2018.954958222223,0.0
2023-03-29,MAT-API-002,2018.954958222223,0.0
2023-03-30,MAT-API-002,2018.954958222223,0.0
2023-03-31,MAT-API-002,2018.954958222223,0.0
2023-04-01,MAT-API-002,2018.954958222223,0.0
2023-04-02,MAT-API-002,2018.954958222223,0.0
2023-04-03,MAT-API-002,2018.954958222223,0.0
2023-04-04,MAT-API-002,2018.954958222223,0.0
2023-04-05,MAT-API-002,2018.954958222223,0.0
2023-04-06,MAT-API-002,2018.954958222223,0.0
2023-04-07,MAT-API-002,2018.954958222223,0.0
2023-04-08,MAT-API-002,2018.954958222223,0.0
2023-04-09,MAT-API-002,2018.954958222223,0.0
2023-04-10,MAT-API-002,1022.0535982222231,996.90136
2023-04-11,MAT-API-002,1022.0535982222231,0.0
2023-04-12,MAT-API-002,1022.0535982222231,0.0
2023-04-13,MAT-API-002,1022.0535982222231,0.0
2023-04-14,MAT-API-002,1022.0535982222231,0.0
2023-04-15,MAT-API-002,1022.0535982222231,0.0
2023-04-16,MAT-API-002,1022.0535982222231,0.0
2023-04-17,MAT-API-002,1022.0535982222231,0.0
2023-04-18,MAT-API-002,1022.0535982222231,0.0
2023-04-19,MAT-API-002,1022.0535982222231,0.0
2023-04-20,MAT-API-002,1022.0535982222231,0.0
2023-04-21,MAT-API-002,1022.0535982222231,0.0
2023-04-22,MAT-API-002,1022.0535982222231,0.0
2023-04-23,MAT-API-002,1022.0535982222231,0.0
2023-04-24,MAT-API-002,1022.0535982222231,0.0
2023-04-25,MAT-API-002,18.66687822222309,1003.38672
2023-04-26,MAT-API-002,18.66687822222309,0.0
2023-04-27,MAT-API-002,18.66687822222309,0.0
2023-04-28,MAT-API-002,3036.5970382222226,0.0
2023-04-29,MAT-API-002,3036.5970382222226,0.0
2023-04-30,MAT-API-002,3036.5970382222226,0.0
2023-05-01,MAT-API-002,3036.5970382222226,0.0
2023-05-02,MAT-API-002,3036.5970382222226,0.0
2023-05-03,MAT-API-002,3036.5970382222226,0.0
2023-05-04,MAT-API-002,3036.5970382222226,0.0
2023-05-05,MAT-API-002,3036.5970382222226,0.0
2023-05-06,MAT-API-002,3036.5970382222226,0.0
2023-05-07,MAT-API-002,3036.5970382222226,0.0
2023-05-08,MAT-API-002,3036.5970382222226,0.0
2023-05-09,MAT-API-002,3036.5970382222226,0.0
2023-05-10,MAT-API-002,3036.5970382222226,0.0
2023-05-11,MAT-API-002,3036.5970382222226,0.0
2023-05-12,MAT-API-002,3036.5970382222226,0.0
2023-05-13,MAT-API-002,3036.5970382222226,0.0
2023-05-14,MAT-API-002,3036.5970382222226,0.0
2023-05-15,MAT-API-002,1966.8648782222226,1069.73216
2023-05-16,MAT-API-002,1966.8648782222226,0.0
2023-05-17,MAT-API-002,1966.8648782222226,0.0
2023-05-18,MAT-API-002,1966.8648782222226,0.0
2023-05-19,MAT-API-002,1966.8648782222226,0.0
2023-05-20,MAT-API-002,1966.8648782222226,0.0
2023-05-21,MAT-API-002,1966.8648782222226,0.0
2023-05-22,MAT-API-002,1966.8648782222226,0.0
2023-05-23,MAT-API-002,1966.8648782222226,0.0
2023-05-24,MAT-API-002,1966.8648782222226,0.0
2023-05-25,MAT-API-002,1966.8648782222226,0.0
2023-05-26,MAT-API-002,1966.8648782222226,0.0
2023-05-27,MAT-API-002,1966.8648782222226,0.0
2023-05-28,MAT-API-002,1966.8648782222226,0.0
2023-05-29,MAT-API-002,1966.8648782222226,0.0
2023-05-30,MAT-API-002,1966.8648782222226,0.0
2023-05-31,MAT-API-002,1966.8648782222226,0.0
2023-06-01,MAT-API-002,1966.8648782222226,0.0
2023-06-02,MAT-API-002,1966.8648782222226,0.0
2023-06-03,MAT-API-002,1966.8648782222226,0.0
2023-06-04,MAT-API-002,1966.8648782222226,0.0
2023-06-05,MAT-API-002,1017.3087182222226,949.55616
2023-06-06,MAT-API-002,1017.3087182222226,0.0
2023-06-07,MAT-API-002,1017.3087182222226,0.0
2023-06-08,MAT-API-002,1017.3087182222226,0.0
2023-06-09,MAT-API-002,1017.3087182222226,0.0
2023-06-10,MAT-API-002,1017.3087182222226,0.0
2023-06-11,MAT-API-002,1017.3087182222226,0.0
2023-06-12,MAT-API-002,1017.3087182222226,0.0
2023-06-13,MAT-API-002,1017.3087182222226,0.0
2023-06-14,MAT-API-002,1017.3087182222226,0.0
2023-06-15,MAT-API-002,1017.3087182222226,0.0
2023-06-16,MAT-API-002,1017.3087182222226,0.0
2023-06-17,MAT-API-002,4910.638158222223,0.0
2023-06-18,MAT-API-002,4910.638158222223,0.0
2023-06-19,MAT-API-002,4910.638158222223,0.0
2023-06-20,MAT-API-002,4910.638158222223,0.0
2023-06-21,MAT-API-002,4910.638158222223,0.0
2023-06-22,MAT-API-002,4910.638158222223,0.0
2023-06-23,MAT-API-002,3847.1012782222233,1063.5368799999999
2023-06-24,MAT-API-002,3847.1012782222233,0.0
2023-06-25,MAT-API-002,3847.1012782222233,0.0
2023-06-26,MAT-API-002,3847.1012782222233,0.0
2023-06-27,MAT-API-002,3847.1012782222233,0.0
2023-06-28,MAT-API-002,3847.1012782222233,0.0
2023-06-29,MAT-API-002,3847.1012782222233,0.0
2023-06-30,MAT-API-002,3847.1012782222233,0.0
2023-07-01,MAT-API-002,3847.1012782222233,0.0
2023-07-02,MAT-API-002,3847.1012782222233,0.0
2023-07-03,MAT-API-002,3847.1012782222233,0.0
2023-07-04,MAT-API-002,3847.1012782222233,0.0
2023-07-05,MAT-API-002,3847.1012782222233,0.0
2023-07-06,MAT-API-002,3847.1012782222233,0.0
2023-07-07,MAT-API-002,3847.1012782222233,0.0
2023-07-08,MAT-API-002,3847.1012782222233,0.0
2023-07-09,MAT-API-002,3847.1012782222233,0.0
2023-07-10,MAT-API-002,2973.5667982222235,873.5344799999999
2023-07-11,MAT-API-002,2973.5667982222235,0.0
2023-07-12,MAT-API-002,2973.5667982222235,0.0
2023-07-13,MAT-API-002,2973.5667982222235,0.0
2023-07-14,MAT-API-002,2973.5667982222235,0.0
2023-07-15,MAT-API-002,2973.5667982222235,0.0
2023-07-16,MAT-API-002,2973.5667982222235,0.0
2023-07-17,MAT-API-002,2973.5667982222235,0.0
2023-07-18,MAT-API-002,2973.5667982222235,0.0
2023-07-19,MAT-API-002,2973.5667982222235,0.0
2023-07-20,MAT-API-002,2973.5667982222235,0.0
2023-07-21,MAT-API-002,2973.5667982222235,0.0
2023-07-22,MAT-API-002,2973.5667982222235,0.0
2023-07-23,MAT-API-002,2973.5667982222235,0.0
2023-07-24,MAT-API-002,2973.5667982222235,0.0
2023-07-25,MAT-API-002,2973.5667982222235,0.0
2023-07-26,MAT-API-002,2973.5667982222235,0.0
2023-07-27,MAT-API-002,2973.5667982222235,0.0
2023-07-28,MAT-API-002,2973.5667982222235,0.0
2023-07-29,MAT-API-002,2973.5667982222235,0.0
2023-07-30,MAT-API-002,2973.5667982222235,0.0
2023-07-31,MAT-API-002,1942.9954382222236,1030.57136
2023-08-01,MAT-API-002,1942.9954382222236,0.0
2023-08-02,MAT-API-002,1942.9954382222236,0.0
2023-08-03,MAT-API-002,1942.9954382222236,0.0
2023-08-04,MAT-API-002,1942.9954382222236,0.0
2023-08-05,MAT-API-002,1942.9954382222236,0.0
2023-08-06,MAT-API-002,1942.9954382222236,0.0
2023-08-07,MAT-API-002,1942.9954382222236,0.0
2023-08-08,MAT-API-002,1942.9954382222236,0.0
2023-08-09,MAT-API-002,1942.9954382222236,0.0
2023-08-10,MAT-API-002,1942.9954382222236,0.0
2023-08-11,MAT-API-002,1942.9954382222236,0.0
2023-08-12,MAT-API-002,5025.820638222223,0.0
2023-08-13,MAT-API-002,5025.820638222223,0.0
2023-08-14,MAT-API-002,5025.820638222223,0.0
2023-08-15,MAT-API-002,5025.820638222223,0.0
2023-08-16,MAT-API-002,5025.820638222223,0.0
2023-08-17,MAT-API-002,5025.820638222223,0.0
2023-08-18,MAT-API-002,5025.820638222223,0.0
2023-08-19,MAT-API-002,5025.820638222223,0.0
2023-08-20,MAT-API-002,5025.820638222223,0.0
2023-08-21,MAT-API-002,4217.1397582222235,808.68088
2023-08-22,MAT-API-002,4217.1397582222235,0.0
2023-08-23,MAT-API-002,4217.1397582222235,0.0
2023-08-24,MAT-API-002,4217.1397582222235,0.0
2023-08-25,MAT-API-002,4217.1397582222235,0.0
2023-08-26,MAT-API-002,4217.1397582222235,0.0
2023-08-27,MAT-API-002,4217.1397582222235,0.0
2023-08-28,MAT-API-002,4217.1397582222235,0.0
2023-08-29,MAT-API-002,4217.1397582222235,0.0
2023-08-30,MAT-API-002,4217.1397582222235,0.0
2023-08-31,MAT-API-002,4217.1397582222235,0.0
2023-09-01,MAT-API-002,4217.1397582222235,0.0
2023-09-02,MAT-API-002,4217.1397582222235,0.0
2023-09-03,MAT-API-002,4217.1397582222235,0.0
2023-09-04,MAT-API-002,4217.1397582222235,0.0
2023-09-05,MAT-API-002,4217.1397582222235,0.0
2023-09-06,MAT-API-002,3360.1191182222237,857.02064
2023-09-07,MAT-API-002,3360.1191182222237,0.0
2023-09-08,MAT-API-002,3360.1191182222237,0.0
2023-09-09,MAT-API-002,3360.1191182222237,0.0
2023-09-10,MAT-API-002,3360.1191182222237,0.0
2023-09-11,MAT-API-002,3360.1191182222237,0.0
2023-09-12,MAT-API-002,3360.1191182222237,0.0
2023-09-13,MAT-API-002,3360.1191182222237,0.0
2023-09-14,MAT-API-002,3360.1191182222237,0.0
2023-09-15,MAT-API-002,3360.1191182222237,0.0
2023-09-16,MAT-API-002,3360.1191182222237,0.0
2023-09-17,MAT-API-002,3360.1191182222237,0.0
2023-09-18,MAT-API-002,3360.1191182222237,0.0
2023-09-19,MAT-API-002,3360.1191182222237,0.0
2023-09-20,MAT-API-002,3360.1191182222237,0.0
2023-09-21,MAT-API-002,3360.1191182222237,0.0
2023-09-22,MAT-API-002,3360.1191182222237,0.0
2023-09-23,MAT-API-002,3360.1191182222237,0.0
2023-09-24,MAT-API-002,3360.1191182222237,0.0
2023-09-25,MAT-API-002,2338.0429582222237,1022.07616
2023-09-26,MAT-API-002,2338.0429582222237,0.0
2023-09-27,MAT-API-002,2338.0429582222237,0.0
2023-09-28,MAT-API-002,2338.0429582222237,0.0
2023-09-29,MAT-API-002,2338.0429582222237,0.0
2023-09-30,MAT-API-002,2338.0429582222237,0.0
2023-10-01,MAT-API-002,2338.0429582222237,0.0
2023-10-02,MAT-API-002,2338.0429582222237,0.0
2023-10-03,MAT-API-002,2338.0429582222237,0.0
2023-10-04,MAT-API-002,2338.0429582222237,0.0
2023-10-05,MAT-API-002,2338.0429582222237,0.0
2023-10-06,MAT-API-002,2338.0429582222237,0.0
2023-10-07,MAT-API-002,2338.0429582222237,0.0
2023-10-08,MAT-API-002,2338.0429582222237,0.0
2023-10-09,MAT-API-002,2338.0429582222237,0.0
2023-10-10,MAT-API-002,2338.0429582222237,0.0
2023-10-11,MAT-API-002,2338.0429582222237,0.0
2023-10-12,MAT-API-002,1502.1567182222238,835.8862399999999
2023-10-13,MAT-API-002,1502.1567182222238,0.0
2023-10-14,MAT-API-002,1502.1567182222238,0.0
2023-10-15,MAT-API-002,1502.1567182222238,0.0
2023-10-16,MAT-API-002,1502.1567182222238,0.0
2023-10-17,MAT-API-002,1502.1567182222238,0.0
2023-10-18,MAT-API-002,1502.1567182222238,0.0
2023-10-19,MAT-API-002,1502.1567182222238,0.0
2023-10-20,MAT-API-002,1502.1567182222238,0.0
2023-10-21,MAT-API-002,1502.1567182222238,0.0
2023-10-22,MAT-API-002,1502.1567182222238,0.0
2023-10-23,MAT-API-002,1502.1567182222238,0.0
2023-10-24,MAT-API-002,1502.1567182222238,0.0
2023-10-25,MAT-API-002,1502.1567182222238,0.0
2023-10-26,MAT-API-002,1502.1567182222238,0.0
2023-10-27,MAT-API-002,1502.1567182222238,0.0
2023-10-28,MAT-API-002,5071.964078222223,0.0
2023-10-29,MAT-API-002,5071.964078222223,0.0
2023-10-30,MAT-API-002,5071.964078222223,0.0
2023-10-31,MAT-API-002,4042.5115982222233,1029.45248
2023-11-01,MAT-API-002,4042.5115982222233,0.0
2023-11-02,MAT-API-002,4042.5115982222233,0.0
2023-11-03,MAT-API-002,4042.5115982222233,0.0
2023-11-04,MAT-API-002,4042.5115982222233,0.0
2023-11-05,MAT-API-002,4042.5115982222233,0.0
2023-11-06,MAT-API-002,4042.5115982222233,0.0
2023-11-07,MAT-API-002,4042.5115982222233,0.0
2023-11-08,MAT-API-002,4042.5115982222233,0.0
2023-11-09,MAT-API-002,4042.5115982222233,0.0
2023-11-10,MAT-API-002,4042.5115982222233,0.0
2023-11-11,MAT-API-002,4042.5115982222233,0.0
2023-11-12,MAT-API-002,4042.5115982222233,0.0
2023-11-13,MAT-API-002,4042.5115982222233,0.0
2023-11-14,MAT-API-002,4042.5115982222233,0.0
2023-11-15,MAT-API-002,3227.5525582222235,814.95904
2023-11-16,MAT-API-002,3227.5525582222235,0.0
2023-11-17,MAT-API-002,3227.5525582222235,0.0
2023-11-18,MAT-API-002,3227.5525582222235,0.0
2023-11-19,MAT-API-002,3227.5525582222235,0.0
2023-11-20,MAT-API-002,3227.5525582222235,0.0
2023-11-21,MAT-API-002,3227.5525582222235,0.0
2023-11-22,MAT-API-002,3227.5525582222235,0.0
2023-11-23,MAT-API-002,3227.5525582222235,0.0
2023-11-24,MAT-API-002,3227.5525582222235,0.0
2023-11-25,MAT-API-002,3227.5525582222235,0.0
2023-11-26,MAT-API-002,3227.5525582222235,0.0
2023-11-27,MAT-API-002,3227.5525582222235,0.0
2023-11-28,MAT-API-002,3227.5525582222235,0.0
2023-11-29,MAT-API-002,3227.5525582222235,0.0
2023-11-30,MAT-API-002,3227.5525582222235,0.0
2023-12-01,MAT-API-002,3227.5525582222235,0.0
2023-12-02,MAT-API-002,3227.5525582222235,0.0
2023-12-03,MAT-API-002,3227.5525582222235,0.0
2023-12-04,MAT-API-002,2259.7213582222234,967.8312
2023-12-05,MAT-API-002,2259.7213582222234,0.0
2023-12-06,MAT-API-002,2259.7213582222234,0.0
2023-12-07,MAT-API-002,2259.7213582222234,0.0
2023-12-08,MAT-API-002,2259.7213582222234,0.0
2023-12-09,MAT-API-002,2259.7213582222234,0.0
2023-12-10,MAT-API-002,2259.7213582222234,0.0
2023-12-11,MAT-API-002,2259.7213582222234,0.0
2023-12-12,MAT-API-002,2259.7213582222234,0.0
2023-12-13,MAT-API-002,2259.7213582222234,0.0
2023-12-14,MAT-API-002,2259.7213582222234,0.0
2023-12-15,MAT-API-002,2259.7213582222234,0.0
2023-12-16,MAT-API-002,2259.7213582222234,0.0
2023-12-17,MAT-API-002,2259.7213582222234,0.0
2023-12-18,MAT-API-002,2259.7213582222234,0.0
2023-12-19,MAT-API-002,2259.7213582222234,0.0
2023-12-20,MAT-API-002,1384.7364782222235,874.98488
2023-12-21,MAT-API-002,1384.7364782222235,0.0
2023-12-22,MAT-API-002,1384.7364782222235,0.0
2023-12-23,MAT-API-002,1384.7364782222235,0.0
2023-12-24,MAT-API-002,1384.7364782222235,0.0
2023-12-25,MAT-API-002,1384.7364782222235,0.0
2023-12-26,MAT-API-002,1384.7364782222235,0.0
2023-12-27,MAT-API-002,1384.7364782222235,0.0
2023-12-28,MAT-API-002,1384.7364782222235,0.0
2023-12-29,MAT-API-002,1384.7364782222235,0.0
2023-12-30,MAT-API-002,1384.7364782222235,0.0
2023-12-31,MAT-API-002,1384.7364782222235,0.0
2024-01-01,MAT-API-002,1384.7364782222235,0.0
2024-01-02,MAT-API-002,1384.7364782222235,0.0
2024-01-03,MAT-API-002,1384.7364782222235,0.0
2024-01-04,MAT-API-002,1384.7364782222235,0.0
2024-01-05,MAT-API-002,1384.7364782222235,0.0
2024-01-06,MAT-API-002,5087.110398222223,0.0
2024-01-07,MAT-API-002,5087.110398222223,0.0
2024-01-08,MAT-API-002,4213.948878222223,873.1615199999999
2024-01-09,MAT-API-002,4213.948878222223,0.0
2024-01-10,MAT-API-002,4213.948878222223,0.0
2024-01-11,MAT-API-002,4213.948878222223,0.0
2024-01-12,MAT-API-002,4213.948878222223,0.0
2024-01-13,MAT-API-002,4213.948878222223,0.0
2024-01-14,MAT-API-002,4213.948878222223,0.0
2024-01-15,MAT-API-002,4213.948878222223,0.0
2024-01-16,MAT-API-002,4213.948878222223,0.0
2024-01-17,MAT-API-002,4213.948878222223,0.0
2024-01-18,MAT-API-002,4213.948878222223,0.0
2024-01-19,MAT-API-002,4213.948878222223,0.0
2024-01-20,MAT-API-002,4213.948878222223,0.0
2024-01-21,MAT-API-002,4213.948878222223,0.0
2024-01-22,MAT-API-002,4213.948878222223,0.0
2024-01-23,MAT-API-002,4213.948878222223,0.0
2024-01-24,MAT-API-002,3247.899598222223,966.04928
2024-01-25,MAT-API-002,3247.899598222223,0.0
2024-01-26,MAT-API-002,3247.899598222223,0.0
2024-01-27,MAT-API-002,3247.899598222223,0.0
2024-01-28,MAT-API-002,3247.899598222223,0.0
2024-01-29,MAT-API-002,3247.899598222223,0.0
2024-01-30,MAT-API-002,3247.899598222223,0.0
2024-01-31,MAT-API-002,3247.899598222223,0.0
2024-02-01,MAT-API-002,3247.899598222223,0.0
2024-02-02,MAT-API-002,3247.899598222223,0.0
2024-02-03,MAT-API-002,3247.899598222223,0.0
2024-02-04,MAT-API-002,3247.899598222223,0.0
2024-02-05,MAT-API-002,3247.899598222223,0.0
2024-02-06,MAT-API-002,3247.899598222223,0.0
2024-02-07,MAT-API-002,3247.899598222223,0.0
2024-02-08,MAT-API-002,3247.899598222223,0.0
2024-02-09,MAT-API-002,3247.899598222223,0.0
2024-02-10,MAT-API-002,3247.899598222223,0.0
2024-02-11,MAT-API-002,3247.899598222223,0.0
2024-02-12,MAT-API-002,2430.640638222223,817.2589599999999
2024-02-13,MAT-API-002,2430.640638222223,0.0
2024-02-14,MAT-API-002,2430.640638222223,0.0
2024-02-15,MAT-API-002,2430.640638222223,0.0
2024-02-16,MAT-API-002,2430.640638222223,0.0
2024-02-17,MAT-API-002,2430.640638222223,0.0
2024-02-18,MAT-API-002,2430.640638222223,0.0
2024-02-19,MAT-API-002,2430.640638222223,0.0
2024-02-20,MAT-API-002,2430.640638222223,0.0
2024-02-21,MAT-API-002,2430.640638222223,0.0
2024-02-22,MAT-API-002,2430.640638222223,0.0
2024-02-23,MAT-API-002,2430.640638222223,0.0
2024-02-24,MAT-API-002,2430.640638222223,0.0
2024-02-25,MAT-API-002,2430.640638222223,0.0
2024-02-26,MAT-API-002,2430.640638222223,0.0
2024-02-27,MAT-API-002,2430.640638222223,0.0
2024-02-28,MAT-API-002,1468.797518222223,961.8431199999999
2024-02-29,MAT-API-002,1468.797518222223,0.0
2024-03-01,MAT-API-002,1468.797518222223,0.0
2024-03-02,MAT-API-002,1468.797518222223,0.0
2024-03-03,MAT-API-002,1468.797518222223,0.0
2024-03-04,MAT-API-002,1468.797518222223,0.0
2024-03-05,MAT-API-002,1468.797518222223,0.0
2024-03-06,MAT-API-002,1468.797518222223,0.0
2024-03-07,MAT-API-002,1468.797518222223,0.0
2024-03-08,MAT-API-002,1468.797518222223,0.0
2024-03-09,MAT-API-002,1468.797518222223,0.0
2024-03-10,MAT-API-002,1468.797518222223,0.0
2024-03-11,MAT-API-002,1468.797518222223,0.0
2024-03-12,MAT-API-002,1468.797518222223,0.0
2024-03-13,MAT-API-002,1468.797518222223,0.0
2024-03-14,MAT-API-002,1468.797518222223,0.0
2024-03-15,MAT-API-002,1468.797518222223,0.0
2024-03-16,MAT-API-002,5150.824398222223,0.0
2024-03-17,MAT-API-002,5150.824398222223,0.0
2024-03-18,MAT-API-002,4288.126478222223,862.69792
2024-03-19,MAT-API-002,4288.126478222223,0.0
2024-03-20,MAT-API-002,4288.126478222223,0.0
2024-03-21,MAT-API-002,4288.126478222223,0.0
2024-03-22,MAT-API-002,4288.126478222223,0.0
2024-03-23,MAT-API-002,4288.126478222223,0.0
2024-03-24,MAT-API-002,4288.126478222223,0.0
2024-03-25,MAT-API-002,4288.126478222223,0.0
2024-03-26,MAT-API-002,4288.126478222223,0.0
2024-03-27,MAT-API-002,4288.126478222223,0.0
2024-03-28,MAT-API-002,4288.126478222223,0.0
2024-03-29,MAT-API-002,4288.126478222223,0.0
2024-03-30,MAT-API-002,4288.126478222223,0.0
2024-03-31,MAT-API-002,4288.126478222223,0.0
2024-04-01,MAT-API-002,4288.126478222223,0.0
2024-04-02,MAT-API-002,4288.126478222223,0.0
2024-04-03,MAT-API-002,4288.126478222223,0.0
2024-04-04,MAT-API-002,3238.0783182222235,1050.0481599999998
2024-04-05,MAT-API-002,3238.0783182222235,0.0
2024-04-06,MAT-API-002,3238.0783182222235,0.0
2024-04-07,MAT-API-002,3238.0783182222235,0.0
2024-04-08,MAT-API-002,3238.0783182222235,0.0
2024-04-09,MAT-API-002,3238.0783182222235,0.0
2024-04-10,MAT-API-002,3238.0783182222235,0.0
2024-04-11,MAT-API-002,3238.0783182222235,0.0
2024-04-12,MAT-API-002,3238.0783182222235,0.0
2024-04-13,MAT-API-002,3238.0783182222235,0.0
2024-04-14,MAT-API-002,3238.0783182222235,0.0
2024-04-15,MAT-API-002,3238.0783182222235,0.0
2024-04-16,MAT-API-002,3238.0783182222235,0.0
2024-04-17,MAT-API-002,3238.0783182222235,0.0
2024-04-18,MAT-API-002,3238.0783182222235,0.0
2024-04-19,MAT-API-002,3238.0783182222235,0.0
2024-04-20,MAT-API-002,3238.0783182222235,0.0
2024-04-21,MAT-API-002,3238.0783182222235,0.0
2024-04-22,MAT-API-002,2256.2611182222236,981.8172
2024-04-23,MAT-API-002,2256.2611182222236,0.0
2024-04-24,MAT-API-002,2256.2611182222236,0.0
2024-04-25,MAT-API-002,2256.2611182222236,0.0
2024-04-26,MAT-API-002,2256.2611182222236,0.0
2024-04-27,MAT-API-002,2256.2611182222236,0.0
2024-04-28,MAT-API-002,2256.2611182222236,0.0
2024-04-29,MAT-API-002,2256.2611182222236,0.0
2024-04-30,MAT-API-002,2256.2611182222236,0.0
2024-05-01,MAT-API-002,2256.2611182222236,0.0
2024-05-02,MAT-API-002,2256.2611182222236,0.0
2024-05-03,MAT-API-002,2256.2611182222236,0.0
2024-05-04,MAT-API-002,2256.2611182222236,0.0
2024-05-05,MAT-API-002,2256.2611182222236,0.0
2024-05-06,MAT-API-002,2256.2611182222236,0.0
2024-05-07,MAT-API-002,2256.2611182222236,0.0
2024-05-08,MAT-API-002,2256.2611182222236,0.0
2024-05-09,MAT-API-002,2256.2611182222236,0.0
2024-05-10,MAT-API-002,2256.2611182222236,0.0
2024-05-11,MAT-API-002,2256.2611182222236,0.0
2024-05-12,MAT-API-002,2256.2611182222236,0.0
2024-05-13,MAT-API-002,1236.6299182222238,1019.6311999999999
2024-05-14,MAT-API-002,1236.6299182222238,0.0
2024-05-15,MAT-API-002,1236.6299182222238,0.0
2024-05-16,MAT-API-002,1236.6299182222238,0.0
2024-05-17,MAT-API-002,1236.6299182222238,0.0
2024-05-18,MAT-API-002,1236.6299182222238,0.0
2024-05-19,MAT-API-002,1236.6299182222238,0.0
2024-05-20,MAT-API-002,1236.6299182222238,0.0
2024-05-21,MAT-API-002,1236.6299182222238,0.0
2024-05-22,MAT-API-002,1236.6299182222238,0.0
2024-05-23,MAT-API-002,1236.6299182222238,0.0
2024-05-24,MAT-API-002,1236.6299182222238,0.0
2024-05-25,MAT-API-002,4928.478078222222,0.0
2024-05-26,MAT-API-002,4928.478078222222,0.0
2024-05-27,MAT-API-002,4928.478078222222,0.0
2024-05-28,MAT-API-002,4928.478078222222,0.0
2024-05-29,MAT-API-002,4042.5323182222223,885.94576
2024-05-30,MAT-API-002,4042.5323182222223,0.0
2024-05-31,MAT-API-002,4042.5323182222223,0.0
2024-06-01,MAT-API-002,4042.5323182222223,0.0
2024-06-02,MAT-API-002,4042.5323182222223,0.0
2024-06-03,MAT-API-002,4042.5323182222223,0.0
2024-06-04,MAT-API-002,4042.5323182222223,0.0
2024-06-05,MAT-API-002,4042.5323182222223,0.0
2024-06-06,MAT-API-002,4042.5323182222223,0.0
2024-06-07,MAT-API-002,4042.5323182222223,0.0
2024-06-08,MAT-API-002,4042.5323182222223,0.0
2024-06-09,MAT-API-002,4042.5323182222223,0.0
2024-06-10,MAT-API-002,4042.5323182222223,0.0
2024-06-11,MAT-API-002,4042.5323182222223,0.0
2024-06-12,MAT-API-002,4042.5323182222223,0.0
2024-06-13,MAT-API-002,4042.5323182222223,0.0
2024-06-14,MAT-API-002,4042.5323182222223,0.0
2024-06-15,MAT-API-002,4042.5323182222223,0.0
2024-06-16,MAT-API-002,4042.5323182222223,0.0
2024-06-17,MAT-API-002,3209.7540782222222,832.77824
2024-06-18,MAT-API-002,3209.7540782222222,0.0
2024-06-19,MAT-API-002,3209.7540782222222,0.0
2024-06-20,MAT-API-002,3209.7540782222222,0.0
2024-06-21,MAT-API-002,3209.7540782222222,0.0
2024-06-22,MAT-API-002,3209.7540782222222,0.0
2024-06-23,MAT-API-002,3209.7540782222222,0.0
2024-06-24,MAT-API-002,3209.7540782222222,0.0
2024-06-25,MAT-API-002,3209.7540782222222,0.0
2024-06-26,MAT-API-002,3209.7540782222222,0.0
2024-06-27,MAT-API-002,3209.7540782222222,0.0
2024-06-28,MAT-API-002,3209.7540782222222,0.0
2024-06-29,MAT-API-002,3209.7540782222222,0.0
2024-06-30,MAT-API-002,3209.7540782222222,0.0
2024-07-01,MAT-API-002,3209.7540782222222,0.0
2024-07-02,MAT-API-002,2253.546798222222,956.20728
2024-07-03,MAT-API-002,2253.546798222222,0.0
2024-07-04,MAT-API-002,2253.546798222222,0.0
2024-07-05,MAT-API-002,2253.546798222222,0.0
2024-07-06,MAT-API-002,2253.546798222222,0.0
2024-07-07,MAT-API-002,2253.546798222222,0.0
2024-07-08,MAT-API-002,2253.546798222222,0.0
2024-07-09,MAT-API-002,2253.546798222222,0.0
2024-07-10,MAT-API-002,2253.546798222222,0.0
2024-07-11,MAT-API-002,2253.546798222222,0.0
2024-07-12,MAT-API-002,2253.546798222222,0.0
2024-07-13,MAT-API-002,2253.546798222222,0.0
2024-07-14,MAT-API-002,2253.546798222222,0.0
2024-07-15,MAT-API-002,2253.546798222222,0.0
2024-07-16,MAT-API-002,2253.546798222222,0.0
2024-07-17,MAT-API-002,2253.546798222222,0.0
2024-07-18,MAT-API-002,1250.9888782222222,1002.55792
2024-07-19,MAT-API-002,1250.9888782222222,0.0
2024-07-20,MAT-API-002,1250.9888782222222,0.0
2024-07-21,MAT-API-002,1250.9888782222222,0.0
2024-07-22,MAT-API-002,1250.9888782222222,0.0
2024-07-23,MAT-API-002,1250.9888782222222,0.0
2024-07-24,MAT-API-002,1250.9888782222222,0.0
2024-07-25,MAT-API-002,1250.9888782222222,0.0
2024-07-26,MAT-API-002,1250.9888782222222,0.0
2024-07-27,MAT-API-002,1250.9888782222222,0.0
2024-07-28,MAT-API-002,1250.9888782222222,0.0
2024-07-29,MAT-API-002,1250.9888782222222,0.0
2024-07-30,MAT-API-002,1250.9888782222222,0.0
2024-07-31,MAT-API-002,1250.9888782222222,0.0
2024-08-01,MAT-API-002,1250.9888782222222,0.0
2024-08-02,MAT-API-002,241.46903822222225,1009.5198399999999
2024-08-03,MAT-API-002,241.46903822222225,0.0
2024-08-04,MAT-API-002,241.46903822222225,0.0
2024-08-05,MAT-API-002,241.46903822222225,0.0
2024-08-06,MAT-API-002,241.46903822222225,0.0
2024-08-07,MAT-API-002,241.46903822222225,0.0
2024-08-08,MAT-API-002,241.46903822222225,0.0
2024-08-09,MAT-API-002,241.46903822222225,0.0
2024-08-10,MAT-API-002,3961.641438222223,0.0
2024-08-11,MAT-API-002,3961.641438222223,0.0
2024-08-12,MAT-API-002,3961.641438222223,0.0
2024-08-13,MAT-API-002,3961.641438222223,0.0
2024-08-14,MAT-API-002,3961.641438222223,0.0
2024-08-15,MAT-API-002,3961.641438222223,0.0
2024-08-16,MAT-API-002,3961.641438222223,0.0
2024-08-17,MAT-API-002,3961.641438222223,0.0
2024-08-18,MAT-API-002,3961.641438222223,0.0
2024-08-19,MAT-API-002,3961.641438222223,0.0
2024-08-20,MAT-API-002,3961.641438222223,0.0
2024-08-21,MAT-API-002,3014.426638222223,947.2148
2024-08-22,MAT-API-002,3014.426638222223,0.0
2024-08-23,MAT-API-002,3014.426638222223,0.0
2024-08-24,MAT-API-002,3014.426638222223,0.0
2024-08-25,MAT-API-002,3014.426638222223,0.0
2024-08-26,MAT-API-002,3014.426638222223,0.0
2024-08-27,MAT-API-002,3014.426638222223,0.0
2024-08-28,MAT-API-002,3014.426638222223,0.0
2024-08-29,MAT-API-002,3014.426638222223,0.0
2024-08-30,MAT-API-002,3014.426638222223,0.0
2024-08-31,MAT-API-002,3014.426638222223,0.0
2024-09-01,MAT-API-002,3014.426638222223,0.0
2024-09-02,MAT-API-002,3014.426638222223,0.0
2024-09-03,MAT-API-002,3014.426638222223,0.0
2024-09-04,MAT-API-002,3014.426638222223,0.0
2024-09-05,MAT-API-002,3014.426638222223,0.0
2024-09-06,MAT-API-002,3014.426638222223,0.0
2024-09-07,MAT-API-002,3014.426638222223,0.0
2024-09-08,MAT-API-002,3014.426638222223,0.0
2024-09-09,MAT-API-002,2093.8370382222233,920.5895999999999
2024-09-10,MAT-API-002,2093.8370382222233,0.0
2024-09-11,MAT-API-002,2093.8370382222233,0.0
2024-09-12,MAT-API-002,2093.8370382222233,0.0
2024-09-13,MAT-API-002,2093.8370382222233,0.0
2024-09-14,MAT-API-002,2093.8370382222233,0.0
2024-09-15,MAT-API-002,2093.8370382222233,0.0
2024-09-16,MAT-API-002,2093.8370382222233,0.0
2024-09-17,MAT-API-002,2093.8370382222233,0.0
2024-09-18,MAT-API-002,2093.8370382222233,0.0
2024-09-19,MAT-API-002,2093.8370382222233,0.0
2024-09-20,MAT-API-002,2093.8370382222233,0.0
2024-09-21,MAT-API-002,2093.8370382222233,0.0
2024-09-22,MAT-API-002,2093.8370382222233,0.0
2024-09-23,MAT-API-002,2093.8370382222233,0.0
2024-09-24,MAT-API-002,2093.8370382222233,0.0
2024-09-25,MAT-API-002,2093.8370382222233,0.0
2024-09-26,MAT-API-002,2093.8370382222233,0.0
2024-09-27,MAT-API-002,2093.8370382222233,0.0
2024-09-28,MAT-API-002,2093.8370382222233,0.0
2024-09-29,MAT-API-002,2093.8370382222233,0.0
2024-09-30,MAT-API-002,1195.1899182222232,898.64712
2024-10-01,MAT-API-002,1195.1899182222232,0.0
2024-10-02,MAT-API-002,1195.1899182222232,0.0
2024-10-03,MAT-API-002,1195.1899182222232,0.0
2024-10-04,MAT-API-002,1195.1899182222232,0.0
2024-10-05,MAT-API-002,1195.1899182222232,0.0
2024-10-06,MAT-API-002,1195.1899182222232,0.0
2024-10-07,MAT-API-002,1195.1899182222232,0.0
2024-10-08,MAT-API-002,1195.1899182222232,0.0
2024-10-09,MAT-API-002,1195.1899182222232,0.0
2024-10-10,MAT-API-002,1195.1899182222232,0.0
2024-10-11,MAT-API-002,1195.1899182222232,0.0
2024-10-12,MAT-API-002,1195.1899182222232,0.0
2024-10-13,MAT-API-002,1195.1899182222232,0.0
2024-10-14,MAT-API-002,1195.1899182222232,0.0
2024-10-15,MAT-API-002,1195.1899182222232,0.0
2024-10-16,MAT-API-002,1195.1899182222232,0.0
2024-10-17,MAT-API-002,339.6403982222233,855.5495199999999
2024-10-18,MAT-API-002,339.6403982222233,0.0
2024-10-19,MAT-API-002,4255.140238222223,0.0
2024-10-20,MAT-API-002,4255.140238222223,0.0
2024-10-21,MAT-API-002,4255.140238222223,0.0
2024-10-22,MAT-API-002,4255.140238222223,0.0
2024-10-23,MAT-API-002,4255.140238222223,0.0
2024-10-24,MAT-API-002,4255.140238222223,0.0
2024-10-25,MAT-API-002,4255.140238222223,0.0
2024-10-26,MAT-API-002,4255.140238222223,0.0
2024-10-27,MAT-API-002,4255.140238222223,0.0
2024-10-28,MAT-API-002,4255.140238222223,0.0
2024-10-29,MAT-API-002,4255.140238222223,0.0
2024-10-30,MAT-API-002,4255.140238222223,0.0
2024-10-31,MAT-API-002,4255.140238222223,0.0
2024-11-01,MAT-API-002,4255.140238222223,0.0
2024-11-02,MAT-API-002,4255.140238222223,0.0
2024-11-03,MAT-API-002,4255.140238222223,0.0
2024-11-04,MAT-API-002,4255.140238222223,0.0
2024-11-05,MAT-API-002,3212.509838222223,1042.6304
2024-11-06,MAT-API-002,3212.509838222223,0.0
2024-11-07,MAT-API-002,3212.509838222223,0.0
2024-11-08,MAT-API-002,3212.509838222223,0.0
2024-11-09,MAT-API-002,3212.509838222223,0.0
2024-11-10,MAT-API-002,3212.509838222223,0.0
2024-11-11,MAT-API-002,3212.509838222223,0.0
2024-11-12,MAT-API-002,3212.509838222223,0.0
2024-11-13,MAT-API-002,3212.509838222223,0.0
2024-11-14,MAT-API-002,3212.509838222223,0.0
2024-11-15,MAT-API-002,3212.509838222223,0.0
2024-11-16,MAT-API-002,3212.509838222223,0.0
2024-11-17,MAT-API-002,3212.509838222223,0.0
2024-11-18,MAT-API-002,3212.509838222223,0.0
2024-11-19,MAT-API-002,3212.509838222223,0.0
2024-11-20,MAT-API-002,2380.871198222223,831.63864
2024-11-21,MAT-API-002,2380.871198222223,0.0
2024-11-22,MAT-API-002,2380.871198222223,0.0
2024-11-23,MAT-API-002,2380.871198222223,0.0
2024-11-24,MAT-API-002,2380.871198222223,0.0
2024-11-25,MAT-API-002,2380.871198222223,0.0
2024-11-26,MAT-API-002,2380.871198222223,0.0
2024-11-27,MAT-API-002,2380.871198222223,0.0
2024-11-28,MAT-API-002,2380.871198222223,0.0
2024-11-29,MAT-API-002,2380.871198222223,0.0
2024-11-30,MAT-API-002,2380.871198222223,0.0
2024-12-01,MAT-API-002,2380.871198222223,0.0
2024-12-02,MAT-API-002,2380.871198222223,0.0
2024-12-03,MAT-API-002,2380.871198222223,0.0
2024-12-04,MAT-API-002,2380.871198222223,0.0
2024-12-05,MAT-API-002,2380.871198222223,0.0
2024-12-06,MAT-API-002,2380.871198222223,0.0
2024-12-07,MAT-API-002,2380.871198222223,0.0
2024-12-08,MAT-API-002,2380.871198222223,0.0
2024-12-09,MAT-API-002,1510.341118222223,870.53008
2024-12-10,MAT-API-002,1510.341118222223,0.0
2024-12-11,MAT-API-002,1510.341118222223,0.0
2024-12-12,MAT-API-002,1510.341118222223,0.0
2024-12-13,MAT-API-002,1510.341118222223,0.0
2024-12-14,MAT-API-002,1510.341118222223,0.0
2024-12-15,MAT-API-002,1510.341118222223,0.0
2024-12-16,MAT-API-002,1510.341118222223,0.0
2024-12-17,MAT-API-002,1510.341118222223,0.0
2024-12-18,MAT-API-002,1510.341118222223,0.0
2024-12-19,MAT-API-002,1510.341118222223,0.0
2024-12-20,MAT-API-002,1510.341118222223,0.0
2024-12-21,MAT-API-002,1510.341118222223,0.0
2024-12-22,MAT-API-002,1510.341118222223,0.0
2024-12-23,MAT-API-002,1510.341118222223,0.0
2024-12-24,MAT-API-002,1510.341118222223,0.0
2024-12-25,MAT-API-002,1510.341118222223,0.0
2024-12-26,MAT-API-002,662.2715182222231,848.0695999999999
2024-12-27,MAT-API-002,662.2715182222231,0.0
2024-12-28,MAT-API-002,4379.688158222222,0.0
2024-12-29,MAT-API-002,4379.688158222222,0.0
2024-12-30,MAT-API-002,4379.688158222222,0.0
2024-12-31,MAT-API-002,4379.688158222222,0.0
2023-01-01,MAT-API-003,1601.757824,0.0
2023-01-02,MAT-API-003,1601.757824,0.0
2023-01-03,MAT-API-003,1601.757824,0.0
2023-01-04,MAT-API-003,1601.757824,0.0
2023-01-05,MAT-API-003,1601.757824,0.0
2023-01-06,MAT-API-003,1601.757824,0.0
2023-01-07,MAT-API-003,1601.757824,0.0
2023-01-08,MAT-API-003,1601.757824,0.0
2023-01-09,MAT-API-003,1209.794624,391.96320000000003
2023-01-10,MAT-API-003,1209.794624,0.0
2023-01-11,MAT-API-003,1209.794624,0.0
2023-01-12,MAT-API-003,1209.794624,0.0
2023-01-13,MAT-API-003,1209.794624,0.0
2023-01-14,MAT-API-003,1209.794624,0.0
2023-01-15,MAT-API-003,1209.794624,0.0
2023-01-16,MAT-API-003,1209.794624,0.0
2023-01-17,MAT-API-003,1209.794624,0.0
2023-01-18,MAT-API-003,1209.794624,0.0
2023-01-19,MAT-API-003,1209.794624,0.0
2023-01-20,MAT-API-003,1209.794624,0.0
2023-01-21,MAT-API-003,1209.794624,0.0
2023-01-22,MAT-API-003,1209.794624,0.0
2023-01-23,MAT-API-003,1209.794624,0.0
2023-01-24,MAT-API-003,1209.794624,0.0
2023-01-25,MAT-API-003,1209.794624,0.0
2023-01-26,MAT-API-003,875.746784,334.04784000000006
2023-01-27,MAT-API-003,875.746784,0.0
2023-01-28,MAT-API-003,875.746784,0.0
2023-01-29,MAT-API-003,875.746784,0.0
2023-01-30,MAT-API-003,875.746784,0.0
2023-01-31,MAT-API-003,875.746784,0.0
2023-02-01,MAT-API-003,875.746784,0.0
2023-02-02,MAT-API-003,875.746784,0.0
2023-02-03,MAT-API-003,875.746784,0.0
2023-02-04,MAT-API-003,875.746784,0.0
2023-02-05,MAT-API-003,875.746784,0.0
2023-02-06,MAT-API-003,875.746784,0.0
2023-02-07,MAT-API-003,875.746784,0.0
2023-02-08,MAT-API-003,875.746784,0.0
2023-02-09,MAT-API-003,875.746784,0.0
2023-02-10,MAT-API-003,875.746784,0.0
2023-02-11,MAT-API-003,875.746784,0.0
2023-02-12,MAT-API-003,875.746784,0.0
2023-02-13,MAT-API-003,875.746784,0.0
2023-02-14,MAT-API-003,875.746784,0.0
2023-02-15,MAT-API-003,552.9587839999999,322.78800000000007
2023-02-16,MAT-API-003,552.9587839999999,0.0
2023-02-17,MAT-API-003,552.9587839999999,0.0
2023-02-18,MAT-API-003,552.9587839999999,0.0
2023-02-19,MAT-API-003,552.9587839999999,0.0
2023-02-20,MAT-API-003,552.9587839999999,0.0
2023-02-21,MAT-API-003,552.9587839999999,0.0
2023-02-22,MAT-API-003,552.9587839999999,0.0
2023-02-23,MAT-API-003,552.9587839999999,0.0
2023-02-24,MAT-API-003,552.9587839999999,0.0
2023-02-25,MAT-API-003,552.9587839999999,0.0
2023-02-26,MAT-API-003,552.9587839999999,0.0
2023-02-27,MAT-API-003,552.9587839999999,0.0
2023-02-28,MAT-API-003,1278.9698239999998,0.0
2023-03-01,MAT-API-003,1278.9698239999998,0.0
2023-03-02,MAT-API-003,1278.9698239999998,0.0
2023-03-03,MAT-API-003,1278.9698239999998,0.0
2023-03-04,MAT-API-003,1278.9698239999998,0.0
2023-03-05,MAT-API-003,1278.9698239999998,0.0
2023-03-06,MAT-API-003,1278.9698239999998,0.0
2023-03-07,MAT-API-003,1278.9698239999998,0.0
2023-03-08,MAT-API-003,922.8285439999997,356.14128000000005
2023-03-09,MAT-API-003,922.8285439999997,0.0
2023-03-10,MAT-API-003,922.8285439999997,0.0
2023-03-11,MAT-API-003,922.8285439999997,0.0
2023-03-12,MAT-API-003,922.8285439999997,0.0
2023-03-13,MAT-API-003,922.8285439999997,0.0
2023-03-14,MAT-API-003,922.8285439999997,0.0
2023-03-15,MAT-API-003,922.8285439999997,0.0
2023-03-16,MAT-API-003,922.8285439999997,0.0
2023-03-17,MAT-API-003,922.8285439999997,0.0
2023-03-18,MAT-API-003,922.8285439999997,0.0
2023-03-19,MAT-API-003,922.8285439999997,0.0
2023-03-20,MAT-API-003,922.8285439999997,0.0
2023-03-21,MAT-API-003,922.8285439999997,0.0
2023-03-22,MAT-API-003,922.8285439999997,0.0
2023-03-23,MAT-API-003,922.8285439999997,0.0
2023-03-24,MAT-API-003,922.8285439999997,0.0
2023-03-25,MAT-API-003,922.8285439999997,0.0
2023-03-26,MAT-API-003,922.8285439999997,0.0
2023-03-27,MAT-API-003,569.7419839999998,353.08656
2023-03-28,MAT-API-003,569.7419839999998,0.0
2023-03-29,MAT-API-003,569.7419839999998,0.0
2023-03-30,MAT-API-003,569.7419839999998,0.0
2023-03-31,MAT-API-003,569.7419839999998,0.0
2023-04-01,MAT-API-003,569.7419839999998,0.0
2023-04-02,MAT-API-003,569.7419839999998,0.0
2023-04-03,MAT-API-003,569.7419839999998,0.0
2023-04-04,MAT-API-003,569.7419839999998,0.0
2023-04-05,MAT-API-003,569.7419839999998,0.0
2023-04-06,MAT-API-003,569.7419839999998,0.0
2023-04-07,MAT-API-003,569.7419839999998,0.0
2023-04-08,MAT-API-003,569.7419839999998,0.0
2023-04-09,MAT-API-003,569.7419839999998,0.0
2023-04-10,MAT-API-003,569.7419839999998,0.0
2023-04-11,MAT-API-003,569.7419839999998,0.0
2023-04-12,MAT-API-003,569.7419839999998,0.0
2023-04-13,MAT-API-003,569.7419839999998,0.0
2023-04-14,MAT-API-003,569.7419839999998,0.0
2023-04-15,MAT-API-003,569.7419839999998,0.0
2023-04-16,MAT-API-003,569.7419839999998,0.0
2023-04-17,MAT-API-003,214.55974399999974,355.18224000000004
2023-04-18,MAT-API-003,214.55974399999974,0.0
2023-04-19,MAT-API-003,214.55974399999974,0.0
2023-04-20,MAT-API-003,214.55974399999974,0.0
2023-04-21,MAT-API-003,214.55974399999974,0.0
2023-04-22,MAT-API-003,214.55974399999974,0.0
2023-04-23,MAT-API-003,214.55974399999974,0.0
2023-04-24,MAT-API-003,214.55974399999974,0.0
2023-04-25,MAT-API-003,214.55974399999974,0.0
2023-04-26,MAT-API-003,214.55974399999974,0.0
2023-04-27,MAT-API-003,214.55974399999974,0.0
2023-04-28,MAT-API-003,214.55974399999974,0.0
2023-04-29,MAT-API-003,214.55974399999974,0.0
2023-04-30,MAT-API-003,214.55974399999974,0.0
2023-05-01,MAT-API-003,214.55974399999974,0.0
2023-05-02,MAT-API-003,1246.575584,0.0
2023-05-03,MAT-API-003,1246.575584,0.0
2023-05-04,MAT-API-003,1246.575584,0.0
2023-05-05,MAT-API-003,917.3762239999999,329.19936000000007
2023-05-06,MAT-API-003,917.3762239999999,0.0
2023-05-07,MAT-API-003,917.3762239999999,0.0
2023-05-08,MAT-API-003,917.3762239999999,0.0
2023-05-09,MAT-API-003,917.3762239999999,0.0
2023-05-10,MAT-API-003,917.3762239999999,0.0
2023-05-11,MAT-API-003,917.3762239999999,0.0
2023-05-12,MAT-API-003,917.3762239999999,0.0
2023-05-13,MAT-API-003,917.3762239999999,0.0
2023-05-14,MAT-API-003,917.3762239999999,0.0
2023-05-15,MAT-API-003,917.3762239999999,0.0
2023-05-16,MAT-API-003,917.3762239999999,0.0
2023-05-17,MAT-API-003,917.3762239999999,0.0
2023-05-18,MAT-API-003,917.3762239999999,0.0
2023-05-19,MAT-API-003,917.3762239999999,0.0
2023-05-20,MAT-API-003,917.3762239999999,0.0
2023-05-21,MAT-API-003,917.3762239999999,0.0
2023-05-22,MAT-API-003,917.3762239999999,0.0
2023-05-23,MAT-API-003,917.3762239999999,0.0
2023-05-24,MAT-API-003,917.3762239999999,0.0
2023-05-25,MAT-API-003,917.3762239999999,0.0
2023-05-26,MAT-API-003,498.2935039999998,419.08272000000005
2023-05-27,MAT-API-003,498.2935039999998,0.0
2023-05-28,MAT-API-003,498.2935039999998,0.0
2023-05-29,MAT-API-003,498.2935039999998,0.0
2023-05-30,MAT-API-003,498.2935039999998,0.0
2023-05-31,MAT-API-003,498.2935039999998,0.0
2023-06-01,MAT-API-003,498.2935039999998,0.0
2023-06-02,MAT-API-003,498.2935039999998,0.0
2023-06-03,MAT-API-003,498.2935039999998,0.0
2023-06-04,MAT-API-003,498.2935039999998,0.0
2023-06-05,MAT-API-003,498.2935039999998,0.0
2023-06-06,MAT-API-003,498.2935039999998,0.0
2023-06-07,MAT-API-003,498.2935039999998,0.0
2023-06-08,MAT-API-003,498.2935039999998,0.0
2023-06-09,MAT-API-003,498.2935039999998,0.0
2023-06-10,MAT-API-003,498.2935039999998,0.0
2023-06-11,MAT-API-003,498.2935039999998,0.0
2023-06-12,MAT-API-003,498.2935039999998,0.0
2023-06-13,MAT-API-003,498.2935039999998,0.0
2023-06-14,MAT-API-003,498.2935039999998,0.0
2023-06-15,MAT-API-003,498.2935039999998,0.0
2023-06-16,MAT-API-003,158.47366399999976,339.81984000000006
2023-06-17,MAT-API-003,158.47366399999976,0.0
2023-06-18,MAT-API-003,158.47366399999976,0.0
2023-06-19,MAT-API-003,158.47366399999976,0.0
2023-06-20,MAT-API-003,158.47366399999976,0.0
2023-06-21,MAT-API-003,158.47366399999976,0.0
2023-06-22,MAT-API-003,158.47366399999976,0.0
2023-06-23,MAT-API-003,158.47366399999976,0.0
2023-06-24,MAT-API-003,158.47366399999976,0.0
2023-06-25,MAT-API-003,158.47366399999976,0.0
2023-06-26,MAT-API-003,158.47366399999976,0.0
2023-06-27,MAT-API-003,1261.9379840000001,0.0
2023-06-28,MAT-API-003,1261.9379840000001,0.0
2023-06-29,MAT-API-003,1261.9379840000001,0.0
2023-06-30,MAT-API-003,1261.9379840000001,0.0
2023-07-01,MAT-API-003,1261.9379840000001,0.0
2023-07-02,MAT-API-003,1261.9379840000001,0.0
2023-07-03,MAT-API-003,1261.9379840000001,0.0
2023-07-04,MAT-API-003,1261.9379840000001,0.0
2023-07-05,MAT-API-003,907.8391040000001,354.09888
2023-07-06,MAT-API-003,907.8391040000001,0.0
2023-07-07,MAT-API-003,907.8391040000001,0.0
2023-07-08,MAT-API-003,907.8391040000001,0.0
2023-07-09,MAT-API-003,907.8391040000001,0.0
2023-07-10,MAT-API-003,907.8391040000001,0.0
2023-07-11,MAT-API-003,907.8391040000001,0.0
2023-07-12,MAT-API-003,907.8391040000001,0.0
2023-07-13,MAT-API-003,907.8391040000001,0.0
2023-07-14,MAT-API-003,907.8391040000001,0.0
2023-07-15,MAT-API-003,907.8391040000001,0.0
2023-07-16,MAT-API-003,907.8391040000001,0.0
2023-07-17,MAT-API-003,907.8391040000001,0.0
2023-07-18,MAT-API-003,907.8391040000001,0.0
2023-07-19,MAT-API-003,907.8391040000001,0.0
2023-07-20,MAT-API-003,907.8391040000001,0.0
2023-07-21,MAT-API-003,907.8391040000001,0.0
2023-07-22,MAT-API-003,907.8391040000001,0.0
2023-07-23,MAT-API-003,907.8391040000001,0.0
2023-07-24,MAT-API-003,907.8391040000001,0.0
2023-07-25,MAT-API-003,548.1458240000002,359.69328
2023-07-26,MAT-API-003,548.1458240000002,0.0
2023-07-27,MAT-API-003,548.1458240000002,0.0
2023-07-28,MAT-API-003,548.1458240000002,0.0
2023-07-29,MAT-API-003,548.1458240000002,0.0
2023-07-30,MAT-API-003,548.1458240000002,0.0
2023-07-31,MAT-API-003,548.1458240000002,0.0
2023-08-01,MAT-API-003,548.1458240000002,0.0
2023-08-02,MAT-API-003,548.1458240000002,0.0
2023-08-03,MAT-API-003,548.1458240000002,0.0
2023-08-04,MAT-API-003,548.1458240000002,0.0
2023-08-05,MAT-API-003,548.1458240000002,0.0
2023-08-06,MAT-API-003,548.1458240000002,0.0
2023-08-07,MAT-API-003,548.1458240000002,0.0
2023-08-08,MAT-API-003,548.1458240000002,0.0
2023-08-09,MAT-API-003,548.1458240000002,0.0
2023-08-10,MAT-API-003,548.1458240000002,0.0
2023-08-11,MAT-API-003,548.1458240000002,0.0
2023-08-12,MAT-API-003,548.1458240000002,0.0
2023-08-13,MAT-API-003,548.1458240000002,0.0
2023-08-14,MAT-API-003,174.26230400000014,373.88352000000003
2023-08-15,MAT-API-003,174.26230400000014,0.0
2023-08-16,MAT-API-003,174.26230400000014,0.0
2023-08-17,MAT-API-003,174.26230400000014,0.0
2023-08-18,MAT-API-003,174.26230400000014,0.0
2023-08-19,MAT-API-003,174.26230400000014,0.0
2023-08-20,MAT-API-003,174.26230400000014,0.0
2023-08-21,MAT-API-003,174.26230400000014,0.0
2023-08-22,MAT-API-003,174.26230400000014,0.0
2023-08-23,MAT-API-003,174.26230400000014,0.0
2023-08-24,MAT-API-003,174.26230400000014,0.0
2023-08-25,MAT-API-003,174.26230400000014,0.0
2023-08-26,MAT-API-003,174.26230400000014,0.0
2023-08-27,MAT-API-003,174.26230400000014,0.0
2023-08-28,MAT-API-003,174.26230400000014,0.0
2023-08-29,MAT-API-003,1227.874304,0.0
2023-08-30,MAT-API-003,1227.874304,0.0
2023-08-31,MAT-API-003,892.885184,334.98912
2023-09-01,MAT-API-003,892.885184,0.0
2023-09-02,MAT-API-003,892.885184,0.0
2023-09-03,MAT-API-003,892.885184,0.0
2023-09-04,MAT-API-003,892.885184,0.0
2023-09-05,MAT-API-003,892.885184,0.0
2023-09-06,MAT-API-003,892.885184,0.0
2023-09-07,MAT-API-003,892.885184,0.0
2023-09-08,MAT-API-003,892.885184,0.0
2023-09-09,MAT-API-003,892.885184,0.0
2023-09-10,MAT-API-003,892.885184,0.0
2023-09-11,MAT-API-003,892.885184,0.0
2023-09-12,MAT-API-003,892.885184,0.0
2023-09-13,MAT-API-003,892.885184,0.0
2023-09-14,MAT-API-003,892.885184,0.0
2023-09-15,MAT-API-003,892.885184,0.0
2023-09-16,MAT-API-003,892.885184,0.0
2023-09-17,MAT-API-003,892.885184,0.0
2023-09-18,MAT-API-003,892.885184,0.0
2023-09-19,MAT-API-003,892.885184,0.0
2023-09-20,MAT-API-003,892.885184,0.0
2023-09-21,MAT-API-003,479.91190399999994,412.97328000000005
2023-09-22,MAT-API-003,479.91190399999994,0.0
2023-09-23,MAT-API-003,479.91190399999994,0.0
2023-09-24,MAT-API-003,479.91190399999994,0.0
2023-09-25,MAT-API-003,479.91190399999994,0.0
2023-09-26,MAT-API-003,479.91190399999994,0.0
2023-09-27,MAT-API-003,479.91190399999994,0.0
2023-09-28,MAT-API-003,479.91190399999994,0.0
2023-09-29,MAT-API-003,479.91190399999994,0.0
2023-09-30,MAT-API-003,479.91190399999994,0.0
2023-10-01,MAT-API-003,479.91190399999994,0.0
2023-10-02,MAT-API-003,479.91190399999994,0.0
2023-10-03,MAT-API-003,479.91190399999994,0.0
2023-10-04,MAT-API-003,479.91190399999994,0.0
2023-10-05,MAT-API-003,479.91190399999994,0.0
2023-10-06,MAT-API-003,479.91190399999994,0.0
2023-10-07,MAT-API-003,479.91190399999994,0.0
2023-10-08,MAT-API-003,479.91190399999994,0.0
2023-10-09,MAT-API-003,479.91190399999994,0.0
2023-10-10,MAT-API-003,479.91190399999994,0.0
2023-10-11,MAT-API-003,157.94086399999986,321.9710400000001
2023-10-12,MAT-API-003,157.94086399999986,0.0
2023-10-13,MAT-API-003,157.94086399999986,0.0
2023-10-14,MAT-API-003,157.94086399999986,0.0
2023-10-15,MAT-API-003,157.94086399999986,0.0
2023-10-16,MAT-API-003,157.94086399999986,0.0
2023-10-17,MAT-API-003,157.94086399999986,0.0
2023-10-18,MAT-API-003,157.94086399999986,0.0
2023-10-19,MAT-API-003,157.94086399999986,0.0
2023-10-20,MAT-API-003,157.94086399999986,0.0
2023-10-21,MAT-API-003,157.94086399999986,0.0
2023-10-22,MAT-API-003,157.94086399999986,0.0
2023-10-23,MAT-API-003,157.94086399999986,0.0
2023-10-24,MAT-API-003,157.94086399999986,0.0
2023-10-25,MAT-API-003,157.94086399999986,0.0
2023-10-26,MAT-API-003,157.94086399999986,0.0
2023-10-27,MAT-API-003,157.94086399999986,0.0
2023-10-28,MAT-API-003,157.94086399999986,0.0
2023-10-29,MAT-API-003,157.94086399999986,0.0
2023-10-30,MAT-API-003,157.94086399999986,0.0
2023-10-31,MAT-API-003,0.0,375.14448000000004
2023-11-01,MAT-API-003,0.0,0.0
2023-11-02,MAT-API-003,0.0,0.0
2023-11-03,MAT-API-003,1121.8459200000002,0.0
2023-11-04,MAT-API-003,1121.8459200000002,0.0
2023-11-05,MAT-API-003,1121.8459200000002,0.0
2023-11-06,MAT-API-003,1121.8459200000002,0.0
2023-11-07,MAT-API-003,1121.8459200000002,0.0
2023-11-08,MAT-API-003,1121.8459200000002,0.0
2023-11-09,MAT-API-003,1121.8459200000002,0.0
2023-11-10,MAT-API-003,1121.8459200000002,0.0
2023-11-11,MAT-API-003,1121.8459200000002,0.0
2023-11-12,MAT-API-003,1121.8459200000002,0.0
2023-11-13,MAT-API-003,1121.8459200000002,0.0
2023-11-14,MAT-API-003,1121.8459200000002,0.0
2023-11-15,MAT-API-003,1121.8459200000002,0.0
2023-11-16,MAT-API-003,1121.8459200000002,0.0
2023-11-17,MAT-API-003,1121.8459200000002,0.0
2023-11-18,MAT-API-003,1121.8459200000002,0.0
2023-11-19,MAT-API-003,1121.8459200000002,0.0
2023-11-20,MAT-API-003,1121.8459200000002,0.0
2023-11-21,MAT-API-003,737.1465600000001,384.69936000000007
2023-11-22,MAT-API-003,737.1465600000001,0.0
2023-11-23,MAT-API-003,737.1465600000001,0.0
2023-11-24,MAT-API-003,737.1465600000001,0.0
2023-11-25,MAT-API-003,737.1465600000001,0.0
2023-11-26,MAT-API-003,737.1465600000001,0.0
2023-11-27,MAT-API-003,737.1465600000001,0.0
2023-11-28,MAT-API-003,737.1465600000001,0.0
2023-11-29,MAT-API-003,737.1465600000001,0.0
2023-11-30,MAT-API-003,737.1465600000001,0.0
2023-12-01,MAT-API-003,737.1465600000001,0.0
2023-12-02,MAT-API-003,737.1465600000001,0.0
2023-12-03,MAT-API-003,737.1465600000001,0.0
2023-12-04,MAT-API-003,737.1465600000001,0.0
2023-12-05,MAT-API-003,737.1465600000001,0.0
2023-12-06,MAT-API-003,737.1465600000001,0.0
2023-12-07,MAT-API-003,737.1465600000001,0.0
2023-12-08,MAT-API-003,737.1465600000001,0.0
2023-12-09,MAT-API-003,737.1465600000001,0.0
2023-12-10,MAT-API-003,737.1465600000001,0.0
2023-12-11,MAT-API-003,425.4230400000001,311.72352
2023-12-12,MAT-API-003,425.4230400000001,0.0
2023-12-13,MAT-API-003,425.4230400000001,0.0
2023-12-14,MAT-API-003,425.4230400000001,0.0
2023-12-15,MAT-API-003,425.4230400000001,0.0
2023-12-16,MAT-API-003,425.4230400000001,0.0
2023-12-17,MAT-API-003,425.4230400000001,0.0
2023-12-18,MAT-API-003,425.4230400000001,0.0
2023-12-19,MAT-API-003,425.4230400000001,0.0
2023-12-20,MAT-API-003,425.4230400000001,0.0
2023-12-21,MAT-API-003,425.4230400000001,0.0
2023-12-22,MAT-API-003,425.4230400000001,0.0
2023-12-23,MAT-API-003,425.4230400000001,0.0
2023-12-24,MAT-API-003,425.4230400000001,0.0
2023-12-25,MAT-API-003,425.4230400000001,0.0
2023-12-26,MAT-API-003,1290.034304,0.0
2023-12-27,MAT-API-003,1290.034304,0.0
2023-12-28,MAT-API-003,931.530944,358.50336000000004
2023-12-29,MAT-API-003,931.530944,0.0
2023-12-30,MAT-API-003,931.530944,0.0
2023-12-31,MAT-API-003,931.530944,0.0
2024-01-01,MAT-API-003,931.530944,0.0
2024-01-02,MAT-API-003,931.530944,0.0
2024-01-03,MAT-API-003,931.530944,0.0
2024-01-04,MAT-API-003,931.530944,0.0
2024-01-05,MAT-API-003,931.530944,0.0
2024-01-06,MAT-API-003,931.530944,0.0
2024-01-07,MAT-API-003,931.530944,0.0
2024-01-08,MAT-API-003,931.530944,0.0
2024-01-09,MAT-API-003,931.530944,0.0
2024-01-10,MAT-API-003,931.530944,0.0
2024-01-11,MAT-API-003,931.530944,0.0
2024-01-12,MAT-API-003,931.530944,0.0
2024-01-13,MAT-API-003,931.530944,0.0
2024-01-14,MAT-API-003,931.530944,0.0
2024-01-15,MAT-API-003,931.530944,0.0
2024-01-16,MAT-API-003,548.3767039999999,383.1542400000001
2024-01-17,MAT-API-003,548.3767039999999,0.0
2024-01-18,MAT-API-003,548.3767039999999,0.0
2024-01-19,MAT-API-003,548.3767039999999,0.0
2024-01-20,MAT-API-003,548.3767039999999,0.0
2024-01-21,MAT-API-003,548.3767039999999,0.0
2024-01-22,MAT-API-003,548.3767039999999,0.0
2024-01-23,MAT-API-003,548.3767039999999,0.0
2024-01-24,MAT-API-003,548.3767039999999,0.0
2024-01-25,MAT-API-003,548.3767039999999,0.0
2024-01-26,MAT-API-003,548.3767039999999,0.0
2024-01-27,MAT-API-003,548.3767039999999,0.0
2024-01-28,MAT-API-003,548.3767039999999,0.0
2024-01-29,MAT-API-003,548.3767039999999,0.0
2024-01-30,MAT-API-003,548.3767039999999,0.0
2024-01-31,MAT-API-003,548.3767039999999,0.0
2024-02-01,MAT-API-003,548.3767039999999,0.0
2024-02-02,MAT-API-003,548.3767039999999,0.0
2024-02-03,MAT-API-003,548.3767039999999,0.0
2024-02-04,MAT-API-003,548.3767039999999,0.0
2024-02-05,MAT-API-003,548.3767039999999,0.0
2024-02-06,MAT-API-003,158.18950399999989,390.1872
2024-02-07,MAT-API-003,158.18950399999989,0.0
2024-02-08,MAT-API-003,158.18950399999989,0.0
2024-02-09,MAT-API-003,158.18950399999989,0.0
2024-02-10,MAT-API-003,158.18950399999989,0.0
2024-02-11,MAT-API-003,158.18950399999989,0.0
2024-02-12,MAT-API-003,158.18950399999989,0.0
2024-02-13,MAT-API-003,158.18950399999989,0.0
2024-02-14,MAT-API-003,158.18950399999989,0.0
2024-02-15,MAT-API-003,158.18950399999989,0.0
2024-02-16,MAT-API-003,158.18950399999989,0.0
2024-02-17,MAT-API-003,158.18950399999989,0.0
2024-02-18,MAT-API-003,158.18950399999989,0.0
2024-02-19,MAT-API-003,158.18950399999989,0.0
2024-02-20,MAT-API-003,1211.570624,0.0
2024-02-21,MAT-API-003,1211.570624,0.0
2024-02-22,MAT-API-003,1211.570624,0.0
2024-02-23,MAT-API-003,1211.570624,0.0
2024-02-24,MAT-API-003,1211.570624,0.0
2024-02-25,MAT-API-003,1211.570624,0.0
2024-02-26,MAT-API-003,796.3418239999999,415.22880000000004
2024-02-27,MAT-API-003,796.3418239999999,0.0
2024-02-28,MAT-API-003,796.3418239999999,0.0
2024-02-29,MAT-API-003,796.3418239999999,0.0
2024-03-01,MAT-API-003,796.3418239999999,0.0
2024-03-02,MAT-API-003,796.3418239999999,0.0
2024-03-03,MAT-API-003,796.3418239999999,0.0
2024-03-04,MAT-API-003,796.3418239999999,0.0
2024-03-05,MAT-API-003,796.3418239999999,0.0
2024-03-06,MAT-API-003,796.3418239999999,0.0
2024-03-07,MAT-API-003,796.3418239999999,0.0
2024-03-08,MAT-API-003,796.3418239999999,0.0
2024-03-09,MAT-API-003,796.3418239999999,0.0
2024-03-10,MAT-API-003,796.3418239999999,0.0
2024-03-11,MAT-API-003,796.3418239999999,0.0
2024-03-12,MAT-API-003,796.3418239999999,0.0
2024-03-13,MAT-API-003,796.3418239999999,0.0
2024-03-14,MAT-API-003,796.3418239999999,0.0
2024-03-15,MAT-API-003,796.3418239999999,0.0
2024-03-16,MAT-API-003,796.3418239999999,0.0
2024-03-17,MAT-API-003,796.3418239999999,0.0
2024-03-18,MAT-API-003,445.63510399999984,350.70672
2024-03-19,MAT-API-003,445.63510399999984,0.0
2024-03-20,MAT-API-003,445.63510399999984,0.0
2024-03-21,MAT-API-003,445.63510399999984,0.0
2024-03-22,MAT-API-003,445.63510399999984,0.0
2024-03-23,MAT-API-003,445.63510399999984,0.0
2024-03-24,MAT-API-003,445.63510399999984,0.0
2024-03-25,MAT-API-003,445.63510399999984,0.0
2024-03-26,MAT-API-003,445.63510399999984,0.0
2024-03-27,MAT-API-003,445.63510399999984,0.0
2024-03-28,MAT-API-003,445.63510399999984,0.0
2024-03-29,MAT-API-003,445.63510399999984,0.0
2024-03-30,MAT-API-003,445.63510399999984,0.0
2024-03-31,MAT-API-003,445.63510399999984,0.0
2024-04-01,MAT-API-003,445.63510399999984,0.0
2024-04-02,MAT-API-003,1251.0511040000001,0.0
2024-04-03,MAT-API-003,1251.0511040000001,0.0
2024-04-04,MAT-API-003,1251.0511040000001,0.0
2024-04-05,MAT-API-003,1251.0511040000001,0.0
2024-04-06,MAT-API-003,1251.0511040000001,0.0
2024-04-07,MAT-API-003,1251.0511040000001,0.0
2024-04-08,MAT-API-003,915.4759040000001,335.5752
2024-04-09,MAT-API-003,915.4759040000001,0.0
2024-04-10,MAT-API-003,915.4759040000001,0.0
2024-04-11,MAT-API-003,915.4759040000001,0.0
2024-04-12,MAT-API-003,915.4759040000001,0.0
2024-04-13,MAT-API-003,915.4759040000001,0.0
2024-04-14,MAT-API-003,915.4759040000001,0.0
2024-04-15,MAT-API-003,915.4759040000001,0.0
2024-04-16,MAT-API-003,915.4759040000001,0.0
2024-04-17,MAT-API-003,915.4759040000001,0.0
2024-04-18,MAT-API-003,915.4759040000001,0.0
2024-04-19,MAT-API-003,915.4759040000001,0.0
2024-04-20,MAT-API-003,915.4759040000001,0.0
2024-04-21,MAT-API-003,915.4759040000001,0.0
2024-04-22,MAT-API-003,915.4759040000001,0.0
2024-04-23,MAT-API-003,915.4759040000001,0.0
2024-04-24,MAT-API-003,915.4759040000001,0.0
2024-04-25,MAT-API-003,544.718144,370.7577600000001
2024-04-26,MAT-API-003,544.718144,0.0
2024-04-27,MAT-API-003,544.718144,0.0
2024-04-28,MAT-API-003,544.718144,0.0
2024-04-29,MAT-API-003,544.718144,0.0
2024-04-30,MAT-API-003,544.718144,0.0
2024-05-01,MAT-API-003,544.718144,0.0
2024-05-02,MAT-API-003,544.718144,0.0
2024-05-03,MAT-API-003,544.718144,0.0
2024-05-04,MAT-API-003,544.718144,0.0
2024-05-05,MAT-API-003,544.718144,0.0
2024-05-06,MAT-API-003,544.718144,0.0
2024-05-07,MAT-API-003,544.718144,0.0
2024-05-08,MAT-API-003,544.718144,0.0
2024-05-09,MAT-API-003,544.718144,0.0
2024-05-10,MAT-API-003,544.718144,0.0
2024-05-11,MAT-API-003,544.718144,0.0
2024-05-12,MAT-API-003,544.718144,0.0
2024-05-13,MAT-API-003,544.718144,0.0
2024-05-14,MAT-API-003,145.597664,399.12048000000004
2024-05-15,MAT-API-003,145.597664,0.0
2024-05-16,MAT-API-003,145.597664,0.0
2024-05-17,MAT-API-003,145.597664,0.0
2024-05-18,MAT-API-003,145.597664,0.0
2024-05-19,MAT-API-003,145.597664,0.0
2024-05-20,MAT-API-003,145.597664,0.0
2024-05-21,MAT-API-003,145.597664,0.0
2024-05-22,MAT-API-003,145.597664,0.0
2024-05-23,MAT-API-003,145.597664,0.0
2024-05-24,MAT-API-003,145.597664,0.0
2024-05-25,MAT-API-003,145.597664,0.0
2024-05-26,MAT-API-003,145.597664,0.0
2024-05-27,MAT-API-003,145.597664,0.0
2024-05-28,MAT-API-003,1202.6373439999998,0.0
2024-05-29,MAT-API-003,1202.6373439999998,0.0
2024-05-30,MAT-API-003,1202.6373439999998,0.0
2024-05-31,MAT-API-003,1202.6373439999998,0.0
2024-06-01,MAT-API-003,1202.6373439999998,0.0
2024-06-02,MAT-API-003,1202.6373439999998,0.0
2024-06-03,MAT-API-003,1202.6373439999998,0.0
2024-06-04,MAT-API-003,852.8363839999997,349.80096000000003
2024-06-05,MAT-API-003,852.8363839999997,0.0
2024-06-06,MAT-API-003,852.8363839999997,0.0
2024-06-07,MAT-API-003,852.8363839999997,0.0
2024-06-08,MAT-API-003,852.8363839999997,0.0
2024-06-09,MAT-API-003,852.8363839999997,0.0
2024-06-10,MAT-API-003,852.8363839999997,0.0
2024-06-11,MAT-API-003,852.8363839999997,0.0
2024-06-12,MAT-API-003,852.8363839999997,0.0
2024-06-13,MAT-API-003,852.8363839999997,0.0
2024-06-14,MAT-API-003,852.8363839999997,0.0
2024-06-15,MAT-API-003,852.8363839999997,0.0
2024-06-16,MAT-API-003,852.8363839999997,0.0
2024-06-17,MAT-API-003,852.8363839999997,0.0
2024-06-18,MAT-API-003,852.8363839999997,0.0
2024-06-19,MAT-API-003,852.8363839999997,0.0
2024-06-20,MAT-API-003,852.8363839999997,0.0
2024-06-21,MAT-API-003,540.5623039999997,312.27408
2024-06-22,MAT-API-003,540.5623039999997,0.0
2024-06-23,MAT-API-003,540.5623039999997,0.0
2024-06-24,MAT-API-003,540.5623039999997,0.0
2024-06-25,MAT-API-003,540.5623039999997,0.0
2024-06-26,MAT-API-003,540.5623039999997,0.0
2024-06-27,MAT-API-003,540.5623039999997,0.0
2024-06-28,MAT-API-003,540.5623039999997,0.0
2024-06-29,MAT-API-003,540.5623039999997,0.0
2024-06-30,MAT-API-003,540.5623039999997,0.0
2024-07-01,MAT-API-003,540.5623039999997,0.0
2024-07-02,MAT-API-003,540.5623039999997,0.0
2024-07-03,MAT-API-003,540.5623039999997,0.0
2024-07-04,MAT-API-003,540.5623039999997,0.0
2024-07-05,MAT-API-003,540.5623039999997,0.0
2024-07-06,MAT-API-003,540.5623039999997,0.0
2024-07-07,MAT-API-003,540.5623039999997,0.0
2024-07-08,MAT-API-003,540.5623039999997,0.0
2024-07-09,MAT-API-003,1289.4837440000001,0.0
2024-07-10,MAT-API-003,1289.4837440000001,0.0
2024-07-11,MAT-API-003,871.4843840000001,417.9993600000001
2024-07-12,MAT-API-003,871.4843840000001,0.0
2024-07-13,MAT-API-003,871.4843840000001,0.0
2024-07-14,MAT-API-003,871.4843840000001,0.0
2024-07-15,MAT-API-003,871.4843840000001,0.0
2024-07-16,MAT-API-003,871.4843840000001,0.0
2024-07-17,MAT-API-003,871.4843840000001,0.0
2024-07-18,MAT-API-003,871.4843840000001,0.0
2024-07-19,MAT-API-003,871.4843840000001,0.0
2024-07-20,MAT-API-003,871.4843840000001,0.0
2024-07-21,MAT-API-003,871.4843840000001,0.0
2024-07-22,MAT-API-003,871.4843840000001,0.0
2024-07-23,MAT-API-003,871.4843840000001,0.0
2024-07-24,MAT-API-003,871.4843840000001,0.0
2024-07-25,MAT-API-003,871.4843840000001,0.0
2024-07-26,MAT-API-003,871.4843840000001,0.0
2024-07-27,MAT-API-003,871.4843840000001,0.0
2024-07-28,MAT-API-003,871.4843840000001,0.0
2024-07-29,MAT-API-003,871.4843840000001,0.0
2024-07-30,MAT-API-003,871.4843840000001,0.0
2024-07-31,MAT-API-003,871.4843840000001,0.0
2024-08-01,MAT-API-003,492.255104,379.2292800000001
2024-08-02,MAT-API-003,492.255104,0.0
2024-08-03,MAT-API-003,492.255104,0.0
2024-08-04,MAT-API-003,492.255104,0.0
2024-08-05,MAT-API-003,492.255104,0.0
2024-08-06,MAT-API-003,492.255104,0.0
2024-08-07,MAT-API-003,492.255104,0.0
2024-08-08,MAT-API-003,492.255104,0.0
2024-08-09,MAT-API-003,492.255104,0.0
2024-08-10,MAT-API-003,492.255104,0.0
2024-08-11,MAT-API-003,492.255104,0.0
2024-08-12,MAT-API-003,492.255104,0.0
2024-08-13,MAT-API-003,1222.528544,0.0
2024-08-14,MAT-API-003,1222.528544,0.0
2024-08-15,MAT-API-003,1222.528544,0.0
2024-08-16,MAT-API-003,1222.528544,0.0
2024-08-17,MAT-API-003,1222.528544,0.0
2024-08-18,MAT-API-003,1222.528544,0.0
2024-08-19,MAT-API-003,1222.528544,0.0
2024-08-20,MAT-API-003,1222.528544,0.0
2024-08-21,MAT-API-003,1222.528544,0.0
2024-08-22,MAT-API-003,808.400864,414.12768000000005
2024-08-23,MAT-API-003,808.400864,0.0
2024-08-24,MAT-API-003,808.400864,0.0
2024-08-25,MAT-API-003,808.400864,0.0
2024-08-26,MAT-API-003,808.400864,0.0
2024-08-27,MAT-API-003,808.400864,0.0
2024-08-28,MAT-API-003,808.400864,0.0
2024-08-29,MAT-API-003,808.400864,0.0
2024-08-30,MAT-API-003,808.400864,0.0
2024-08-31,MAT-API-003,808.400864,0.0
2024-09-01,MAT-API-003,808.400864,0.0
2024-09-02,MAT-API-003,808.400864,0.0
2024-09-03,MAT-API-003,808.400864,0.0
2024-09-04,MAT-API-003,808.400864,0.0
2024-09-05,MAT-API-003,808.400864,0.0
2024-09-06,MAT-API-003,808.400864,0.0
2024-09-07,MAT-API-003,808.400864,0.0
2024-09-08,MAT-API-003,808.400864,0.0
2024-09-09,MAT-API-003,808.400864,0.0
2024-09-10,MAT-API-003,808.400864,0.0
2024-09-11,MAT-API-003,467.266784,341.13408
2024-09-12,MAT-API-003,467.266784,0.0
2024-09-13,MAT-API-003,467.266784,0.0
2024-09-14,MAT-API-003,467.266784,0.0
2024-09-15,MAT-API-003,467.266784,0.0
2024-09-16,MAT-API-003,467.266784,0.0
2024-09-17,MAT-API-003,467.266784,0.0
2024-09-18,MAT-API-003,467.266784,0.0
2024-09-19,MAT-API-003,467.266784,0.0
2024-09-20,MAT-API-003,467.266784,0.0
2024-09-21,MAT-API-003,467.266784,0.0
2024-09-22,MAT-API-003,467.266784,0.0
2024-09-23,MAT-API-003,467.266784,0.0
2024-09-24,MAT-API-003,1260.623744,0.0
2024-09-25,MAT-API-003,1260.623744,0.0
2024-09-26,MAT-API-003,1260.623744,0.0
2024-09-27,MAT-API-003,1260.623744,0.0
2024-09-28,MAT-API-003,1260.623744,0.0
2024-09-29,MAT-API-003,1260.623744,0.0
2024-09-30,MAT-API-003,1260.623744,0.0
2024-10-01,MAT-API-003,1260.623744,0.0
2024-10-02,MAT-API-003,850.669664,409.95408000000003
2024-10-03,MAT-API-003,850.669664,0.0
2024-10-04,MAT-API-003,850.669664,0.0
2024-10-05,MAT-API-003,850.669664,0.0
2024-10-06,MAT-API-003,850.669664,0.0
2024-10-07,MAT-API-003,850.669664,0.0
2024-10-08,MAT-API-003,850.669664,0.0
2024-10-09,MAT-API-003,850.669664,0.0
2024-10-10,MAT-API-003,850.669664,0.0
2024-10-11,MAT-API-003,850.669664,0.0
2024-10-12,MAT-API-003,850.669664,0.0
2024-10-13,MAT-API-003,850.669664,0.0
2024-10-14,MAT-API-003,850.669664,0.0
2024-10-15,MAT-API-003,850.669664,0.0
2024-10-16,MAT-API-003,850.669664,0.0
2024-10-17,MAT-API-003,850.669664,0.0
2024-10-18,MAT-API-003,850.669664,0.0
2024-10-19,MAT-API-003,850.669664,0.0
2024-10-20,MAT-API-003,850.669664,0.0
2024-10-21,MAT-API-003,536.6551039999999,314.01456
2024-10-22,MAT-API-003,536.6551039999999,0.0
2024-10-23,MAT-API-003,536.6551039999999,0.0
2024-10-24,MAT-API-003,536.6551039999999,0.0
2024-10-25,MAT-API-003,536.6551039999999,0.0
2024-10-26,MAT-API-003,536.6551039999999,0.0
2024-10-27,MAT-API-003,536.6551039999999,0.0
2024-10-28,MAT-API-003,536.6551039999999,0.0
2024-10-29,MAT-API-003,536.6551039999999,0.0
2024-10-30,MAT-API-003,536.6551039999999,0.0
2024-10-31,MAT-API-003,536.6551039999999,0.0
2024-11-01,MAT-API-003,536.6551039999999,0.0
2024-11-02,MAT-API-003,536.6551039999999,0.0
2024-11-03,MAT-API-003,536.6551039999999,0.0
2024-11-04,MAT-API-003,536.6551039999999,0.0
2024-11-05,MAT-API-003,1287.743264,0.0
2024-11-06,MAT-API-003,1287.743264,0.0
2024-11-07,MAT-API-003,1287.743264,0.0
2024-11-08,MAT-API-003,1287.743264,0.0
2024-11-09,MAT-API-003,1287.743264,0.0
2024-11-10,MAT-API-003,1287.743264,0.0
2024-11-11,MAT-API-003,921.7807039999999,365.96256000000005
2024-11-12,MAT-API-003,921.7807039999999,0.0
2024-11-13,MAT-API-003,921.7807039999999,0.0
2024-11-14,MAT-API-003,921.7807039999999,0.0
2024-11-15,MAT-API-003,921.7807039999999,0.0
2024-11-16,MAT-API-003,921.7807039999999,0.0
2024-11-17,MAT-API-003,921.7807039999999,0.0
2024-11-18,MAT-API-003,921.7807039999999,0.0
2024-11-19,MAT-API-003,921.7807039999999,0.0
2024-11-20,MAT-API-003,921.7807039999999,0.0
2024-11-21,MAT-API-003,921.7807039999999,0.0
2024-11-22,MAT-API-003,921.7807039999999,0.0
2024-11-23,MAT-API-003,921.7807039999999,0.0
2024-11-24,MAT-API-003,921.7807039999999,0.0
2024-11-25,MAT-API-003,921.7807039999999,0.0
2024-11-26,MAT-API-003,921.7807039999999,0.0
2024-11-27,MAT-API-003,921.7807039999999,0.0
2024-11-28,MAT-API-003,584.0565439999999,337.72416
2024-11-29,MAT-API-003,584.0565439999999,0.0
2024-11-30,MAT-API-003,584.0565439999999,0.0
2024-12-01,MAT-API-003,584.0565439999999,0.0
2024-12-02,MAT-API-003,584.0565439999999,0.0
2024-12-03,MAT-API-003,584.0565439999999,0.0
2024-12-04,MAT-API-003,584.0565439999999,0.0
2024-12-05,MAT-API-003,584.0565439999999,0.0
2024-12-06,MAT-API-003,584.0565439999999,0.0
2024-12-07,MAT-API-003,584.0565439999999,0.0
2024-12-08,MAT-API-003,584.0565439999999,0.0
2024-12-09,MAT-API-003,584.0565439999999,0.0
2024-12-10,MAT-API-003,584.0565439999999,0.0
2024-12-11,MAT-API-003,584.0565439999999,0.0
2024-12-12,MAT-API-003,584.0565439999999,0.0
2024-12-13,MAT-API-003,584.0565439999999,0.0
2024-12-14,MAT-API-003,584.0565439999999,0.0
2024-12-15,MAT-API-003,584.0565439999999,0.0
2024-12-16,MAT-API-003,213.35206399999987,370.70448000000005
2024-12-17,MAT-API-003,213.35206399999987,0.0
2024-12-18,MAT-API-003,213.35206399999987,0.0
2024-12-19,MAT-API-003,213.35206399999987,0.0
2024-12-20,MAT-API-003,213.35206399999987,0.0
2024-12-21,MAT-API-003,213.35206399999987,0.0
2024-12-22,MAT-API-003,213.35206399999987,0.0
2024-12-23,MAT-API-003,213.35206399999987,0.0
2024-12-24,MAT-API-003,213.35206399999987,0.0
2024-12-25,MAT-API-003,213.35206399999987,0.0
2024-12-26,MAT-API-003,213.35206399999987,0.0
2024-12-27,MAT-API-003,213.35206399999987,0.0
2024-12-28,MAT-API-003,213.35206399999987,0.0
2024-12-29,MAT-API-003,213.35206399999987,0.0
2024-12-30,MAT-API-003,213.35206399999987,0.0
2024-12-31,MAT-API-003,1231.053344,0.0
2023-01-01,MAT-API-004,8134.563372222223,0.0
2023-01-02,MAT-API-004,8134.563372222223,0.0
2023-01-03,MAT-API-004,8134.563372222223,0.0
2023-01-04,MAT-API-004,8134.563372222223,0.0
2023-01-05,MAT-API-004,8134.563372222223,0.0
2023-01-06,MAT-API-004,8134.563372222223,0.0
2023-01-07,MAT-API-004,8134.563372222223,0.0
2023-01-08,MAT-API-004,8134.563372222223,0.0
2023-01-09,MAT-API-004,8134.563372222223,0.0
2023-01-10,MAT-API-004,8134.563372222223,0.0
2023-01-11,MAT-API-004,8134.563372222223,0.0
2023-01-12,MAT-API-004,7324.666372222223,809.897
2023-01-13,MAT-API-004,7324.666372222223,0.0
2023-01-14,MAT-API-004,7324.666372222223,0.0
2023-01-15,MAT-API-004,7324.666372222223,0.0
2023-01-16,MAT-API-004,7324.666372222223,0.0
2023-01-17,MAT-API-004,7324.666372222223,0.0
2023-01-18,MAT-API-004,7324.666372222223,0.0
2023-01-19,MAT-API-004,7324.666372222223,0.0
2023-01-20,MAT-API-004,7324.666372222223,0.0
2023-01-21,MAT-API-004,7324.666372222223,0.0
2023-01-22,MAT-API-004,7324.666372222223,0.0
2023-01-23,MAT-API-004,7324.666372222223,0.0
2023-01-24,MAT-API-004,7324.666372222223,0.0
2023-01-25,MAT-API-004,7324.666372222223,0.0
2023-01-26,MAT-API-004,6584.707372222223,739.959
2023-01-27,MAT-API-004,6584.707372222223,0.0
2023-01-28,MAT-API-004,6584.707372222223,0.0
2023-01-29,MAT-API-004,6584.707372222223,0.0
2023-01-30,MAT-API-004,6584.707372222223,0.0
2023-01-31,MAT-API-004,6584.707372222223,0.0
2023-02-01,MAT-API-004,6584.707372222223,0.0
2023-02-02,MAT-API-004,6584.707372222223,0.0
2023-02-03,MAT-API-004,6584.707372222223,0.0
2023-02-04,MAT-API-004,6584.707372222223,0.0
2023-02-05,MAT-API-004,6584.707372222223,0.0
2023-02-06,MAT-API-004,6584.707372222223,0.0
2023-02-07,MAT-API-004,6584.707372222223,0.0
2023-02-08,MAT-API-004,6584.707372222223,0.0
2023-02-09,MAT-API-004,6584.707372222223,0.0
2023-02-10,MAT-API-004,6584.707372222223,0.0
2023-02-11,MAT-API-004,6584.707372222223,0.0
2023-02-12,MAT-API-004,6584.707372222223,0.0
2023-02-13,MAT-API-004,5827.450872222224,757.2565
2023-02-14,MAT-API-004,5827.450872222224,0.0
2023-02-15,MAT-API-004,5827.450872222224,0.0
2023-02-16,MAT-API-004,5827.450872222224,0.0
2023-02-17,MAT-API-004,5827.450872222224,0.0
2023-02-18,MAT-API-004,5827.450872222224,0.0
2023-02-19,MAT-API-004,5827.450872222224,0.0
2023-02-20,MAT-API-004,5827.450872222224,0.0
2023-02-21,MAT-API-004,5827.450872222224,0.0
2023-02-22,MAT-API-004,5827.450872222224,0.0
2023-02-23,MAT-API-004,5827.450872222224,0.0
2023-02-24,MAT-API-004,5827.450872222224,0.0
2023-02-25,MAT-API-004,5827.450872222224,0.0
2023-02-26,MAT-API-004,5827.450872222224,0.0
2023-02-27,MAT-API-004,5827.450872222224,0.0
2023-02-28,MAT-API-004,5106.210572222223,721.2403
2023-03-01,MAT-API-004,5106.210572222223,0.0
2023-03-02,MAT-API-004,5106.210572222223,0.0
2023-03-03,MAT-API-004,5106.210572222223,0.0
2023-03-04,MAT-API-004,5106.210572222223,0.0
2023-03-05,MAT-API-004,5106.210572222223,0.0
2023-03-06,MAT-API-004,5106.210572222223,0.0
2023-03-07,MAT-API-004,5106.210572222223,0.0
2023-03-08,MAT-API-004,5106.210572222223,0.0
2023-03-09,MAT-API-004,5106.210572222223,0.0
2023-03-10,MAT-API-004,5106.210572222223,0.0
2023-03-11,MAT-API-004,5106.210572222223,0.0
2023-03-12,MAT-API-004,5106.210572222223,0.0
2023-03-13,MAT-API-004,5106.210572222223,0.0
2023-03-14,MAT-API-004,5106.210572222223,0.0
2023-03-15,MAT-API-004,5106.210572222223,0.0
2023-03-16,MAT-API-004,4253.284872222223,852.9256999999999
2023-03-17,MAT-API-004,4253.284872222223,0.0
2023-03-18,MAT-API-004,4253.284872222223,0.0
2023-03-19,MAT-API-004,4253.284872222223,0.0
2023-03-20,MAT-API-004,4253.284872222223,0.0
2023-03-21,MAT-API-004,4253.284872222223,0.0
2023-03-22,MAT-API-004,4253.284872222223,0.0
2023-03-23,MAT-API-004,4253.284872222223,0.0
2023-03-24,MAT-API-004,4253.284872222223,0.0
2023-03-25,MAT-API-004,4253.284872222223,0.0
2023-03-26,MAT-API-004,4253.284872222223,0.0
2023-03-27,MAT-API-004,4253.284872222223,0.0
2023-03-28,MAT-API-004,4253.284872222223,0.0
2023-03-29,MAT-API-004,3471.4378722222236,781.847
2023-03-30,MAT-API-004,3471.4378722222236,0.0
2023-03-31,MAT-API-004,3471.4378722222236,0.0
2023-04-01,MAT-API-004,3471.4378722222236,0.0
2023-04-02,MAT-API-004,3471.4378722222236,0.0
2023-04-03,MAT-API-004,3471.4378722222236,0.0
2023-04-04,MAT-API-004,3471.4378722222236,0.0
2023-04-05,MAT-API-004,3471.4378722222236,0.0
2023-04-06,MAT-API-004,3471.4378722222236,0.0
2023-04-07,MAT-API-004,3471.4378722222236,0.0
2023-04-08,MAT-API-004,3471.4378722222236,0.0
2023-04-09,MAT-API-004,3471.4378722222236,0.0
2023-04-10,MAT-API-004,3471.4378722222236,0.0
2023-04-11,MAT-API-004,3471.4378722222236,0.0
2023-04-12,MAT-API-004,2632.2566722222236,839.1811999999999
2023-04-13,MAT-API-004,2632.2566722222236,0.0
2023-04-14,MAT-API-004,2632.2566722222236,0.0
2023-04-15,MAT-API-004,2632.2566722222236,0.0
2023-04-16,MAT-API-004,2632.2566722222236,0.0
2023-04-17,MAT-API-004,2632.2566722222236,0.0
2023-04-18,MAT-API-004,2632.2566722222236,0.0
2023-04-19,MAT-API-004,2632.2566722222236,0.0
2023-04-20,MAT-API-004,2632.2566722222236,0.0
2023-04-21,MAT-API-004,2632.2566722222236,0.0
2023-04-22,MAT-API-004,2632.2566722222236,0.0
2023-04-23,MAT-API-004,2632.2566722222236,0.0
2023-04-24,MAT-API-004,2632.2566722222236,0.0
2023-04-25,MAT-API-004,2632.2566722222236,0.0
2023-04-26,MAT-API-004,2632.2566722222236,0.0
2023-04-27,MAT-API-004,2632.2566722222236,0.0
2023-04-28,MAT-API-004,2632.2566722222236,0.0
2023-04-29,MAT-API-004,2632.2566722222236,0.0
2023-04-30,MAT-API-004,2632.2566722222236,0.0
2023-05-01,MAT-API-004,1965.1902722222237,667.0663999999999
2023-05-02,MAT-API-004,1965.1902722222237,0.0
2023-05-03,MAT-API-004,1965.1902722222237,0.0
2023-05-04,MAT-API-004,1965.1902722222237,0.0
2023-05-05,MAT-API-004,1965.1902722222237,0.0
2023-05-06,MAT-API-004,1965.1902722222237,0.0
2023-05-07,MAT-API-004,1965.1902722222237,0.0
2023-05-08,MAT-API-004,1965.1902722222237,0.0
2023-05-09,MAT-API-004,1965.1902722222237,0.0
2023-05-10,MAT-API-004,1965.1902722222237,0.0
2023-05-11,MAT-API-004,1965.1902722222237,0.0
2023-05-12,MAT-API-004,1965.1902722222237,0.0
2023-05-13,MAT-API-004,1965.1902722222237,0.0
2023-05-14,MAT-API-004,1965.1902722222237,0.0
2023-05-15,MAT-API-004,1965.1902722222237,0.0
2023-05-16,MAT-API-004,1965.1902722222237,0.0
2023-05-17,MAT-API-004,1266.8574722222238,698.3328
2023-05-18,MAT-API-004,1266.8574722222238,0.0
2023-05-19,MAT-API-004,1266.8574722222238,0.0
2023-05-20,MAT-API-004,1266.8574722222238,0.0
2023-05-21,MAT-API-004,1266.8574722222238,0.0
2023-05-22,MAT-API-004,1266.8574722222238,0.0
2023-05-23,MAT-API-004,1266.8574722222238,0.0
2023-05-24,MAT-API-004,1266.8574722222238,0.0
2023-05-25,MAT-API-004,5148.135972222223,0.0
2023-05-26,MAT-API-004,5148.135972222223,0.0
2023-05-27,MAT-API-004,5148.135972222223,0.0
2023-05-28,MAT-API-004,5148.135972222223,0.0
2023-05-29,MAT-API-004,5148.135972222223,0.0
2023-05-30,MAT-API-004,5148.135972222223,0.0
2023-05-31,MAT-API-004,5148.135972222223,0.0
2023-06-01,MAT-API-004,4442.379272222223,705.7567
2023-06-02,MAT-API-004,4442.379272222223,0.0
2023-06-03,MAT-API-004,4442.379272222223,0.0
2023-06-04,MAT-API-004,4442.379272222223,0.0
2023-06-05,MAT-API-004,4442.379272222223,0.0
2023-06-06,MAT-API-004,4442.379272222223,0.0
2023-06-07,MAT-API-004,4442.379272222223,0.0
2023-06-08,MAT-API-004,4442.379272222223,0.0
2023-06-09,MAT-API-004,4442.379272222223,0.0
2023-06-10,MAT-API-004,4442.379272222223,0.0
2023-06-11,MAT-API-004,4442.379272222223,0.0
2023-06-12,MAT-API-004,4442.379272222223,0.0
2023-06-13,MAT-API-004,4442.379272222223,0.0
2023-06-14,MAT-API-004,3725.1220722222233,717.2572
2023-06-15,MAT-API-004,3725.1220722222233,0.0
2023-06-16,MAT-API-004,3725.1220722222233,0.0
2023-06-17,MAT-API-004,3725.1220722222233,0.0
2023-06-18,MAT-API-004,3725.1220722222233,0.0
2023-06-19,MAT-API-004,3725.1220722222233,0.0
2023-06-20,MAT-API-004,3725.1220722222233,0.0
2023-06-21,MAT-API-004,3725.1220722222233,0.0
2023-06-22,MAT-API-004,3725.1220722222233,0.0
2023-06-23,MAT-API-004,3725.1220722222233,0.0
2023-06-24,MAT-API-004,3725.1220722222233,0.0
2023-06-25,MAT-API-004,3725.1220722222233,0.0
2023-06-26,MAT-API-004,3725.1220722222233,0.0
2023-06-27,MAT-API-004,3725.1220722222233,0.0
2023-06-28,MAT-API-004,3725.1220722222233,0.0
2023-06-29,MAT-API-004,3725.1220722222233,0.0
2023-06-30,MAT-API-004,2879.3771722222236,845.7448999999999
2023-07-01,MAT-API-004,2879.3771722222236,0.0
2023-07-02,MAT-API-004,2879.3771722222236,0.0
2023-07-03,MAT-API-004,2879.3771722222236,0.0
2023-07-04,MAT-API-004,2879.3771722222236,0.0
2023-07-05,MAT-API-004,2879.3771722222236,0.0
2023-07-06,MAT-API-004,2879.3771722222236,0.0
2023-07-07,MAT-API-004,2879.3771722222236,0.0
2023-07-08,MAT-API-004,2879.3771722222236,0.0
2023-07-09,MAT-API-004,2879.3771722222236,0.0
2023-07-10,MAT-API-004,2879.3771722222236,0.0
2023-07-11,MAT-API-004,2879.3771722222236,0.0
2023-07-12,MAT-API-004,2879.3771722222236,0.0
2023-07-13,MAT-API-004,2879.3771722222236,0.0
2023-07-14,MAT-API-004,2879.3771722222236,0.0
2023-07-15,MAT-API-004,2879.3771722222236,0.0
2023-07-16,MAT-API-004,2879.3771722222236,0.0
2023-07-17,MAT-API-004,2057.7739722222236,821.6032
2023-07-18,MAT-API-004,2057.7739722222236,0.0
2023-07-19,MAT-API-004,2057.7739722222236,0.0
2023-07-20,MAT-API-004,2057.7739722222236,0.0
2023-07-21,MAT-API-004,2057.7739722222236,0.0
2023-07-22,MAT-API-004,2057.7739722222236,0.0
2023-07-23,MAT-API-004,2057.7739722222236,0.0
2023-07-24,MAT-API-004,2057.7739722222236,0.0
2023-07-25,MAT-API-004,2057.7739722222236,0.0
2023-07-26,MAT-API-004,2057.7739722222236,0.0
2023-07-27,MAT-API-004,2057.7739722222236,0.0
2023-07-28,MAT-API-004,2057.7739722222236,0.0
2023-07-29,MAT-API-004,2057.7739722222236,0.0
2023-07-30,MAT-API-004,2057.7739722222236,0.0
2023-07-31,MAT-API-004,2057.7739722222236,0.0
2023-08-01,MAT-API-004,2057.7739722222236,0.0
2023-08-02,MAT-API-004,2057.7739722222236,0.0
2023-08-03,MAT-API-004,5749.958072222224,0.0
2023-08-04,MAT-API-004,5749.958072222224,0.0
2023-08-05,MAT-API-004,5749.958072222224,0.0
2023-08-06,MAT-API-004,5749.958072222224,0.0
2023-08-07,MAT-API-004,5749.958072222224,0.0
2023-08-08,MAT-API-004,5749.958072222224,0.0
2023-08-09,MAT-API-004,5749.958072222224,0.0
2023-08-10,MAT-API-004,5749.958072222224,0.0
2023-08-11,MAT-API-004,5749.958072222224,0.0
2023-08-12,MAT-API-004,5749.958072222224,0.0
2023-08-13,MAT-API-004,5749.958072222224,0.0
2023-08-14,MAT-API-004,5749.958072222224,0.0
2023-08-15,MAT-API-004,5749.958072222224,0.0
2023-08-16,MAT-API-004,5749.958072222224,0.0
2023-08-17,MAT-API-004,5749.958072222224,0.0
2023-08-18,MAT-API-004,4911.5061722222235,838.4519
2023-08-19,MAT-API-004,4911.5061722222235,0.0
2023-08-20,MAT-API-004,4911.5061722222235,0.0
2023-08-21,MAT-API-004,4911.5061722222235,0.0
2023-08-22,MAT-API-004,4911.5061722222235,0.0
2023-08-23,MAT-API-004,4911.5061722222235,0.0
2023-08-24,MAT-API-004,4911.5061722222235,0.0
2023-08-25,MAT-API-004,4911.5061722222235,0.0
2023-08-26,MAT-API-004,4911.5061722222235,0.0
2023-08-27,MAT-API-004,4911.5061722222235,0.0
2023-08-28,MAT-API-004,4911.5061722222235,0.0
2023-08-29,MAT-API-004,4911.5061722222235,0.0
2023-08-30,MAT-API-004,4911.5061722222235,0.0
2023-08-31,MAT-API-004,4911.5061722222235,0.0
2023-09-01,MAT-API-004,4911.5061722222235,0.0
2023-09-02,MAT-API-004,4911.5061722222235,0.0
2023-09-03,MAT-API-004,4911.5061722222235,0.0
2023-09-04,MAT-API-004,4052.6151722222235,858.891
2023-09-05,MAT-API-004,4052.6151722222235,0.0
2023-09-06,MAT-API-004,4052.6151722222235,0.0
2023-09-07,MAT-API-004,4052.6151722222235,0.0
2023-09-08,MAT-API-004,4052.6151722222235,0.0
2023-09-09,MAT-API-004,4052.6151722222235,0.0
2023-09-10,MAT-API-004,4052.6151722222235,0.0
2023-09-11,MAT-API-004,4052.6151722222235,0.0
2023-09-12,MAT-API-004,4052.6151722222235,0.0
2023-09-13,MAT-API-004,4052.6151722222235,0.0
2023-09-14,MAT-API-004,4052.6151722222235,0.0
2023-09-15,MAT-API-004,4052.6151722222235,0.0
2023-09-16,MAT-API-004,4052.6151722222235,0.0
2023-09-17,MAT-API-004,4052.6151722222235,0.0
2023-09-18,MAT-API-004,3402.5283722222234,650.0868
2023-09-19,MAT-API-004,3402.5283722222234,0.0
2023-09-20,MAT-API-004,3402.5283722222234,0.0
2023-09-21,MAT-API-004,3402.5283722222234,0.0
2023-09-22,MAT-API-004,3402.5283722222234,0.0
2023-09-23,MAT-API-004,3402.5283722222234,0.0
2023-09-24,MAT-API-004,3402.5283722222234,0.0
2023-09-25,MAT-API-004,3402.5283722222234,0.0
2023-09-26,MAT-API-004,3402.5283722222234,0.0
2023-09-27,MAT-API-004,3402.5283722222234,0.0
2023-09-28,MAT-API-004,3402.5283722222234,0.0
2023-09-29,MAT-API-004,3402.5283722222234,0.0
2023-09-30,MAT-API-004,3402.5283722222234,0.0
2023-10-01,MAT-API-004,3402.5283722222234,0.0
2023-10-02,MAT-API-004,3402.5283722222234,0.0
2023-10-03,MAT-API-004,3402.5283722222234,0.0
2023-10-04,MAT-API-004,3402.5283722222234,0.0
2023-10-05,MAT-API-004,3402.5283722222234,0.0
2023-10-06,MAT-API-004,3402.5283722222234,0.0
2023-10-07,MAT-API-004,3402.5283722222234,0.0
2023-10-08,MAT-API-004,3402.5283722222234,0.0
2023-10-09,MAT-API-004,3402.5283722222234,0.0
2023-10-10,MAT-API-004,3402.5283722222234,0.0
2023-10-11,MAT-API-004,3402.5283722222234,0.0
2023-10-12,MAT-API-004,3402.5283722222234,0.0
2023-10-13,MAT-API-004,3402.5283722222234,0.0
2023-10-14,MAT-API-004,3402.5283722222234,0.0
2023-10-15,MAT-API-004,3402.5283722222234,0.0
2023-10-16,MAT-API-004,3402.5283722222234,0.0
2023-10-17,MAT-API-004,2651.4802722222234,751.0480999999999
2023-10-18,MAT-API-004,2651.4802722222234,0.0
2023-10-19,MAT-API-004,2651.4802722222234,0.0
2023-10-20,MAT-API-004,2651.4802722222234,0.0
2023-10-21,MAT-API-004,2651.4802722222234,0.0
2023-10-22,MAT-API-004,2651.4802722222234,0.0
2023-10-23,MAT-API-004,2651.4802722222234,0.0
2023-10-24,MAT-API-004,2651.4802722222234,0.0
2023-10-25,MAT-API-004,2651.4802722222234,0.0
2023-10-26,MAT-API-004,2651.4802722222234,0.0
2023-10-27,MAT-API-004,2651.4802722222234,0.0
2023-10-28,MAT-API-004,2651.4802722222234,0.0
2023-10-29,MAT-API-004,2651.4802722222234,0.0
2023-10-30,MAT-API-004,2651.4802722222234,0.0
2023-10-31,MAT-API-004,2651.4802722222234,0.0
2023-11-01,MAT-API-004,2651.4802722222234,0.0
2023-11-02,MAT-API-004,1889.2682722222235,762.212
2023-11-03,MAT-API-004,1889.2682722222235,0.0
2023-11-04,MAT-API-004,1889.2682722222235,0.0
2023-11-05,MAT-API-004,1889.2682722222235,0.0
2023-11-06,MAT-API-004,1889.2682722222235,0.0
2023-11-07,MAT-API-004,1889.2682722222235,0.0
2023-11-08,MAT-API-004,1889.2682722222235,0.0
2023-11-09,MAT-API-004,1889.2682722222235,0.0
2023-11-10,MAT-API-004,1889.2682722222235,0.0
2023-11-11,MAT-API-004,1889.2682722222235,0.0
2023-11-12,MAT-API-004,1889.2682722222235,0.0
2023-11-13,MAT-API-004,1889.2682722222235,0.0
2023-11-14,MAT-API-004,5971.216472222222,0.0
2023-11-15,MAT-API-004,5971.216472222222,0.0
2023-11-16,MAT-API-004,5971.216472222222,0.0
2023-11-17,MAT-API-004,5971.216472222222,0.0
2023-11-18,MAT-API-004,5971.216472222222,0.0
2023-11-19,MAT-API-004,5971.216472222222,0.0
2023-11-20,MAT-API-004,5211.809472222222,759.4069999999999
2023-11-21,MAT-API-004,5211.809472222222,0.0
2023-11-22,MAT-API-004,5211.809472222222,0.0
2023-11-23,MAT-API-004,5211.809472222222,0.0
2023-11-24,MAT-API-004,5211.809472222222,0.0
2023-11-25,MAT-API-004,5211.809472222222,0.0
2023-11-26,MAT-API-004,5211.809472222222,0.0
2023-11-27,MAT-API-004,5211.809472222222,0.0
2023-11-28,MAT-API-004,5211.809472222222,0.0
2023-11-29,MAT-API-004,5211.809472222222,0.0
2023-11-30,MAT-API-004,5211.809472222222,0.0
2023-12-01,MAT-API-004,5211.809472222222,0.0
2023-12-02,MAT-API-004,5211.809472222222,0.0
2023-12-03,MAT-API-004,5211.809472222222,0.0
2023-12-04,MAT-API-004,5211.809472222222,0.0
2023-12-05,MAT-API-004,4481.293972222222,730.5155
2023-12-06,MAT-API-004,4481.293972222222,0.0
2023-12-07,MAT-API-004,4481.293972222222,0.0
2023-12-08,MAT-API-004,4481.293972222222,0.0
2023-12-09,MAT-API-004,4481.293972222222,0.0
2023-12-10,MAT-API-004,4481.293972222222,0.0
2023-12-11,MAT-API-004,4481.293972222222,0.0
2023-12-12,MAT-API-004,4481.293972222222,0.0
2023-12-13,MAT-API-004,4481.293972222222,0.0
2023-12-14,MAT-API-004,4481.293972222222,0.0
2023-12-15,MAT-API-004,4481.293972222222,0.0
2023-12-16,MAT-API-004,4481.293972222222,0.0
2023-12-17,MAT-API-004,4481.293972222222,0.0
2023-12-18,MAT-API-004,4481.293972222222,0.0
2023-12-19,MAT-API-004,4481.293972222222,0.0
2023-12-20,MAT-API-004,4481.293972222222,0.0
2023-12-21,MAT-API-004,3805.101972222222,676.1919999999999
2023-12-22,MAT-API-004,3805.101972222222,0.0
2023-12-23,MAT-API-004,3805.101972222222,0.0
2023-12-24,MAT-API-004,3805.101972222222,0.0
2023-12-25,MAT-API-004,3805.101972222222,0.0
2023-12-26,MAT-API-004,3805.101972222222,0.0
2023-12-27,MAT-API-004,3805.101972222222,0.0
2023-12-28,MAT-API-004,3805.101972222222,0.0
2023-12-29,MAT-API-004,3805.101972222222,0.0
2023-12-30,MAT-API-004,3805.101972222222,0.0
2023-12-31,MAT-API-004,3805.101972222222,0.0
2024-01-01,MAT-API-004,3805.101972222222,0.0
2024-01-02,MAT-API-004,3805.101972222222,0.0
2024-01-03,MAT-API-004,3805.101972222222,0.0
2024-01-04,MAT-API-004,3805.101972222222,0.0
2024-01-05,MAT-API-004,3145.908272222222,659.1936999999999
2024-01-06,MAT-API-004,3145.908272222222,0.0
2024-01-07,MAT-API-004,3145.908272222222,0.0
2024-01-08,MAT-API-004,3145.908272222222,0.0
2024-01-09,MAT-API-004,3145.908272222222,0.0
2024-01-10,MAT-API-004,3145.908272222222,0.0
2024-01-11,MAT-API-004,3145.908272222222,0.0
2024-01-12,MAT-API-004,3145.908272222222,0.0
2024-01-13,MAT-API-004,3145.908272222222,0.0
2024-01-14,MAT-API-004,3145.908272222222,0.0
2024-01-15,MAT-API-004,3145.908272222222,0.0
2024-01-16,MAT-API-004,3145.908272222222,0.0
2024-01-17,MAT-API-004,3145.908272222222,0.0
2024-01-18,MAT-API-004,3145.908272222222,0.0
2024-01-19,MAT-API-004,3145.908272222222,0.0
2024-01-20,MAT-API-004,3145.908272222222,0.0
2024-01-21,MAT-API-004,3145.908272222222,0.0
2024-01-22,MAT-API-004,2482.881072222222,663.0272
2024-01-23,MAT-API-004,2482.881072222222,0.0
2024-01-24,MAT-API-004,2482.881072222222,0.0
2024-01-25,MAT-API-004,2482.881072222222,0.0
2024-01-26,MAT-API-004,2482.881072222222,0.0
2024-01-27,MAT-API-004,2482.881072222222,0.0
2024-01-28,MAT-API-004,2482.881072222222,0.0
2024-01-29,MAT-API-004,2482.881072222222,0.0
2024-01-30,MAT-API-004,2482.881072222222,0.0
2024-01-31,MAT-API-004,2482.881072222222,0.0
2024-02-01,MAT-API-004,2482.881072222222,0.0
2024-02-02,MAT-API-004,2482.881072222222,0.0
2024-02-03,MAT-API-004,2482.881072222222,0.0
2024-02-04,MAT-API-004,2482.881072222222,0.0
2024-02-05,MAT-API-004,1756.554372222222,726.3267
2024-02-06,MAT-API-004,1756.554372222222,0.0
2024-02-07,MAT-API-004,1756.554372222222,0.0
2024-02-08,MAT-API-004,1756.554372222222,0.0
2024-02-09,MAT-API-004,1756.554372222222,0.0
2024-02-10,MAT-API-004,1756.554372222222,0.0
2024-02-11,MAT-API-004,1756.554372222222,0.0
2024-02-12,MAT-API-004,1756.554372222222,0.0
2024-02-13,MAT-API-004,1756.554372222222,0.0
2024-02-14,MAT-API-004,1756.554372222222,0.0
2024-02-15,MAT-API-004,1756.554372222222,0.0
2024-02-16,MAT-API-004,1756.554372222222,0.0
2024-02-17,MAT-API-004,1756.554372222222,0.0
2024-02-18,MAT-API-004,1756.554372222222,0.0
2024-02-19,MAT-API-004,1756.554372222222,0.0
2024-02-20,MAT-API-004,5409.823772222223,0.0
2024-02-21,MAT-API-004,5409.823772222223,0.0
2024-02-22,MAT-API-004,4673.492572222223,736.3312
2024-02-23,MAT-API-004,4673.492572222223,0.0
2024-02-24,MAT-API-004,4673.492572222223,0.0
2024-02-25,MAT-API-004,4673.492572222223,0.0
2024-02-26,MAT-API-004,4673.492572222223,0.0
2024-02-27,MAT-API-004,4673.492572222223,0.0
2024-02-28,MAT-API-004,4673.492572222223,0.0
2024-02-29,MAT-API-004,4673.492572222223,0.0
2024-03-01,MAT-API-004,4673.492572222223,0.0
2024-03-02,MAT-API-004,4673.492572222223,0.0
2024-03-03,MAT-API-004,4673.492572222223,0.0
2024-03-04,MAT-API-004,4673.492572222223,0.0
2024-03-05,MAT-API-004,4673.492572222223,0.0
2024-03-06,MAT-API-004,4673.492572222223,0.0
2024-03-07,MAT-API-004,4673.492572222223,0.0
2024-03-08,MAT-API-004,4673.492572222223,0.0
2024-03-09,MAT-API-004,4673.492572222223,0.0
2024-03-10,MAT-API-004,4673.492572222223,0.0
2024-03-11,MAT-API-004,3956.1231722222233,717.3694
2024-03-12,MAT-API-004,3956.1231722222233,0.0
2024-03-13,MAT-API-004,3956.1231722222233,0.0
2024-03-14,MAT-API-004,3956.1231722222233,0.0
2024-03-15,MAT-API-004,3956.1231722222233,0.0
2024-03-16,MAT-API-004,3956.1231722222233,0.0
2024-03-17,MAT-API-004,3956.1231722222233,0.0
2024-03-18,MAT-API-004,3956.1231722222233,0.0
2024-03-19,MAT-API-004,3956.1231722222233,0.0
2024-03-20,MAT-API-004,3956.1231722222233,0.0
2024-03-21,MAT-API-004,3956.1231722222233,0.0
2024-03-22,MAT-API-004,3956.1231722222233,0.0
2024-03-23,MAT-API-004,3956.1231722222233,0.0
2024-03-24,MAT-API-004,3956.1231722222233,0.0
2024-03-25,MAT-API-004,3195.781172222223,760.3419999999999
2024-03-26,MAT-API-004,3195.781172222223,0.0
2024-03-27,MAT-API-004,3195.781172222223,0.0
2024-03-28,MAT-API-004,3195.781172222223,0.0
2024-03-29,MAT-API-004,3195.781172222223,0.0
2024-03-30,MAT-API-004,3195.781172222223,0.0
2024-03-31,MAT-API-004,3195.781172222223,0.0
2024-04-01,MAT-API-004,3195.781172222223,0.0
2024-04-02,MAT-API-004,3195.781172222223,0.0
2024-04-03,MAT-API-004,3195.781172222223,0.0
2024-04-04,MAT-API-004,3195.781172222223,0.0
2024-04-05,MAT-API-004,3195.781172222223,0.0
2024-04-06,MAT-API-004,3195.781172222223,0.0
2024-04-07,MAT-API-004,3195.781172222223,0.0
2024-04-08,MAT-API-004,3195.781172222223,0.0
2024-04-09,MAT-API-004,3195.781172222223,0.0
2024-04-10,MAT-API-004,3195.781172222223,0.0
2024-04-11,MAT-API-004,3195.781172222223,0.0
2024-04-12,MAT-API-004,3195.781172222223,0.0
2024-04-13,MAT-API-004,3195.781172222223,0.0
2024-04-14,MAT-API-004,3195.781172222223,0.0
2024-04-15,MAT-API-004,3195.781172222223,0.0
2024-04-16,MAT-API-004,3195.781172222223,0.0
2024-04-17,MAT-API-004,3195.781172222223,0.0
2024-04-18,MAT-API-004,3195.781172222223,0.0
2024-04-19,MAT-API-004,3195.781172222223,0.0
2024-04-20,MAT-API-004,3195.781172222223,0.0
2024-04-21,MAT-API-004,3195.781172222223,0.0
2024-04-22,MAT-API-004,2509.9212722222233,685.8598999999999
2024-04-23,MAT-API-004,2509.9212722222233,0.0
2024-04-24,MAT-API-004,2509.9212722222233,0.0
2024-04-25,MAT-API-004,2509.9212722222233,0.0
2024-04-26,MAT-API-004,2509.9212722222233,0.0
2024-04-27,MAT-API-004,2509.9212722222233,0.0
2024-04-28,MAT-API-004,2509.9212722222233,0.0
2024-04-29,MAT-API-004,2509.9212722222233,0.0
2024-04-30,MAT-API-004,2509.9212722222233,0.0
2024-05-01,MAT-API-004,2509.9212722222233,0.0
2024-05-02,MAT-API-004,2509.9212722222233,0.0
2024-05-03,MAT-API-004,2509.9212722222233,0.0
2024-05-04,MAT-API-004,2509.9212722222233,0.0
2024-05-05,MAT-API-004,2509.9212722222233,0.0
2024-05-06,MAT-API-004,1694.5077722222234,815.4134999999999
2024-05-07,MAT-API-004,1694.5077722222234,0.0
2024-05-08,MAT-API-004,1694.5077722222234,0.0
2024-05-09,MAT-API-004,1694.5077722222234,0.0
2024-05-10,MAT-API-004,1694.5077722222234,0.0
2024-05-11,MAT-API-004,1694.5077722222234,0.0
2024-05-12,MAT-API-004,1694.5077722222234,0.0
2024-05-13,MAT-API-004,1694.5077722222234,0.0
2024-05-14,MAT-API-004,1694.5077722222234,0.0
2024-05-15,MAT-API-004,1694.5077722222234,0.0
2024-05-16,MAT-API-004,5872.947972222222,0.0
2024-05-17,MAT-API-004,5872.947972222222,0.0
2024-05-18,MAT-API-004,5872.947972222222,0.0
2024-05-19,MAT-API-004,5872.947972222222,0.0
2024-05-20,MAT-API-004,5872.947972222222,0.0
2024-05-21,MAT-API-004,5872.947972222222,0.0
2024-05-22,MAT-API-004,5111.315672222222,761.6323
2024-05-23,MAT-API-004,5111.315672222222,0.0
2024-05-24,MAT-API-004,5111.315672222222,0.0
2024-05-25,MAT-API-004,5111.315672222222,0.0
2024-05-26,MAT-API-004,5111.315672222222,0.0
2024-05-27,MAT-API-004,5111.315672222222,0.0
2024-05-28,MAT-API-004,5111.315672222222,0.0
2024-05-29,MAT-API-004,5111.315672222222,0.0
2024-05-30,MAT-API-004,5111.315672222222,0.0
2024-05-31,MAT-API-004,5111.315672222222,0.0
2024-06-01,MAT-API-004,5111.315672222222,0.0
2024-06-02,MAT-API-004,5111.315672222222,0.0
2024-06-03,MAT-API-004,5111.315672222222,0.0
2024-06-04,MAT-API-004,5111.315672222222,0.0
2024-06-05,MAT-API-004,4391.646172222222,719.6695
2024-06-06,MAT-API-004,4391.646172222222,0.0
2024-06-07,MAT-API-004,4391.646172222222,0.0
2024-06-08,MAT-API-004,4391.646172222222,0.0
2024-06-09,MAT-API-004,4391.646172222222,0.0
2024-06-10,MAT-API-004,4391.646172222222,0.0
2024-06-11,MAT-API-004,4391.646172222222,0.0
2024-06-12,MAT-API-004,4391.646172222222,0.0
2024-06-13,MAT-API-004,4391.646172222222,0.0
2024-06-14,MAT-API-004,4391.646172222222,0.0
2024-06-15,MAT-API-004,4391.646172222222,0.0
2024-06-16,MAT-API-004,4391.646172222222,0.0
2024-06-17,MAT-API-004,4391.646172222222,0.0
2024-06-18,MAT-API-004,3689.872572222222,701.7736
2024-06-19,MAT-API-004,3689.872572222222,0.0
2024-06-20,MAT-API-004,3689.872572222222,0.0
2024-06-21,MAT-API-004,3689.872572222222,0.0
2024-06-22,MAT-API-004,3689.872572222222,0.0
2024-06-23,MAT-API-004,3689.872572222222,0.0
2024-06-24,MAT-API-004,3689.872572222222,0.0
2024-06-25,MAT-API-004,3689.872572222222,0.0
2024-06-26,MAT-API-004,3689.872572222222,0.0
2024-06-27,MAT-API-004,3689.872572222222,0.0
2024-06-28,MAT-API-004,3689.872572222222,0.0
2024-06-29,MAT-API-004,3689.872572222222,0.0
2024-06-30,MAT-API-004,3689.872572222222,0.0
2024-07-01,MAT-API-004,2889.6247722222224,800.2477999999999
2024-07-02,MAT-API-004,2889.6247722222224,0.0
2024-07-03,MAT-API-004,2889.6247722222224,0.0
2024-07-04,MAT-API-004,2889.6247722222224,0.0
2024-07-05,MAT-API-004,2889.6247722222224,0.0
2024-07-06,MAT-API-004,2889.6247722222224,0.0
2024-07-07,MAT-API-004,2889.6247722222224,0.0
2024-07-08,MAT-API-004,2889.6247722222224,0.0
2024-07-09,MAT-API-004,2889.6247722222224,0.0
2024-07-10,MAT-API-004,2889.6247722222224,0.0
2024-07-11,MAT-API-004,2889.6247722222224,0.0
2024-07-12,MAT-API-004,2889.6247722222224,0.0
2024-07-13,MAT-API-004,2889.6247722222224,0.0
2024-07-14,MAT-API-004,2889.6247722222224,0.0
2024-07-15,MAT-API-004,2020.9536722222224,868.6711
2024-07-16,MAT-API-004,2020.9536722222224,0.0
2024-07-17,MAT-API-004,2020.9536722222224,0.0
2024-07-18,MAT-API-004,2020.9536722222224,0.0
2024-07-19,MAT-API-004,2020.9536722222224,0.0
2024-07-20,MAT-API-004,2020.9536722222224,0.0
2024-07-21,MAT-API-004,2020.9536722222224,0.0
2024-07-22,MAT-API-004,2020.9536722222224,0.0
2024-07-23,MAT-API-004,2020.9536722222224,0.0
2024-07-24,MAT-API-004,2020.9536722222224,0.0
2024-07-25,MAT-API-004,2020.9536722222224,0.0
2024-07-26,MAT-API-004,2020.9536722222224,0.0
2024-07-27,MAT-API-004,2020.9536722222224,0.0
2024-07-28,MAT-API-004,2020.9536722222224,0.0
2024-07-29,MAT-API-004,1234.1698722222225,786.7837999999999
2024-07-30,MAT-API-004,1234.1698722222225,0.0
2024-07-31,MAT-API-004,1234.1698722222225,0.0
2024-08-01,MAT-API-004,1234.1698722222225,0.0
2024-08-02,MAT-API-004,1234.1698722222225,0.0
2024-08-03,MAT-API-004,1234.1698722222225,0.0
2024-08-04,MAT-API-004,1234.1698722222225,0.0
2024-08-05,MAT-API-004,1234.1698722222225,0.0
2024-08-06,MAT-API-004,1234.1698722222225,0.0
2024-08-07,MAT-API-004,1234.1698722222225,0.0
2024-08-08,MAT-API-004,4977.0870722222235,0.0
2024-08-09,MAT-API-004,4977.0870722222235,0.0
2024-08-10,MAT-API-004,4977.0870722222235,0.0
2024-08-11,MAT-API-004,4977.0870722222235,0.0
2024-08-12,MAT-API-004,4977.0870722222235,0.0
2024-08-13,MAT-API-004,4977.0870722222235,0.0
2024-08-14,MAT-API-004,4977.0870722222235,0.0
2024-08-15,MAT-API-004,4324.251372222224,652.8357
2024-08-16,MAT-API-004,4324.251372222224,0.0
2024-08-17,MAT-API-004,4324.251372222224,0.0
2024-08-18,MAT-API-004,4324.251372222224,0.0
2024-08-19,MAT-API-004,4324.251372222224,0.0
2024-08-20,MAT-API-004,4324.251372222224,0.0
2024-08-21,MAT-API-004,4324.251372222224,0.0
2024-08-22,MAT-API-004,4324.251372222224,0.0
2024-08-23,MAT-API-004,4324.251372222224,0.0
2024-08-24,MAT-API-004,4324.251372222224,0.0
2024-08-25,MAT-API-004,4324.251372222224,0.0
2024-08-26,MAT-API-004,4324.251372222224,0.0
2024-08-27,MAT-API-004,4324.251372222224,0.0
2024-08-28,MAT-API-004,3594.783072222224,729.4683
2024-08-29,MAT-API-004,3594.783072222224,0.0
2024-08-30,MAT-API-004,3594.783072222224,0.0
2024-08-31,MAT-API-004,3594.783072222224,0.0
2024-09-01,MAT-API-004,3594.783072222224,0.0
2024-09-02,MAT-API-004,3594.783072222224,0.0
2024-09-03,MAT-API-004,3594.783072222224,0.0
2024-09-04,MAT-API-004,3594.783072222224,0.0
2024-09-05,MAT-API-004,3594.783072222224,0.0
2024-09-06,MAT-API-004,3594.783072222224,0.0
2024-09-07,MAT-API-004,3594.783072222224,0.0
2024-09-08,MAT-API-004,3594.783072222224,0.0
2024-09-09,MAT-API-004,3594.783072222224,0.0
2024-09-10,MAT-API-004,3594.783072222224,0.0
2024-09-11,MAT-API-004,3594.783072222224,0.0
2024-09-12,MAT-API-004,2874.066372222224,720.7167
2024-09-13,MAT-API-004,2874.066372222224,0.0
2024-09-14,MAT-API-004,2874.066372222224,0.0
2024-09-15,MAT-API-004,2874.066372222224,0.0
2024-09-16,MAT-API-004,2874.066372222224,0.0
2024-09-17,MAT-API-004,2874.066372222224,0.0
2024-09-18,MAT-API-004,2874.066372222224,0.0
2024-09-19,MAT-API-004,2874.066372222224,0.0
2024-09-20,MAT-API-004,2874.066372222224,0.0
2024-09-21,MAT-API-004,2874.066372222224,0.0
2024-09-22,MAT-API-004,2874.066372222224,0.0
2024-09-23,MAT-API-004,2874.066372222224,0.0
2024-09-24,MAT-API-004,2874.066372222224,0.0
2024-09-25,MAT-API-004,2874.066372222224,0.0
2024-09-26,MAT-API-004,2874.066372222224,0.0
2024-09-27,MAT-API-004,2874.066372222224,0.0
2024-09-28,MAT-API-004,2874.066372222224,0.0
2024-09-29,MAT-API-004,2874.066372222224,0.0
2024-09-30,MAT-API-004,2169.263372222224,704.8029999999999
2024-10-01,MAT-API-004,2169.263372222224,0.0
2024-10-02,MAT-API-004,2169.263372222224,0.0
2024-10-03,MAT-API-004,2169.263372222224,0.0
2024-10-04,MAT-API-004,2169.263372222224,0.0
2024-10-05,MAT-API-004,2169.263372222224,0.0
2024-10-06,MAT-API-004,2169.263372222224,0.0
2024-10-07,MAT-API-004,2169.263372222224,0.0
2024-10-08,MAT-API-004,2169.263372222224,0.0
2024-10-09,MAT-API-004,2169.263372222224,0.0
2024-10-10,MAT-API-004,2169.263372222224,0.0
2024-10-11,MAT-API-004,2169.263372222224,0.0
2024-10-12,MAT-API-004,2169.263372222224,0.0
2024-10-13,MAT-API-004,2169.263372222224,0.0
2024-10-14,MAT-API-004,1470.369572222224,698.8938
2024-10-15,MAT-API-004,1470.369572222224,0.0
2024-10-16,MAT-API-004,1470.369572222224,0.0
2024-10-17,MAT-API-004,5280.681572222223,0.0
2024-10-18,MAT-API-004,5280.681572222223,0.0
2024-10-19,MAT-API-004,5280.681572222223,0.0
2024-10-20,MAT-API-004,5280.681572222223,0.0
2024-10-21,MAT-API-004,5280.681572222223,0.0
2024-10-22,MAT-API-004,5280.681572222223,0.0
2024-10-23,MAT-API-004,5280.681572222223,0.0
2024-10-24,MAT-API-004,5280.681572222223,0.0
2024-10-25,MAT-API-004,5280.681572222223,0.0
2024-10-26,MAT-API-004,5280.681572222223,0.0
2024-10-27,MAT-API-004,5280.681572222223,0.0
2024-10-28,MAT-API-004,5280.681572222223,0.0
2024-10-29,MAT-API-004,5280.681572222223,0.0
2024-10-30,MAT-API-004,5280.681572222223,0.0
2024-10-31,MAT-API-004,5280.681572222223,0.0
2024-11-01,MAT-API-004,5280.681572222223,0.0
2024-11-02,MAT-API-004,5280.681572222223,0.0
2024-11-03,MAT-API-004,5280.681572222223,0.0
2024-11-04,MAT-API-004,5280.681572222223,0.0
2024-11-05,MAT-API-004,5280.681572222223,0.0
2024-11-06,MAT-API-004,5280.681572222223,0.0
2024-11-07,MAT-API-004,5280.681572222223,0.0
2024-11-08,MAT-API-004,5280.681572222223,0.0
2024-11-09,MAT-API-004,5280.681572222223,0.0
2024-11-10,MAT-API-004,5280.681572222223,0.0
2024-11-11,MAT-API-004,5280.681572222223,0.0
2024-11-12,MAT-API-004,4613.858272222223,666.8232999999999
2024-11-13,MAT-API-004,4613.858272222223,0.0
2024-11-14,MAT-API-004,4613.858272222223,0.0
2024-11-15,MAT-API-004,4613.858272222223,0.0
2024-11-16,MAT-API-004,4613.858272222223,0.0
2024-11-17,MAT-API-004,4613.858272222223,0.0
2024-11-18,MAT-API-004,4613.858272222223,0.0
2024-11-19,MAT-API-004,4613.858272222223,0.0
2024-11-20,MAT-API-004,4613.858272222223,0.0
2024-11-21,MAT-API-004,4613.858272222223,0.0
2024-11-22,MAT-API-004,4613.858272222223,0.0
2024-11-23,MAT-API-004,4613.858272222223,0.0
2024-11-24,MAT-API-004,4613.858272222223,0.0
2024-11-25,MAT-API-004,4613.858272222223,0.0
2024-11-26,MAT-API-004,3812.9933722222227,800.8648999999999
2024-11-27,MAT-API-004,3812.9933722222227,0.0
2024-11-28,MAT-API-004,3812.9933722222227,0.0
2024-11-29,MAT-API-004,3812.9933722222227,0.0
2024-11-30,MAT-API-004,3812.9933722222227,0.0
2024-12-01,MAT-API-004,3812.9933722222227,0.0
2024-12-02,MAT-API-004,3812.9933722222227,0.0
2024-12-03,MAT-API-004,3812.9933722222227,0.0
2024-12-04,MAT-API-004,3812.9933722222227,0.0
2024-12-05,MAT-API-004,3812.9933722222227,0.0
2024-12-06,MAT-API-004,3812.9933722222227,0.0
2024-12-07,MAT-API-004,3812.9933722222227,0.0
2024-12-08,MAT-API-004,3812.9933722222227,0.0
2024-12-09,MAT-API-004,3812.9933722222227,0.0
2024-12-10,MAT-API-004,2979.0668722222226,833.9264999999999
2024-12-11,MAT-API-004,2979.0668722222226,0.0
2024-12-12,MAT-API-004,2979.0668722222226,0.0
2024-12-13,MAT-API-004,2979.0668722222226,0.0
2024-12-14,MAT-API-004,2979.0668722222226,0.0
2024-12-15,MAT-API-004,2979.0668722222226,0.0
2024-12-16,MAT-API-004,2979.0668722222226,0.0
2024-12-17,MAT-API-004,2979.0668722222226,0.0
2024-12-18,MAT-API-004,2979.0668722222226,0.0
2024-12-19,MAT-API-004,2979.0668722222226,0.0
2024-12-20,MAT-API-004,2979.0668722222226,0.0
2024-12-21,MAT-API-004,2979.0668722222226,0.0
2024-12-22,MAT-API-004,2979.0668722222226,0.0
2024-12-23,MAT-API-004,2245.017072222223,734.0497999999999
2024-12-24,MAT-API-004,2245.017072222223,0.0
2024-12-25,MAT-API-004,2245.017072222223,0.0
2024-12-26,MAT-API-004,2245.017072222223,0.0
2024-12-27,MAT-API-004,2245.017072222223,0.0
2024-12-28,MAT-API-004,2245.017072222223,0.0
2024-12-29,MAT-API-004,2245.017072222223,0.0
2024-12-30,MAT-API-004,2245.017072222223,0.0
2024-12-31,MAT-API-004,5765.722172222223,0.0
2023-01-01,MAT-API-005,2255.4835453333335,0.0
2023-01-02,MAT-API-005,2255.4835453333335,0.0
2023-01-03,MAT-API-005,2255.4835453333335,0.0
2023-01-04,MAT-API-005,2255.4835453333335,0.0
2023-01-05,MAT-API-005,2255.4835453333335,0.0
2023-01-06,MAT-API-005,2255.4835453333335,0.0
2023-01-07,MAT-API-005,2255.4835453333335,0.0
2023-01-08,MAT-API-005,2255.4835453333335,0.0
2023-01-09,MAT-API-005,2255.4835453333335,0.0
2023-01-10,MAT-API-005,1959.1041253333335,296.37942
2023-01-11,MAT-API-005,1959.1041253333335,0.0
2023-01-12,MAT-API-005,1959.1041253333335,0.0
2023-01-13,MAT-API-005,1959.1041253333335,0.0
2023-01-14,MAT-API-005,1959.1041253333335,0.0
2023-01-15,MAT-API-005,1959.1041253333335,0.0
2023-01-16,MAT-API-005,1959.1041253333335,0.0
2023-01-17,MAT-API-005,1959.1041253333335,0.0
2023-01-18,MAT-API-005,1959.1041253333335,0.0
2023-01-19,MAT-API-005,1959.1041253333335,0.0
2023-01-20,MAT-API-005,1959.1041253333335,0.0
2023-01-21,MAT-API-005,1959.1041253333335,0.0
2023-01-22,MAT-API-005,1959.1041253333335,0.0
2023-01-23,MAT-API-005,1959.1041253333335,0.0
2023-01-24,MAT-API-005,1959.1041253333335,0.0
2023-01-25,MAT-API-005,1959.1041253333335,0.0
2023-01-26,MAT-API-005,1959.1041253333335,0.0
2023-01-27,MAT-API-005,1959.1041253333335,0.0
2023-01-28,MAT-API-005,1959.1041253333335,0.0
2023-01-29,MAT-API-005,1959.1041253333335,0.0
2023-01-30,MAT-API-005,1712.4292553333335,246.67487
2023-01-31,MAT-API-005,1712.4292553333335,0.0
2023-02-01,MAT-API-005,1712.4292553333335,0.0
2023-02-02,MAT-API-005,1712.4292553333335,0.0
2023-02-03,MAT-API-005,1712.4292553333335,0.0
2023-02-04,MAT-API-005,1712.4292553333335,0.0
2023-02-05,MAT-API-005,1712.4292553333335,0.0
2023-02-06,MAT-API-005,1712.4292553333335,0.0
2023-02-07,MAT-API-005,1712.4292553333335,0.0
2023-02-08,MAT-API-005,1712.4292553333335,0.0
2023-02-09,MAT-API-005,1712.4292553333335,0.0
2023-02-10,MAT-API-005,1712.4292553333335,0.0
2023-02-11,MAT-API-005,1712.4292553333335,0.0
2023-02-12,MAT-API-005,1712.4292553333335,0.0
2023-02-13,MAT-API-005,1712.4292553333335,0.0
2023-02-14,MAT-API-005,1712.4292553333335,0.0
2023-02-15,MAT-API-005,1712.4292553333335,0.0
2023-02-16,MAT-API-005,1712.4292553333335,0.0
2023-02-17,MAT-API-005,1417.2133153333334,295.21594
2023-02-18,MAT-API-005,1417.2133153333334,0.0
2023-02-19,MAT-API-005,1417.2133153333334,0.0
2023-02-20,MAT-API-005,1417.2133153333334,0.0
2023-02-21,MAT-API-005,1417.2133153333334,0.0
2023-02-22,MAT-API-005,1417.2133153333334,0.0
2023-02-23,MAT-API-005,1417.2133153333334,0.0
2023-02-24,MAT-API-005,1417.2133153333334,0.0
2023-02-25,MAT-API-005,1417.2133153333334,0.0
2023-02-26,MAT-API-005,1417.2133153333334,0.0
2023-02-27,MAT-API-005,1417.2133153333334,0.0
2023-02-28,MAT-API-005,1417.2133153333334,0.0
2023-03-01,MAT-API-005,1417.2133153333334,0.0
2023-03-02,MAT-API-005,1417.2133153333334,0.0
2023-03-03,MAT-API-005,1417.2133153333334,0.0
2023-03-04,MAT-API-005,1417.2133153333334,0.0
2023-03-05,MAT-API-005,1417.2133153333334,0.0
2023-03-06,MAT-API-005,1135.2576253333334,281.95569
2023-03-07,MAT-API-005,1135.2576253333334,0.0
2023-03-08,MAT-API-005,1135.2576253333334,0.0
2023-03-09,MAT-API-005,1135.2576253333334,0.0
2023-03-10,MAT-API-005,1135.2576253333334,0.0
2023-03-11,MAT-API-005,1135.2576253333334,0.0
2023-03-12,MAT-API-005,1135.2576253333334,0.0
2023-03-13,MAT-API-005,1135.2576253333334,0.0
2023-03-14,MAT-API-005,1135.2576253333334,0.0
2023-03-15,MAT-API-005,1135.2576253333334,0.0
2023-03-16,MAT-API-005,1135.2576253333334,0.0
2023-03-17,MAT-API-005,1135.2576253333334,0.0
2023-03-18,MAT-API-005,1135.2576253333334,0.0
2023-03-19,MAT-API-005,1135.2576253333334,0.0
2023-03-20,MAT-API-005,1135.2576253333334,0.0
2023-03-21,MAT-API-005,1135.2576253333334,0.0
2023-03-22,MAT-API-005,1135.2576253333334,0.0
2023-03-23,MAT-API-005,1135.2576253333334,0.0
2023-03-24,MAT-API-005,850.6841053333334,284.57352000000003
2023-03-25,MAT-API-005,850.6841053333334,0.0
2023-03-26,MAT-API-005,850.6841053333334,0.0
2023-03-27,MAT-API-005,850.6841053333334,0.0
2023-03-28,MAT-API-005,850.6841053333334,0.0
2023-03-29,MAT-API-005,850.6841053333334,0.0
2023-03-30,MAT-API-005,850.6841053333334,0.0
2023-03-31,MAT-API-005,850.6841053333334,0.0
2023-04-01,MAT-API-005,850.6841053333334,0.0
2023-04-02,MAT-API-005,850.6841053333334,0.0
2023-04-03,MAT-API-005,850.6841053333334,0.0
2023-04-04,MAT-API-005,850.6841053333334,0.0
2023-04-05,MAT-API-005,850.6841053333334,0.0
2023-04-06,MAT-API-005,850.6841053333334,0.0
2023-04-07,MAT-API-005,850.6841053333334,0.0
2023-04-08,MAT-API-005,850.6841053333334,0.0
2023-04-09,MAT-API-005,850.6841053333334,0.0
2023-04-10,MAT-API-005,601.2716353333334,249.41246999999998
2023-04-11,MAT-API-005,601.2716353333334,0.0
2023-04-12,MAT-API-005,601.2716353333334,0.0
2023-04-13,MAT-API-005,601.2716353333334,0.0
2023-04-14,MAT-API-005,601.2716353333334,0.0
2023-04-15,MAT-API-005,601.2716353333334,0.0
2023-04-16,MAT-API-005,601.2716353333334,0.0
2023-04-17,MAT-API-005,601.2716353333334,0.0
2023-04-18,MAT-API-005,601.2716353333334,0.0
2023-04-19,MAT-API-005,601.2716353333334,0.0
2023-04-20,MAT-API-005,601.2716353333334,0.0
2023-04-21,MAT-API-005,601.2716353333334,0.0
2023-04-22,MAT-API-005,601.2716353333334,0.0
2023-04-23,MAT-API-005,601.2716353333334,0.0
2023-04-24,MAT-API-005,601.2716353333334,0.0
2023-04-25,MAT-API-005,601.2716353333334,0.0
2023-04-26,MAT-API-005,601.2716353333334,0.0
2023-04-27,MAT-API-005,330.6940953333334,270.57754
2023-04-28,MAT-API-005,330.6940953333334,0.0
2023-04-29,MAT-API-005,330.6940953333334,0.0
2023-04-30,MAT-API-005,330.6940953333334,0.0
2023-05-01,MAT-API-005,330.6940953333334,0.0
2023-05-02,MAT-API-005,330.6940953333334,0.0
2023-05-03,MAT-API-005,330.6940953333334,0.0
2023-05-04,MAT-API-005,330.6940953333334,0.0
2023-05-05,MAT-API-005,330.6940953333334,0.0
2023-05-06,MAT-API-005,1450.9200153333336,0.0
2023-05-07,MAT-API-005,1450.9200153333336,0.0
2023-05-08,MAT-API-005,1450.9200153333336,0.0
2023-05-09,MAT-API-005,1450.9200153333336,0.0
2023-05-10,MAT-API-005,1450.9200153333336,0.0
2023-05-11,MAT-API-005,1450.9200153333336,0.0
2023-05-12,MAT-API-005,1450.9200153333336,0.0
2023-05-13,MAT-API-005,1450.9200153333336,0.0
2023-05-14,MAT-API-005,1450.9200153333336,0.0
2023-05-15,MAT-API-005,1135.9078053333335,315.01221000000004
2023-05-16,MAT-API-005,1135.9078053333335,0.0
2023-05-17,MAT-API-005,1135.9078053333335,0.0
2023-05-18,MAT-API-005,1135.9078053333335,0.0
2023-05-19,MAT-API-005,1135.9078053333335,0.0
2023-05-20,MAT-API-005,1135.9078053333335,0.0
2023-05-21,MAT-API-005,1135.9078053333335,0.0
2023-05-22,MAT-API-005,1135.9078053333335,0.0
2023-05-23,MAT-API-005,1135.9078053333335,0.0
2023-05-24,MAT-API-005,1135.9078053333335,0.0
2023-05-25,MAT-API-005,1135.9078053333335,0.0
2023-05-26,MAT-API-005,1135.9078053333335,0.0
2023-05-27,MAT-API-005,1135.9078053333335,0.0
2023-05-28,MAT-API-005,1135.9078053333335,0.0
2023-05-29,MAT-API-005,1135.9078053333335,0.0
2023-05-30,MAT-API-005,1135.9078053333335,0.0
2023-05-31,MAT-API-005,1135.9078053333335,0.0
2023-06-01,MAT-API-005,880.9345853333335,254.97321999999997
2023-06-02,MAT-API-005,880.9345853333335,0.0
2023-06-03,MAT-API-005,880.9345853333335,0.0
2023-06-04,MAT-API-005,880.9345853333335,0.0
2023-06-05,MAT-API-005,880.9345853333335,0.0
2023-06-06,MAT-API-005,880.9345853333335,0.0
2023-06-07,MAT-API-005,880.9345853333335,0.0
2023-06-08,MAT-API-005,880.9345853333335,0.0
2023-06-09,MAT-API-005,880.9345853333335,0.0
2023-06-10,MAT-API-005,880.9345853333335,0.0
2023-06-11,MAT-API-005,880.9345853333335,0.0
2023-06-12,MAT-API-005,880.9345853333335,0.0
2023-06-13,MAT-API-005,880.9345853333335,0.0
2023-06-14,MAT-API-005,880.9345853333335,0.0
2023-06-15,MAT-API-005,880.9345853333335,0.0
2023-06-16,MAT-API-005,626.9537453333336,253.98083999999997
2023-06-17,MAT-API-005,626.9537453333336,0.0
2023-06-18,MAT-API-005,626.9537453333336,0.0
2023-06-19,MAT-API-005,626.9537453333336,0.0
2023-06-20,MAT-API-005,626.9537453333336,0.0
2023-06-21,MAT-API-005,626.9537453333336,0.0
2023-06-22,MAT-API-005,626.9537453333336,0.0
2023-06-23,MAT-API-005,626.9537453333336,0.0
2023-06-24,MAT-API-005,626.9537453333336,0.0
2023-06-25,MAT-API-005,626.9537453333336,0.0
2023-06-26,MAT-API-005,626.9537453333336,0.0
2023-06-27,MAT-API-005,626.9537453333336,0.0
2023-06-28,MAT-API-005,626.9537453333336,0.0
2023-06-29,MAT-API-005,626.9537453333336,0.0
2023-06-30,MAT-API-005,331.3956053333336,295.55814
2023-07-01,MAT-API-005,331.3956053333336,0.0
2023-07-02,MAT-API-005,331.3956053333336,0.0
2023-07-03,MAT-API-005,331.3956053333336,0.0
2023-07-04,MAT-API-005,331.3956053333336,0.0
2023-07-05,MAT-API-005,331.3956053333336,0.0
2023-07-06,MAT-API-005,331.3956053333336,0.0
2023-07-07,MAT-API-005,331.3956053333336,0.0
2023-07-08,MAT-API-005,331.3956053333336,0.0
2023-07-09,MAT-API-005,331.3956053333336,0.0
2023-07-10,MAT-API-005,331.3956053333336,0.0
2023-07-11,MAT-API-005,331.3956053333336,0.0
2023-07-12,MAT-API-005,331.3956053333336,0.0
2023-07-13,MAT-API-005,331.3956053333336,0.0
2023-07-14,MAT-API-005,331.3956053333336,0.0
2023-07-15,MAT-API-005,1450.9713453333336,0.0
2023-07-16,MAT-API-005,1450.9713453333336,0.0
2023-07-17,MAT-API-005,1159.7078153333337,291.26353
2023-07-18,MAT-API-005,1159.7078153333337,0.0
2023-07-19,MAT-API-005,1159.7078153333337,0.0
2023-07-20,MAT-API-005,1159.7078153333337,0.0
2023-07-21,MAT-API-005,1159.7078153333337,0.0
2023-07-22,MAT-API-005,1159.7078153333337,0.0
2023-07-23,MAT-API-005,1159.7078153333337,0.0
2023-07-24,MAT-API-005,1159.7078153333337,0.0
2023-07-25,MAT-API-005,1159.7078153333337,0.0
2023-07-26,MAT-API-005,1159.7078153333337,0.0
2023-07-27,MAT-API-005,1159.7078153333337,0.0
2023-07-28,MAT-API-005,1159.7078153333337,0.0
2023-07-29,MAT-API-005,1159.7078153333337,0.0
2023-07-30,MAT-API-005,1159.7078153333337,0.0
2023-07-31,MAT-API-005,1159.7078153333337,0.0
2023-08-01,MAT-API-005,1159.7078153333337,0.0
2023-08-02,MAT-API-005,1159.7078153333337,0.0
2023-08-03,MAT-API-005,1159.7078153333337,0.0
2023-08-04,MAT-API-005,864.3036653333336,295.40415
2023-08-05,MAT-API-005,864.3036653333336,0.0
2023-08-06,MAT-API-005,864.3036653333336,0.0
2023-08-07,MAT-API-005,864.3036653333336,0.0
2023-08-08,MAT-API-005,864.3036653333336,0.0
2023-08-09,MAT-API-005,864.3036653333336,0.0
2023-08-10,MAT-API-005,864.3036653333336,0.0
2023-08-11,MAT-API-005,864.3036653333336,0.0
2023-08-12,MAT-API-005,864.3036653333336,0.0
2023-08-13,MAT-API-005,864.3036653333336,0.0
2023-08-14,MAT-API-005,864.3036653333336,0.0
2023-08-15,MAT-API-005,864.3036653333336,0.0
2023-08-16,MAT-API-005,864.3036653333336,0.0
2023-08-17,MAT-API-005,864.3036653333336,0.0
2023-08-18,MAT-API-005,864.3036653333336,0.0
2023-08-19,MAT-API-005,864.3036653333336,0.0
2023-08-20,MAT-API-005,864.3036653333336,0.0
2023-08-21,MAT-API-005,573.9640753333335,290.33959
2023-08-22,MAT-API-005,573.9640753333335,0.0
2023-08-23,MAT-API-005,573.9640753333335,0.0
2023-08-24,MAT-API-005,573.9640753333335,0.0
2023-08-25,MAT-API-005,573.9640753333335,0.0
2023-08-26,MAT-API-005,573.9640753333335,0.0
2023-08-27,MAT-API-005,573.9640753333335,0.0
2023-08-28,MAT-API-005,573.9640753333335,0.0
2023-08-29,MAT-API-005,573.9640753333335,0.0
2023-08-30,MAT-API-005,573.9640753333335,0.0
2023-08-31,MAT-API-005,573.9640753333335,0.0
2023-09-01,MAT-API-005,573.9640753333335,0.0
2023-09-02,MAT-API-005,573.9640753333335,0.0
2023-09-03,MAT-API-005,573.9640753333335,0.0
2023-09-04,MAT-API-005,573.9640753333335,0.0
2023-09-05,MAT-API-005,573.9640753333335,0.0
2023-09-06,MAT-API-005,261.4841453333335,312.47993
2023-09-07,MAT-API-005,261.4841453333335,0.0
2023-09-08,MAT-API-005,261.4841453333335,0.0
2023-09-09,MAT-API-005,261.4841453333335,0.0
2023-09-10,MAT-API-005,261.4841453333335,0.0
2023-09-11,MAT-API-005,261.4841453333335,0.0
2023-09-12,MAT-API-005,261.4841453333335,0.0
2023-09-13,MAT-API-005,261.4841453333335,0.0
2023-09-14,MAT-API-005,261.4841453333335,0.0
2023-09-15,MAT-API-005,261.4841453333335,0.0
2023-09-16,MAT-API-005,1357.2598753333334,0.0
2023-09-17,MAT-API-005,1357.2598753333334,0.0
2023-09-18,MAT-API-005,1357.2598753333334,0.0
2023-09-19,MAT-API-005,1357.2598753333334,0.0
2023-09-20,MAT-API-005,1357.2598753333334,0.0
2023-09-21,MAT-API-005,1357.2598753333334,0.0
2023-09-22,MAT-API-005,1357.2598753333334,0.0
2023-09-23,MAT-API-005,1357.2598753333334,0.0
2023-09-24,MAT-API-005,1357.2598753333334,0.0
2023-09-25,MAT-API-005,1056.4489653333335,300.81091
2023-09-26,MAT-API-005,1056.4489653333335,0.0
2023-09-27,MAT-API-005,1056.4489653333335,0.0
2023-09-28,MAT-API-005,1056.4489653333335,0.0
2023-09-29,MAT-API-005,1056.4489653333335,0.0
2023-09-30,MAT-API-005,1056.4489653333335,0.0
2023-10-01,MAT-API-005,1056.4489653333335,0.0
2023-10-02,MAT-API-005,1056.4489653333335,0.0
2023-10-03,MAT-API-005,1056.4489653333335,0.0
2023-10-04,MAT-API-005,1056.4489653333335,0.0
2023-10-05,MAT-API-005,1056.4489653333335,0.0
2023-10-06,MAT-API-005,1056.4489653333335,0.0
2023-10-07,MAT-API-005,1056.4489653333335,0.0
2023-10-08,MAT-API-005,1056.4489653333335,0.0
2023-10-09,MAT-API-005,1056.4489653333335,0.0
2023-10-10,MAT-API-005,1056.4489653333335,0.0
2023-10-11,MAT-API-005,1056.4489653333335,0.0
2023-10-12,MAT-API-005,817.7986853333334,238.65028
2023-10-13,MAT-API-005,817.7986853333334,0.0
2023-10-14,MAT-API-005,817.7986853333334,0.0
2023-10-15,MAT-API-005,817.7986853333334,0.0
2023-10-16,MAT-API-005,817.7986853333334,0.0
2023-10-17,MAT-API-005,817.7986853333334,0.0
2023-10-18,MAT-API-005,817.7986853333334,0.0
2023-10-19,MAT-API-005,817.7986853333334,0.0
2023-10-20,MAT-API-005,817.7986853333334,0.0
2023-10-21,MAT-API-005,817.7986853333334,0.0
2023-10-22,MAT-API-005,817.7986853333334,0.0
2023-10-23,MAT-API-005,817.7986853333334,0.0
2023-10-24,MAT-API-005,817.7986853333334,0.0
2023-10-25,MAT-API-005,817.7986853333334,0.0
2023-10-26,MAT-API-005,817.7986853333334,0.0
2023-10-27,MAT-API-005,817.7986853333334,0.0
2023-10-28,MAT-API-005,817.7986853333334,0.0
2023-10-29,MAT-API-005,817.7986853333334,0.0
2023-10-30,MAT-API-005,513.4117853333335,304.38689999999997
2023-10-31,MAT-API-005,513.4117853333335,0.0
2023-11-01,MAT-API-005,513.4117853333335,0.0
2023-11-02,MAT-API-005,513.4117853333335,0.0
2023-11-03,MAT-API-005,513.4117853333335,0.0
2023-11-04,MAT-API-005,513.4117853333335,0.0
2023-11-05,MAT-API-005,513.4117853333335,0.0
2023-11-06,MAT-API-005,513.4117853333335,0.0
2023-11-07,MAT-API-005,513.4117853333335,0.0
2023-11-08,MAT-API-005,513.4117853333335,0.0
2023-11-09,MAT-API-005,513.4117853333335,0.0
2023-11-10,MAT-API-005,513.4117853333335,0.0
2023-11-11,MAT-API-005,513.4117853333335,0.0
2023-11-12,MAT-API-005,513.4117853333335,0.0
2023-11-13,MAT-API-005,513.4117853333335,0.0
2023-11-14,MAT-API-005,268.4650253333334,244.94676
2023-11-15,MAT-API-005,268.4650253333334,0.0
2023-11-16,MAT-API-005,268.4650253333334,0.0
2023-11-17,MAT-API-005,268.4650253333334,0.0
2023-11-18,MAT-API-005,268.4650253333334,0.0
2023-11-19,MAT-API-005,268.4650253333334,0.0
2023-11-20,MAT-API-005,268.4650253333334,0.0
2023-11-21,MAT-API-005,268.4650253333334,0.0
2023-11-22,MAT-API-005,268.4650253333334,0.0
2023-11-23,MAT-API-005,268.4650253333334,0.0
2023-11-24,MAT-API-005,268.4650253333334,0.0
2023-11-25,MAT-API-005,268.4650253333334,0.0
2023-11-26,MAT-API-005,268.4650253333334,0.0
2023-11-27,MAT-API-005,268.4650253333334,0.0
2023-11-28,MAT-API-005,268.4650253333334,0.0
2023-11-29,MAT-API-005,268.4650253333334,0.0
2023-11-30,MAT-API-005,268.4650253333334,0.0
2023-12-01,MAT-API-005,0.0,278.03749999999997
2023-12-02,MAT-API-005,0.0,0.0
2023-12-03,MAT-API-005,0.0,0.0
2023-12-04,MAT-API-005,0.0,0.0
2023-12-05,MAT-API-005,1199.03458,0.0
2023-12-06,MAT-API-005,1199.03458,0.0
2023-12-07,MAT-API-005,1199.03458,0.0
2023-12-08,MAT-API-005,1199.03458,0.0
2023-12-09,MAT-API-005,1199.03458,0.0
2023-12-10,MAT-API-005,1199.03458,0.0
2023-12-11,MAT-API-005,1199.03458,0.0
2023-12-12,MAT-API-005,1199.03458,0.0
2023-12-13,MAT-API-005,1199.03458,0.0
2023-12-14,MAT-API-005,1199.03458,0.0
2023-12-15,MAT-API-005,1199.03458,0.0
2023-12-16,MAT-API-005,1199.03458,0.0
2023-12-17,MAT-API-005,1199.03458,0.0
2023-12-18,MAT-API-005,942.2477,256.78688
2023-12-19,MAT-API-005,942.2477,0.0
2023-12-20,MAT-API-005,942.2477,0.0
2023-12-21,MAT-API-005,942.2477,0.0
2023-12-22,MAT-API-005,942.2477,0.0
2023-12-23,MAT-API-005,942.2477,0.0
2023-12-24,MAT-API-005,942.2477,0.0
2023-12-25,MAT-API-005,942.2477,0.0
2023-12-26,MAT-API-005,942.2477,0.0
2023-12-27,MAT-API-005,942.2477,0.0
2023-12-28,MAT-API-005,942.2477,0.0
2023-12-29,MAT-API-005,942.2477,0.0
2023-12-30,MAT-API-005,942.2477,0.0
2023-12-31,MAT-API-005,942.2477,0.0
2024-01-01,MAT-API-005,942.2477,0.0
2024-01-02,MAT-API-005,942.2477,0.0
2024-01-03,MAT-API-005,942.2477,0.0
2024-01-04,MAT-API-005,942.2477,0.0
2024-01-05,MAT-API-005,672.423,269.8247
2024-01-06,MAT-API-005,672.423,0.0
2024-01-07,MAT-API-005,672.423,0.0
2024-01-08,MAT-API-005,672.423,0.0
2024-01-09,MAT-API-005,672.423,0.0
2024-01-10,MAT-API-005,672.423,0.0
2024-01-11,MAT-API-005,672.423,0.0
2024-01-12,MAT-API-005,672.423,0.0
2024-01-13,MAT-API-005,672.423,0.0
2024-01-14,MAT-API-005,672.423,0.0
2024-01-15,MAT-API-005,672.423,0.0
2024-01-16,MAT-API-005,672.423,0.0
2024-01-17,MAT-API-005,672.423,0.0
2024-01-18,MAT-API-005,672.423,0.0
2024-01-19,MAT-API-005,672.423,0.0
2024-01-20,MAT-API-005,672.423,0.0
2024-01-21,MAT-API-005,672.423,0.0
2024-01-22,MAT-API-005,401.75991,270.66309
2024-01-23,MAT-API-005,401.75991,0.0
2024-01-24,MAT-API-005,401.75991,0.0
2024-01-25,MAT-API-005,401.75991,0.0
2024-01-26,MAT-API-005,401.75991,0.0
2024-01-27,MAT-API-005,1458.2088753333335,0.0
2024-01-28,MAT-API-005,1458.2088753333335,0.0
2024-01-29,MAT-API-005,1458.2088753333335,0.0
2024-01-30,MAT-API-005,1458.2088753333335,0.0
2024-01-31,MAT-API-005,1458.2088753333335,0.0
2024-02-01,MAT-API-005,1458.2088753333335,0.0
2024-02-02,MAT-API-005,1458.2088753333335,0.0
2024-02-03,MAT-API-005,1458.2088753333335,0.0
2024-02-04,MAT-API-005,1458.2088753333335,0.0
2024-02-05,MAT-API-005,1458.2088753333335,0.0
2024-02-06,MAT-API-005,1458.2088753333335,0.0
2024-02-07,MAT-API-005,1458.2088753333335,0.0
2024-02-08,MAT-API-005,1458.2088753333335,0.0
2024-02-09,MAT-API-005,1143.6757453333335,314.53312999999997
2024-02-10,MAT-API-005,1143.6757453333335,0.0
2024-02-11,MAT-API-005,1143.6757453333335,0.0
2024-02-12,MAT-API-005,1143.6757453333335,0.0
2024-02-13,MAT-API-005,1143.6757453333335,0.0
2024-02-14,MAT-API-005,1143.6757453333335,0.0
2024-02-15,MAT-API-005,1143.6757453333335,0.0
2024-02-16,MAT-API-005,1143.6757453333335,0.0
2024-02-17,MAT-API-005,1143.6757453333335,0.0
2024-02-18,MAT-API-005,1143.6757453333335,0.0
2024-02-19,MAT-API-005,1143.6757453333335,0.0
2024-02-20,MAT-API-005,1143.6757453333335,0.0
2024-02-21,MAT-API-005,1143.6757453333335,0.0
2024-02-22,MAT-API-005,1143.6757453333335,0.0
2024-02-23,MAT-API-005,1143.6757453333335,0.0
2024-02-24,MAT-API-005,1143.6757453333335,0.0
2024-02-25,MAT-API-005,1143.6757453333335,0.0
2024-02-26,MAT-API-005,863.2770653333334,280.39868
2024-02-27,MAT-API-005,863.2770653333334,0.0
2024-02-28,MAT-API-005,863.2770653333334,0.0
2024-02-29,MAT-API-005,863.2770653333334,0.0
2024-03-01,MAT-API-005,863.2770653333334,0.0
2024-03-02,MAT-API-005,863.2770653333334,0.0
2024-03-03,MAT-API-005,863.2770653333334,0.0
2024-03-04,MAT-API-005,863.2770653333334,0.0
2024-03-05,MAT-API-005,863.2770653333334,0.0
2024-03-06,MAT-API-005,863.2770653333334,0.0
2024-03-07,MAT-API-005,863.2770653333334,0.0
2024-03-08,MAT-API-005,863.2770653333334,0.0
2024-03-09,MAT-API-005,863.2770653333334,0.0
2024-03-10,MAT-API-005,863.2770653333334,0.0
2024-03-11,MAT-API-005,863.2770653333334,0.0
2024-03-12,MAT-API-005,863.2770653333334,0.0
2024-03-13,MAT-API-005,863.2770653333334,0.0
2024-03-14,MAT-API-005,620.6914853333335,242.58558
2024-03-15,MAT-API-005,620.6914853333335,0.0
2024-03-16,MAT-API-005,620.6914853333335,0.0
2024-03-17,MAT-API-005,620.6914853333335,0.0
2024-03-18,MAT-API-005,620.6914853333335,0.0
2024-03-19,MAT-API-005,620.6914853333335,0.0
2024-03-20,MAT-API-005,620.6914853333335,0.0
2024-03-21,MAT-API-005,620.6914853333335,0.0
2024-03-22,MAT-API-005,620.6914853333335,0.0
2024-03-23,MAT-API-005,620.6914853333335,0.0
2024-03-24,MAT-API-005,620.6914853333335,0.0
2024-03-25,MAT-API-005,620.6914853333335,0.0
2024-03-26,MAT-API-005,620.6914853333335,0.0
2024-03-27,MAT-API-005,620.6914853333335,0.0
2024-03-28,MAT-API-005,620.6914853333335,0.0
2024-03-29,MAT-API-005,345.0664953333335,275.62499
2024-03-30,MAT-API-005,345.0664953333335,0.0
2024-03-31,MAT-API-005,345.0664953333335,0.0
2024-04-01,MAT-API-005,345.0664953333335,0.0
2024-04-02,MAT-API-005,345.0664953333335,0.0
2024-04-03,MAT-API-005,345.0664953333335,0.0
2024-04-04,MAT-API-005,345.0664953333335,0.0
2024-04-05,MAT-API-005,345.0664953333335,0.0
2024-04-06,MAT-API-005,1456.8742953333335,0.0
2024-04-07,MAT-API-005,1456.8742953333335,0.0
2024-04-08,MAT-API-005,1456.8742953333335,0.0
2024-04-09,MAT-API-005,1456.8742953333335,0.0
2024-04-10,MAT-API-005,1456.8742953333335,0.0
2024-04-11,MAT-API-005,1456.8742953333335,0.0
2024-04-12,MAT-API-005,1456.8742953333335,0.0
2024-04-13,MAT-API-005,1456.8742953333335,0.0
2024-04-14,MAT-API-005,1456.8742953333335,0.0
2024-04-15,MAT-API-005,1204.3306953333336,252.5436
2024-04-16,MAT-API-005,1204.3306953333336,0.0
2024-04-17,MAT-API-005,1204.3306953333336,0.0
2024-04-18,MAT-API-005,1204.3306953333336,0.0
2024-04-19,MAT-API-005,1204.3306953333336,0.0
2024-04-20,MAT-API-005,1204.3306953333336,0.0
2024-04-21,MAT-API-005,1204.3306953333336,0.0
2024-04-22,MAT-API-005,1204.3306953333336,0.0
2024-04-23,MAT-API-005,1204.3306953333336,0.0
2024-04-24,MAT-API-005,1204.3306953333336,0.0
2024-04-25,MAT-API-005,1204.3306953333336,0.0
2024-04-26,MAT-API-005,1204.3306953333336,0.0
2024-04-27,MAT-API-005,1204.3306953333336,0.0
2024-04-28,MAT-API-005,1204.3306953333336,0.0
2024-04-29,MAT-API-005,1204.3306953333336,0.0
2024-04-30,MAT-API-005,1204.3306953333336,0.0
2024-05-01,MAT-API-005,1204.3306953333336,0.0
2024-05-02,MAT-API-005,1204.3306953333336,0.0
2024-05-03,MAT-API-005,947.1502853333336,257.18041
2024-05-04,MAT-API-005,947.1502853333336,0.0
2024-05-05,MAT-API-005,947.1502853333336,0.0
2024-05-06,MAT-API-005,947.1502853333336,0.0
2024-05-07,MAT-API-005,947.1502853333336,0.0
2024-05-08,MAT-API-005,947.1502853333336,0.0
2024-05-09,MAT-API-005,947.1502853333336,0.0
2024-05-10,MAT-API-005,947.1502853333336,0.0
2024-05-11,MAT-API-005,947.1502853333336,0.0
2024-05-12,MAT-API-005,947.1502853333336,0.0
2024-05-13,MAT-API-005,947.1502853333336,0.0
2024-05-14,MAT-API-005,947.1502853333336,0.0
2024-05-15,MAT-API-005,947.1502853333336,0.0
2024-05-16,MAT-API-005,947.1502853333336,0.0
2024-05-17,MAT-API-005,947.1502853333336,0.0
2024-05-18,MAT-API-005,947.1502853333336,0.0
2024-05-19,MAT-API-005,947.1502853333336,0.0
2024-05-20,MAT-API-005,947.1502853333336,0.0
2024-05-21,MAT-API-005,700.5780753333336,246.57220999999998
2024-05-22,MAT-API-005,700.5780753333336,0.0
2024-05-23,MAT-API-005,700.5780753333336,0.0
2024-05-24,MAT-API-005,700.5780753333336,0.0
2024-05-25,MAT-API-005,700.5780753333336,0.0
2024-05-26,MAT-API-005,700.5780753333336,0.0
2024-05-27,MAT-API-005,700.5780753333336,0.0
2024-05-28,MAT-API-005,700.5780753333336,0.0
2024-05-29,MAT-API-005,700.5780753333336,0.0
2024-05-30,MAT-API-005,700.5780753333336,0.0
2024-05-31,MAT-API-005,700.5780753333336,0.0
2024-06-01,MAT-API-005,700.5780753333336,0.0
2024-06-02,MAT-API-005,700.5780753333336,0.0
2024-06-03,MAT-API-005,700.5780753333336,0.0
2024-06-04,MAT-API-005,700.5780753333336,0.0
2024-06-05,MAT-API-005,700.5780753333336,0.0
2024-06-06,MAT-API-005,700.5780753333336,0.0
2024-06-07,MAT-API-005,700.5780753333336,0.0
2024-06-08,MAT-API-005,700.5780753333336,0.0
2024-06-09,MAT-API-005,700.5780753333336,0.0
2024-06-10,MAT-API-005,451.79867533333356,248.77939999999998
2024-06-11,MAT-API-005,451.79867533333356,0.0
2024-06-12,MAT-API-005,451.79867533333356,0.0
2024-06-13,MAT-API-005,451.79867533333356,0.0
2024-06-14,MAT-API-005,451.79867533333356,0.0
2024-06-15,MAT-API-005,451.79867533333356,0.0
2024-06-16,MAT-API-005,451.79867533333356,0.0
2024-06-17,MAT-API-005,451.79867533333356,0.0
2024-06-18,MAT-API-005,451.79867533333356,0.0
2024-06-19,MAT-API-005,451.79867533333356,0.0
2024-06-20,MAT-API-005,451.79867533333356,0.0
2024-06-21,MAT-API-005,1502.9515253333334,0.0
2024-06-22,MAT-API-005,1502.9515253333334,0.0
2024-06-23,MAT-API-005,1502.9515253333334,0.0
2024-06-24,MAT-API-005,1502.9515253333334,0.0
2024-06-25,MAT-API-005,1202.8421253333333,300.1094
2024-06-26,MAT-API-005,1202.8421253333333,0.0
2024-06-27,MAT-API-005,1202.8421253333333,0.0
2024-06-28,MAT-API-005,1202.8421253333333,0.0
2024-06-29,MAT-API-005,1202.8421253333333,0.0
2024-06-30,MAT-API-005,1202.8421253333333,0.0
2024-07-01,MAT-API-005,1202.8421253333333,0.0
2024-07-02,MAT-API-005,1202.8421253333333,0.0
2024-07-03,MAT-API-005,1202.8421253333333,0.0
2024-07-04,MAT-API-005,1202.8421253333333,0.0
2024-07-05,MAT-API-005,1202.8421253333333,0.0
2024-07-06,MAT-API-005,1202.8421253333333,0.0
2024-07-07,MAT-API-005,1202.8421253333333,0.0
2024-07-08,MAT-API-005,1202.8421253333333,0.0
2024-07-09,MAT-API-005,1202.8421253333333,0.0
2024-07-10,MAT-API-005,1202.8421253333333,0.0
2024-07-11,MAT-API-005,926.0707653333334,276.77135999999996
2024-07-12,MAT-API-005,926.0707653333334,0.0
2024-07-13,MAT-API-005,926.0707653333334,0.0
2024-07-14,MAT-API-005,926.0707653333334,0.0
2024-07-15,MAT-API-005,926.0707653333334,0.0
2024-07-16,MAT-API-005,926.0707653333334,0.0
2024-07-17,MAT-API-005,926.0707653333334,0.0
2024-07-18,MAT-API-005,926.0707653333334,0.0
2024-07-19,MAT-API-005,926.0707653333334,0.0
2024-07-20,MAT-API-005,926.0707653333334,0.0
2024-07-21,MAT-API-005,926.0707653333334,0.0
2024-07-22,MAT-API-005,926.0707653333334,0.0
2024-07-23,MAT-API-005,926.0707653333334,0.0
2024-07-24,MAT-API-005,926.0707653333334,0.0
2024-07-25,MAT-API-005,926.0707653333334,0.0
2024-07-26,MAT-API-005,682.6981253333333,243.37264
2024-07-27,MAT-API-005,682.6981253333333,0.0
2024-07-28,MAT-API-005,682.6981253333333,0.0
2024-07-29,MAT-API-005,682.6981253333333,0.0
2024-07-30,MAT-API-005,682.6981253333333,0.0
2024-07-31,MAT-API-005,682.6981253333333,0.0
2024-08-01,MAT-API-005,682.6981253333333,0.0
2024-08-02,MAT-API-005,682.6981253333333,0.0
2024-08-03,MAT-API-005,682.6981253333333,0.0
2024-08-04,MAT-API-005,682.6981253333333,0.0
2024-08-05,MAT-API-005,682.6981253333333,0.0
2024-08-06,MAT-API-005,682.6981253333333,0.0
2024-08-07,MAT-API-005,682.6981253333333,0.0
2024-08-08,MAT-API-005,682.6981253333333,0.0
2024-08-09,MAT-API-005,682.6981253333333,0.0
2024-08-10,MAT-API-005,682.6981253333333,0.0
2024-08-11,MAT-API-005,682.6981253333333,0.0
2024-08-12,MAT-API-005,682.6981253333333,0.0
2024-08-13,MAT-API-005,429.96631533333334,252.73181
2024-08-14,MAT-API-005,429.96631533333334,0.0
2024-08-15,MAT-API-005,429.96631533333334,0.0
2024-08-16,MAT-API-005,429.96631533333334,0.0
2024-08-17,MAT-API-005,429.96631533333334,0.0
2024-08-18,MAT-API-005,429.96631533333334,0.0
2024-08-19,MAT-API-005,429.96631533333334,0.0
2024-08-20,MAT-API-005,429.96631533333334,0.0
2024-08-21,MAT-API-005,429.96631533333334,0.0
2024-08-22,MAT-API-005,429.96631533333334,0.0
2024-08-23,MAT-API-005,429.96631533333334,0.0
2024-08-24,MAT-API-005,429.96631533333334,0.0
2024-08-25,MAT-API-005,429.96631533333334,0.0
2024-08-26,MAT-API-005,429.96631533333334,0.0
2024-08-27,MAT-API-005,160.94578533333333,269.02053
2024-08-28,MAT-API-005,160.94578533333333,0.0
2024-08-29,MAT-API-005,160.94578533333333,0.0
2024-08-30,MAT-API-005,160.94578533333333,0.0
2024-08-31,MAT-API-005,160.94578533333333,0.0
2024-09-01,MAT-API-005,160.94578533333333,0.0
2024-09-02,MAT-API-005,160.94578533333333,0.0
2024-09-03,MAT-API-005,160.94578533333333,0.0
2024-09-04,MAT-API-005,160.94578533333333,0.0
2024-09-05,MAT-API-005,160.94578533333333,0.0
2024-09-06,MAT-API-005,160.94578533333333,0.0
2024-09-07,MAT-API-005,160.94578533333333,0.0
2024-09-08,MAT-API-005,160.94578533333333,0.0
2024-09-09,MAT-API-005,1213.5872053333335,0.0
2024-09-10,MAT-API-005,1213.5872053333335,0.0
2024-09-11,MAT-API-005,1213.5872053333335,0.0
2024-09-12,MAT-API-005,905.8467453333335,307.74046
2024-09-13,MAT-API-005,905.8467453333335,0.0
2024-09-14,MAT-API-005,905.8467453333335,0.0
2024-09-15,MAT-API-005,905.8467453333335,0.0
2024-09-16,MAT-API-005,905.8467453333335,0.0
2024-09-17,MAT-API-005,905.8467453333335,0.0
2024-09-18,MAT-API-005,905.8467453333335,0.0
2024-09-19,MAT-API-005,905.8467453333335,0.0
2024-09-20,MAT-API-005,905.8467453333335,0.0
2024-09-21,MAT-API-005,905.8467453333335,0.0
2024-09-22,MAT-API-005,905.8467453333335,0.0
2024-09-23,MAT-API-005,905.8467453333335,0.0
2024-09-24,MAT-API-005,905.8467453333335,0.0
2024-09-25,MAT-API-005,905.8467453333335,0.0
2024-09-26,MAT-API-005,905.8467453333335,0.0
2024-09-27,MAT-API-005,905.8467453333335,0.0
2024-09-28,MAT-API-005,905.8467453333335,0.0
2024-09-29,MAT-API-005,905.8467453333335,0.0
2024-09-30,MAT-API-005,664.1679953333335,241.67874999999998
2024-10-01,MAT-API-005,664.1679953333335,0.0
2024-10-02,MAT-API-005,664.1679953333335,0.0
2024-10-03,MAT-API-005,664.1679953333335,0.0
2024-10-04,MAT-API-005,664.1679953333335,0.0
2024-10-05,MAT-API-005,664.1679953333335,0.0
2024-10-06,MAT-API-005,664.1679953333335,0.0
2024-10-07,MAT-API-005,664.1679953333335,0.0
2024-10-08,MAT-API-005,664.1679953333335,0.0
2024-10-09,MAT-API-005,664.1679953333335,0.0
2024-10-10,MAT-API-005,664.1679953333335,0.0
2024-10-11,MAT-API-005,664.1679953333335,0.0
2024-10-12,MAT-API-005,664.1679953333335,0.0
2024-10-13,MAT-API-005,664.1679953333335,0.0
2024-10-14,MAT-API-005,664.1679953333335,0.0
2024-10-15,MAT-API-005,364.5034553333335,299.66454
2024-10-16,MAT-API-005,364.5034553333335,0.0
2024-10-17,MAT-API-005,364.5034553333335,0.0
2024-10-18,MAT-API-005,364.5034553333335,0.0
2024-10-19,MAT-API-005,364.5034553333335,0.0
2024-10-20,MAT-API-005,364.5034553333335,0.0
2024-10-21,MAT-API-005,364.5034553333335,0.0
2024-10-22,MAT-API-005,364.5034553333335,0.0
2024-10-23,MAT-API-005,364.5034553333335,0.0
2024-10-24,MAT-API-005,364.5034553333335,0.0
2024-10-25,MAT-API-005,364.5034553333335,0.0
2024-10-26,MAT-API-005,364.5034553333335,0.0
2024-10-27,MAT-API-005,364.5034553333335,0.0
2024-10-28,MAT-API-005,364.5034553333335,0.0
2024-10-29,MAT-API-005,364.5034553333335,0.0
2024-10-30,MAT-API-005,364.5034553333335,0.0
2024-10-31,MAT-API-005,84.13899533333353,280.36445999999995
2024-11-01,MAT-API-005,84.13899533333353,0.0
2024-11-02,MAT-API-005,84.13899533333353,0.0
2024-11-03,MAT-API-005,1126.0353353333335,0.0
2024-11-04,MAT-API-005,1126.0353353333335,0.0
2024-11-05,MAT-API-005,1126.0353353333335,0.0
2024-11-06,MAT-API-005,1126.0353353333335,0.0
2024-11-07,MAT-API-005,1126.0353353333335,0.0
2024-11-08,MAT-API-005,1126.0353353333335,0.0
2024-11-09,MAT-API-005,1126.0353353333335,0.0
2024-11-10,MAT-API-005,1126.0353353333335,0.0
2024-11-11,MAT-API-005,1126.0353353333335,0.0
2024-11-12,MAT-API-005,1126.0353353333335,0.0
2024-11-13,MAT-API-005,1126.0353353333335,0.0
2024-11-14,MAT-API-005,1126.0353353333335,0.0
2024-11-15,MAT-API-005,1126.0353353333335,0.0
2024-11-16,MAT-API-005,1126.0353353333335,0.0
2024-11-17,MAT-API-005,1126.0353353333335,0.0
2024-11-18,MAT-API-005,1126.0353353333335,0.0
2024-11-19,MAT-API-005,1126.0353353333335,0.0
2024-11-20,MAT-API-005,1126.0353353333335,0.0
2024-11-21,MAT-API-005,1126.0353353333335,0.0
2024-11-22,MAT-API-005,1126.0353353333335,0.0
2024-11-23,MAT-API-005,1126.0353353333335,0.0
2024-11-24,MAT-API-005,1126.0353353333335,0.0
2024-11-25,MAT-API-005,1126.0353353333335,0.0
2024-11-26,MAT-API-005,1126.0353353333335,0.0
2024-11-27,MAT-API-005,1126.0353353333335,0.0
2024-11-28,MAT-API-005,1126.0353353333335,0.0
2024-11-29,MAT-API-005,1126.0353353333335,0.0
2024-11-30,MAT-API-005,1126.0353353333335,0.0
2024-12-01,MAT-API-005,1126.0353353333335,0.0
2024-12-02,MAT-API-005,1126.0353353333335,0.0
2024-12-03,MAT-API-005,822.2130653333335,303.82227
2024-12-04,MAT-API-005,822.2130653333335,0.0
2024-12-05,MAT-API-005,822.2130653333335,0.0
2024-12-06,MAT-API-005,822.2130653333335,0.0
2024-12-07,MAT-API-005,822.2130653333335,0.0
2024-12-08,MAT-API-005,822.2130653333335,0.0
2024-12-09,MAT-API-005,822.2130653333335,0.0
2024-12-10,MAT-API-005,822.2130653333335,0.0
2024-12-11,MAT-API-005,822.2130653333335,0.0
2024-12-12,MAT-API-005,822.2130653333335,0.0
2024-12-13,MAT-API-005,822.2130653333335,0.0
2024-12-14,MAT-API-005,822.2130653333335,0.0
2024-12-15,MAT-API-005,822.2130653333335,0.0
2024-12-16,MAT-API-005,822.2130653333335,0.0
2024-12-17,MAT-API-005,822.2130653333335,0.0
2024-12-18,MAT-API-005,503.7104153333335,318.50264999999996
2024-12-19,MAT-API-005,503.7104153333335,0.0
2024-12-20,MAT-API-005,503.7104153333335,0.0
2024-12-21,MAT-API-005,503.7104153333335,0.0
2024-12-22,MAT-API-005,503.7104153333335,0.0
2024-12-23,MAT-API-005,503.7104153333335,0.0
2024-12-24,MAT-API-005,503.7104153333335,0.0
2024-12-25,MAT-API-005,503.7104153333335,0.0
2024-12-26,MAT-API-005,503.7104153333335,0.0
2024-12-27,MAT-API-005,503.7104153333335,0.0
2024-12-28,MAT-API-005,1633.1586253333335,0.0
2024-12-29,MAT-API-005,1633.1586253333335,0.0
2024-12-30,MAT-API-005,1633.1586253333335,0.0
2024-12-31,MAT-API-005,1633.1586253333335,0.0
2023-01-01,MAT-API-006,3229.811647777778,0.0
2023-01-02,MAT-API-006,3229.811647777778,0.0
2023-01-03,MAT-API-006,3229.811647777778,0.0
2023-01-04,MAT-API-006,3229.811647777778,0.0
2023-01-05,MAT-API-006,3229.811647777778,0.0
2023-01-06,MAT-API-006,3229.811647777778,0.0
2023-01-07,MAT-API-006,3229.811647777778,0.0
2023-01-08,MAT-API-006,3229.811647777778,0.0
2023-01-09,MAT-API-006,3229.811647777778,0.0
2023-01-10,MAT-API-006,2724.203247777778,505.6084
2023-01-11,MAT-API-006,2724.203247777778,0.0
2023-01-12,MAT-API-006,2724.203247777778,0.0
2023-01-13,MAT-API-006,2724.203247777778,0.0
2023-01-14,MAT-API-006,2724.203247777778,0.0
2023-01-15,MAT-API-006,2724.203247777778,0.0
2023-01-16,MAT-API-006,2724.203247777778,0.0
2023-01-17,MAT-API-006,2724.203247777778,0.0
2023-01-18,MAT-API-006,2724.203247777778,0.0
2023-01-19,MAT-API-006,2724.203247777778,0.0
2023-01-20,MAT-API-006,2724.203247777778,0.0
2023-01-21,MAT-API-006,2724.203247777778,0.0
2023-01-22,MAT-API-006,2724.203247777778,0.0
2023-01-23,MAT-API-006,2724.203247777778,0.0
2023-01-24,MAT-API-006,2724.203247777778,0.0
2023-01-25,MAT-API-006,2245.4124477777777,478.7908
2023-01-26,MAT-API-006,2245.4124477777777,0.0
2023-01-27,MAT-API-006,2245.4124477777777,0.0
2023-01-28,MAT-API-006,2245.4124477777777,0.0
2023-01-29,MAT-API-006,2245.4124477777777,0.0
2023-01-30,MAT-API-006,2245.4124477777777,0.0
2023-01-31,MAT-API-006,2245.4124477777777,0.0
2023-02-01,MAT-API-006,2245.4124477777777,0.0
2023-02-02,MAT-API-006,2245.4124477777777,0.0
2023-02-03,MAT-API-006,2245.4124477777777,0.0
2023-02-04,MAT-API-006,2245.4124477777777,0.0
2023-02-05,MAT-API-006,2245.4124477777777,0.0
2023-02-06,MAT-API-006,2245.4124477777777,0.0
2023-02-07,MAT-API-006,2245.4124477777777,0.0
2023-02-08,MAT-API-006,2245.4124477777777,0.0
2023-02-09,MAT-API-006,2245.4124477777777,0.0
2023-02-10,MAT-API-006,2245.4124477777777,0.0
2023-02-11,MAT-API-006,2245.4124477777777,0.0
2023-02-12,MAT-API-006,2245.4124477777777,0.0
2023-02-13,MAT-API-006,1795.6740477777778,449.73839999999996
2023-02-14,MAT-API-006,1795.6740477777778,0.0
2023-02-15,MAT-API-006,1795.6740477777778,0.0
2023-02-16,MAT-API-006,1795.6740477777778,0.0
2023-02-17,MAT-API-006,1795.6740477777778,0.0
2023-02-18,MAT-API-006,1795.6740477777778,0.0
2023-02-19,MAT-API-006,1795.6740477777778,0.0
2023-02-20,MAT-API-006,1795.6740477777778,0.0
2023-02-21,MAT-API-006,1795.6740477777778,0.0
2023-02-22,MAT-API-006,1795.6740477777778,0.0
2023-02-23,MAT-API-006,1795.6740477777778,0.0
2023-02-24,MAT-API-006,1795.6740477777778,0.0
2023-02-25,MAT-API-006,1795.6740477777778,0.0
2023-02-26,MAT-API-006,1795.6740477777778,0.0
2023-02-27,MAT-API-006,1795.6740477777778,0.0
2023-02-28,MAT-API-006,1795.6740477777778,0.0
2023-03-01,MAT-API-006,1795.6740477777778,0.0
2023-03-02,MAT-API-006,1795.6740477777778,0.0
2023-03-03,MAT-API-006,1363.1647477777778,432.5093
2023-03-04,MAT-API-006,1363.1647477777778,0.0
2023-03-05,MAT-API-006,1363.1647477777778,0.0
2023-03-06,MAT-API-006,1363.1647477777778,0.0
2023-03-07,MAT-API-006,1363.1647477777778,0.0
2023-03-08,MAT-API-006,1363.1647477777778,0.0
2023-03-09,MAT-API-006,1363.1647477777778,0.0
2023-03-10,MAT-API-006,1363.1647477777778,0.0
2023-03-11,MAT-API-006,1363.1647477777778,0.0
2023-03-12,MAT-API-006,1363.1647477777778,0.0
2023-03-13,MAT-API-006,1363.1647477777778,0.0
2023-03-14,MAT-API-006,1363.1647477777778,0.0
2023-03-15,MAT-API-006,1363.1647477777778,0.0
2023-03-16,MAT-API-006,1363.1647477777778,0.0
2023-03-17,MAT-API-006,1363.1647477777778,0.0
2023-03-18,MAT-API-006,1363.1647477777778,0.0
2023-03-19,MAT-API-006,1363.1647477777778,0.0
2023-03-20,MAT-API-006,940.9687477777778,422.196
2023-03-21,MAT-API-006,940.9687477777778,0.0
2023-03-22,MAT-API-006,940.9687477777778,0.0
2023-03-23,MAT-API-006,940.9687477777778,0.0
2023-03-24,MAT-API-006,940.9687477777778,0.0
2023-03-25,MAT-API-006,940.9687477777778,0.0
2023-03-26,MAT-API-006,940.9687477777778,0.0
2023-03-27,MAT-API-006,940.9687477777778,0.0
2023-03-28,MAT-API-006,940.9687477777778,0.0
2023-03-29,MAT-API-006,940.9687477777778,0.0
2023-03-30,MAT-API-006,940.9687477777778,0.0
2023-03-31,MAT-API-006,940.9687477777778,0.0
2023-04-01,MAT-API-006,940.9687477777778,0.0
2023-04-02,MAT-API-006,940.9687477777778,0.0
2023-04-03,MAT-API-006,940.9687477777778,0.0
2023-04-04,MAT-API-006,940.9687477777778,0.0
2023-04-05,MAT-API-006,940.9687477777778,0.0
2023-04-06,MAT-API-006,940.9687477777778,0.0
2023-04-07,MAT-API-006,940.9687477777778,0.0
2023-04-08,MAT-API-006,940.9687477777778,0.0
2023-04-09,MAT-API-006,940.9687477777778,0.0
2023-04-10,MAT-API-006,518.9992477777778,421.9695
2023-04-11,MAT-API-006,518.9992477777778,0.0
2023-04-12,MAT-API-006,518.9992477777778,0.0
2023-04-13,MAT-API-006,518.9992477777778,0.0
2023-04-14,MAT-API-006,518.9992477777778,0.0
2023-04-15,MAT-API-006,1953.136847777778,0.0
2023-04-16,MAT-API-006,1953.136847777778,0.0
2023-04-17,MAT-API-006,1953.136847777778,0.0
2023-04-18,MAT-API-006,1953.136847777778,0.0
2023-04-19,MAT-API-006,1953.136847777778,0.0
2023-04-20,MAT-API-006,1953.136847777778,0.0
2023-04-21,MAT-API-006,1953.136847777778,0.0
2023-04-22,MAT-API-006,1953.136847777778,0.0
2023-04-23,MAT-API-006,1953.136847777778,0.0
2023-04-24,MAT-API-006,1953.136847777778,0.0
2023-04-25,MAT-API-006,1520.869147777778,432.2677
2023-04-26,MAT-API-006,1520.869147777778,0.0
2023-04-27,MAT-API-006,1520.869147777778,0.0
2023-04-28,MAT-API-006,1520.869147777778,0.0
2023-04-29,MAT-API-006,1520.869147777778,0.0
2023-04-30,MAT-API-006,1520.869147777778,0.0
2023-05-01,MAT-API-006,1520.869147777778,0.0
2023-05-02,MAT-API-006,1520.869147777778,0.0
2023-05-03,MAT-API-006,1520.869147777778,0.0
2023-05-04,MAT-API-006,1520.869147777778,0.0
2023-05-05,MAT-API-006,1520.869147777778,0.0
2023-05-06,MAT-API-006,1520.869147777778,0.0
2023-05-07,MAT-API-006,1520.869147777778,0.0
2023-05-08,MAT-API-006,1520.869147777778,0.0
2023-05-09,MAT-API-006,1520.869147777778,0.0
2023-05-10,MAT-API-006,1520.869147777778,0.0
2023-05-11,MAT-API-006,1520.869147777778,0.0
2023-05-12,MAT-API-006,1520.869147777778,0.0
2023-05-13,MAT-API-006,1520.869147777778,0.0
2023-05-14,MAT-API-006,1520.869147777778,0.0
2023-05-15,MAT-API-006,976.483947777778,544.3851999999999
2023-05-16,MAT-API-006,976.483947777778,0.0
2023-05-17,MAT-API-006,976.483947777778,0.0
2023-05-18,MAT-API-006,976.483947777778,0.0
2023-05-19,MAT-API-006,976.483947777778,0.0
2023-05-20,MAT-API-006,976.483947777778,0.0
2023-05-21,MAT-API-006,976.483947777778,0.0
2023-05-22,MAT-API-006,976.483947777778,0.0
2023-05-23,MAT-API-006,976.483947777778,0.0
2023-05-24,MAT-API-006,976.483947777778,0.0
2023-05-25,MAT-API-006,976.483947777778,0.0
2023-05-26,MAT-API-006,976.483947777778,0.0
2023-05-27,MAT-API-006,976.483947777778,0.0
2023-05-28,MAT-API-006,976.483947777778,0.0
2023-05-29,MAT-API-006,976.483947777778,0.0
2023-05-30,MAT-API-006,976.483947777778,0.0
2023-05-31,MAT-API-006,976.483947777778,0.0
2023-06-01,MAT-API-006,537.8893477777781,438.59459999999996
2023-06-02,MAT-API-006,537.8893477777781,0.0
2023-06-03,MAT-API-006,537.8893477777781,0.0
2023-06-04,MAT-API-006,537.8893477777781,0.0
2023-06-05,MAT-API-006,537.8893477777781,0.0
2023-06-06,MAT-API-006,537.8893477777781,0.0
2023-06-07,MAT-API-006,537.8893477777781,0.0
2023-06-08,MAT-API-006,537.8893477777781,0.0
2023-06-09,MAT-API-006,537.8893477777781,0.0
2023-06-10,MAT-API-006,537.8893477777781,0.0
2023-06-11,MAT-API-006,537.8893477777781,0.0
2023-06-12,MAT-API-006,537.8893477777781,0.0
2023-06-13,MAT-API-006,537.8893477777781,0.0
2023-06-14,MAT-API-006,537.8893477777781,0.0
2023-06-15,MAT-API-006,537.8893477777781,0.0
2023-06-16,MAT-API-006,9.389347777778084,528.5
2023-06-17,MAT-API-006,1718.3318477777782,0.0
2023-06-18,MAT-API-006,1718.3318477777782,0.0
2023-06-19,MAT-API-006,1718.3318477777782,0.0
2023-06-20,MAT-API-006,1718.3318477777782,0.0
2023-06-21,MAT-API-006,1718.3318477777782,0.0
2023-06-22,MAT-API-006,1718.3318477777782,0.0
2023-06-23,MAT-API-006,1718.3318477777782,0.0
2023-06-24,MAT-API-006,1718.3318477777782,0.0
2023-06-25,MAT-API-006,1718.3318477777782,0.0
2023-06-26,MAT-API-006,1718.3318477777782,0.0
2023-06-27,MAT-API-006,1718.3318477777782,0.0
2023-06-28,MAT-API-006,1718.3318477777782,0.0
2023-06-29,MAT-API-006,1718.3318477777782,0.0
2023-06-30,MAT-API-006,1718.3318477777782,0.0
2023-07-01,MAT-API-006,1718.3318477777782,0.0
2023-07-02,MAT-API-006,1718.3318477777782,0.0
2023-07-03,MAT-API-006,1219.080547777778,499.2513
2023-07-04,MAT-API-006,1219.080547777778,0.0
2023-07-05,MAT-API-006,1219.080547777778,0.0
2023-07-06,MAT-API-006,1219.080547777778,0.0
2023-07-07,MAT-API-006,1219.080547777778,0.0
2023-07-08,MAT-API-006,1219.080547777778,0.0
2023-07-09,MAT-API-006,1219.080547777778,0.0
2023-07-10,MAT-API-006,1219.080547777778,0.0
2023-07-11,MAT-API-006,1219.080547777778,0.0
2023-07-12,MAT-API-006,1219.080547777778,0.0
2023-07-13,MAT-API-006,1219.080547777778,0.0
2023-07-14,MAT-API-006,1219.080547777778,0.0
2023-07-15,MAT-API-006,1219.080547777778,0.0
2023-07-16,MAT-API-006,1219.080547777778,0.0
2023-07-17,MAT-API-006,1219.080547777778,0.0
2023-07-18,MAT-API-006,1219.080547777778,0.0
2023-07-19,MAT-API-006,1219.080547777778,0.0
2023-07-20,MAT-API-006,1219.080547777778,0.0
2023-07-21,MAT-API-006,670.935447777778,548.1451000000001
2023-07-22,MAT-API-006,670.935447777778,0.0
2023-07-23,MAT-API-006,670.935447777778,0.0
2023-07-24,MAT-API-006,670.935447777778,0.0
2023-07-25,MAT-API-006,670.935447777778,0.0
2023-07-26,MAT-API-006,670.935447777778,0.0
2023-07-27,MAT-API-006,670.935447777778,0.0
2023-07-28,MAT-API-006,670.935447777778,0.0
2023-07-29,MAT-API-006,670.935447777778,0.0
2023-07-30,MAT-API-006,670.935447777778,0.0
2023-07-31,MAT-API-006,670.935447777778,0.0
2023-08-01,MAT-API-006,670.935447777778,0.0
2023-08-02,MAT-API-006,670.935447777778,0.0
2023-08-03,MAT-API-006,670.935447777778,0.0
2023-08-04,MAT-API-006,670.935447777778,0.0
2023-08-05,MAT-API-006,2182.415247777778,0.0
2023-08-06,MAT-API-006,2182.415247777778,0.0
2023-08-07,MAT-API-006,1696.482147777778,485.93309999999997
2023-08-08,MAT-API-006,1696.482147777778,0.0
2023-08-09,MAT-API-006,1696.482147777778,0.0
2023-08-10,MAT-API-006,1696.482147777778,0.0
2023-08-11,MAT-API-006,1696.482147777778,0.0
2023-08-12,MAT-API-006,1696.482147777778,0.0
2023-08-13,MAT-API-006,1696.482147777778,0.0
2023-08-14,MAT-API-006,1696.482147777778,0.0
2023-08-15,MAT-API-006,1696.482147777778,0.0
2023-08-16,MAT-API-006,1696.482147777778,0.0
2023-08-17,MAT-API-006,1696.482147777778,0.0
2023-08-18,MAT-API-006,1696.482147777778,0.0
2023-08-19,MAT-API-006,1696.482147777778,0.0
2023-08-20,MAT-API-006,1696.482147777778,0.0
2023-08-21,MAT-API-006,1696.482147777778,0.0
2023-08-22,MAT-API-006,1696.482147777778,0.0
2023-08-23,MAT-API-006,1696.482147777778,0.0
2023-08-24,MAT-API-006,1208.208547777778,488.2736
2023-08-25,MAT-API-006,1208.208547777778,0.0
2023-08-26,MAT-API-006,1208.208547777778,0.0
2023-08-27,MAT-API-006,1208.208547777778,0.0
2023-08-28,MAT-API-006,1208.208547777778,0.0
2023-08-29,MAT-API-006,1208.208547777778,0.0
2023-08-30,MAT-API-006,1208.208547777778,0.0
2023-08-31,MAT-API-006,1208.208547777778,0.0
2023-09-01,MAT-API-006,1208.208547777778,0.0
2023-09-02,MAT-API-006,1208.208547777778,0.0
2023-09-03,MAT-API-006,1208.208547777778,0.0
2023-09-04,MAT-API-006,1208.208547777778,0.0
2023-09-05,MAT-API-006,1208.208547777778,0.0
2023-09-06,MAT-API-006,1208.208547777778,0.0
2023-09-07,MAT-API-006,1208.208547777778,0.0
2023-09-08,MAT-API-006,1208.208547777778,0.0
2023-09-09,MAT-API-006,1208.208547777778,0.0
2023-09-10,MAT-API-006,1208.208547777778,0.0
2023-09-11,MAT-API-006,1208.208547777778,0.0
2023-09-12,MAT-API-006,767.424447777778,440.78409999999997
2023-09-13,MAT-API-006,767.424447777778,0.0
2023-09-14,MAT-API-006,767.424447777778,0.0
2023-09-15,MAT-API-006,767.424447777778,0.0
2023-09-16,MAT-API-006,767.424447777778,0.0
2023-09-17,MAT-API-006,767.424447777778,0.0
2023-09-18,MAT-API-006,767.424447777778,0.0
2023-09-19,MAT-API-006,767.424447777778,0.0
2023-09-20,MAT-API-006,767.424447777778,0.0
2023-09-21,MAT-API-006,767.424447777778,0.0
2023-09-22,MAT-API-006,767.424447777778,0.0
2023-09-23,MAT-API-006,767.424447777778,0.0
2023-09-24,MAT-API-006,767.424447777778,0.0
2023-09-25,MAT-API-006,767.424447777778,0.0
2023-09-26,MAT-API-006,767.424447777778,0.0
2023-09-27,MAT-API-006,767.424447777778,0.0
2023-09-28,MAT-API-006,767.424447777778,0.0
2023-09-29,MAT-API-006,321.64224777777804,445.7822
2023-09-30,MAT-API-006,1854.971747777778,0.0
2023-10-01,MAT-API-006,1854.971747777778,0.0
2023-10-02,MAT-API-006,1854.971747777778,0.0
2023-10-03,MAT-API-006,1854.971747777778,0.0
2023-10-04,MAT-API-006,1854.971747777778,0.0
2023-10-05,MAT-API-006,1854.971747777778,0.0
2023-10-06,MAT-API-006,1854.971747777778,0.0
2023-10-07,MAT-API-006,1854.971747777778,0.0
2023-10-08,MAT-API-006,1854.971747777778,0.0
2023-10-09,MAT-API-006,1854.971747777778,0.0
2023-10-10,MAT-API-006,1854.971747777778,0.0
2023-10-11,MAT-API-006,1854.971747777778,0.0
2023-10-12,MAT-API-006,1854.971747777778,0.0
2023-10-13,MAT-API-006,1854.971747777778,0.0
2023-10-14,MAT-API-006,1854.971747777778,0.0
2023-10-15,MAT-API-006,1854.971747777778,0.0
2023-10-16,MAT-API-006,1854.971747777778,0.0
2023-10-17,MAT-API-006,1337.071947777778,517.8998
2023-10-18,MAT-API-006,1337.071947777778,0.0
2023-10-19,MAT-API-006,1337.071947777778,0.0
2023-10-20,MAT-API-006,1337.071947777778,0.0
2023-10-21,MAT-API-006,1337.071947777778,0.0
2023-10-22,MAT-API-006,1337.071947777778,0.0
2023-10-23,MAT-API-006,1337.071947777778,0.0
2023-10-24,MAT-API-006,1337.071947777778,0.0
2023-10-25,MAT-API-006,1337.071947777778,0.0
2023-10-26,MAT-API-006,1337.071947777778,0.0
2023-10-27,MAT-API-006,1337.071947777778,0.0
2023-10-28,MAT-API-006,1337.071947777778,0.0
2023-10-29,MAT-API-006,1337.071947777778,0.0
2023-10-30,MAT-API-006,1337.071947777778,0.0
2023-10-31,MAT-API-006,1337.071947777778,0.0
2023-11-01,MAT-API-006,1337.071947777778,0.0
2023-11-02,MAT-API-006,1337.071947777778,0.0
2023-11-03,MAT-API-006,1337.071947777778,0.0
2023-11-04,MAT-API-006,1337.071947777778,0.0
2023-11-05,MAT-API-006,1337.071947777778,0.0
2023-11-06,MAT-API-006,794.377947777778,542.694
2023-11-07,MAT-API-006,794.377947777778,0.0
2023-11-08,MAT-API-006,794.377947777778,0.0
2023-11-09,MAT-API-006,794.377947777778,0.0
2023-11-10,MAT-API-006,794.377947777778,0.0
2023-11-11,MAT-API-006,794.377947777778,0.0
2023-11-12,MAT-API-006,794.377947777778,0.0
2023-11-13,MAT-API-006,794.377947777778,0.0
2023-11-14,MAT-API-006,794.377947777778,0.0
2023-11-15,MAT-API-006,794.377947777778,0.0
2023-11-16,MAT-API-006,794.377947777778,0.0
2023-11-17,MAT-API-006,794.377947777778,0.0
2023-11-18,MAT-API-006,794.377947777778,0.0
2023-11-19,MAT-API-006,794.377947777778,0.0
2023-11-20,MAT-API-006,794.377947777778,0.0
2023-11-21,MAT-API-006,794.377947777778,0.0
2023-11-22,MAT-API-006,794.377947777778,0.0
2023-11-23,MAT-API-006,794.377947777778,0.0
2023-11-24,MAT-API-006,794.377947777778,0.0
2023-11-25,MAT-API-006,794.377947777778,0.0
2023-11-26,MAT-API-006,794.377947777778,0.0
2023-11-27,MAT-API-006,251.0799477777781,543.2979999999999
2023-11-28,MAT-API-006,251.0799477777781,0.0
2023-11-29,MAT-API-006,251.0799477777781,0.0
2023-11-30,MAT-API-006,251.0799477777781,0.0
2023-12-01,MAT-API-006,251.0799477777781,0.0
2023-12-02,MAT-API-006,251.0799477777781,0.0
2023-12-03,MAT-API-006,251.0799477777781,0.0
2023-12-04,MAT-API-006,251.0799477777781,0.0
2023-12-05,MAT-API-006,251.0799477777781,0.0
2023-12-06,MAT-API-006,251.0799477777781,0.0
2023-12-07,MAT-API-006,251.0799477777781,0.0
2023-12-08,MAT-API-006,251.0799477777781,0.0
2023-12-09,MAT-API-006,2143.8196477777783,0.0
2023-12-10,MAT-API-006,2143.8196477777783,0.0
2023-12-11,MAT-API-006,2143.8196477777783,0.0
2023-12-12,MAT-API-006,2143.8196477777783,0.0
2023-12-13,MAT-API-006,2143.8196477777783,0.0
2023-12-14,MAT-API-006,1644.4626477777783,499.35699999999997
2023-12-15,MAT-API-006,1644.4626477777783,0.0
2023-12-16,MAT-API-006,1644.4626477777783,0.0
2023-12-17,MAT-API-006,1644.4626477777783,0.0
2023-12-18,MAT-API-006,1644.4626477777783,0.0
2023-12-19,MAT-API-006,1644.4626477777783,0.0
2023-12-20,MAT-API-006,1644.4626477777783,0.0
2023-12-21,MAT-API-006,1644.4626477777783,0.0
2023-12-22,MAT-API-006,1644.4626477777783,0.0
2023-12-23,MAT-API-006,1644.4626477777783,0.0
2023-12-24,MAT-API-006,1644.4626477777783,0.0
2023-12-25,MAT-API-006,1644.4626477777783,0.0
2023-12-26,MAT-API-006,1644.4626477777783,0.0
2023-12-27,MAT-API-006,1644.4626477777783,0.0
2023-12-28,MAT-API-006,1644.4626477777783,0.0
2023-12-29,MAT-API-006,1644.4626477777783,0.0
2023-12-30,MAT-API-006,1644.4626477777783,0.0
2023-12-31,MAT-API-006,1644.4626477777783,0.0
2024-01-01,MAT-API-006,1644.4626477777783,0.0
2024-01-02,MAT-API-006,1644.4626477777783,0.0
2024-01-03,MAT-API-006,1644.4626477777783,0.0
2024-01-04,MAT-API-006,1644.4626477777783,0.0
2024-01-05,MAT-API-006,1644.4626477777783,0.0
2024-01-06,MAT-API-006,1644.4626477777783,0.0
2024-01-07,MAT-API-006,1644.4626477777783,0.0
2024-01-08,MAT-API-006,1644.4626477777783,0.0
2024-01-09,MAT-API-006,1644.4626477777783,0.0
2024-01-10,MAT-API-006,1644.4626477777783,0.0
2024-01-11,MAT-API-006,1644.4626477777783,0.0
2024-01-12,MAT-API-006,1644.4626477777783,0.0
2024-01-13,MAT-API-006,1644.4626477777783,0.0
2024-01-14,MAT-API-006,1644.4626477777783,0.0
2024-01-15,MAT-API-006,1644.4626477777783,0.0
2024-01-16,MAT-API-006,1644.4626477777783,0.0
2024-01-17,MAT-API-006,1644.4626477777783,0.0
2024-01-18,MAT-API-006,1644.4626477777783,0.0
2024-01-19,MAT-API-006,1150.2547477777784,494.2079
2024-01-20,MAT-API-006,1150.2547477777784,0.0
2024-01-21,MAT-API-006,1150.2547477777784,0.0
2024-01-22,MAT-API-006,1150.2547477777784,0.0
2024-01-23,MAT-API-006,1150.2547477777784,0.0
2024-01-24,MAT-API-006,1150.2547477777784,0.0
2024-01-25,MAT-API-006,1150.2547477777784,0.0
2024-01-26,MAT-API-006,1150.2547477777784,0.0
2024-01-27,MAT-API-006,1150.2547477777784,0.0
2024-01-28,MAT-API-006,1150.2547477777784,0.0
2024-01-29,MAT-API-006,1150.2547477777784,0.0
2024-01-30,MAT-API-006,1150.2547477777784,0.0
2024-01-31,MAT-API-006,1150.2547477777784,0.0
2024-02-01,MAT-API-006,1150.2547477777784,0.0
2024-02-02,MAT-API-006,1150.2547477777784,0.0
2024-02-03,MAT-API-006,2735.603747777778,0.0
2024-02-04,MAT-API-006,2735.603747777778,0.0
2024-02-05,MAT-API-006,2194.4801477777783,541.1236
2024-02-06,MAT-API-006,2194.4801477777783,0.0
2024-02-07,MAT-API-006,2194.4801477777783,0.0
2024-02-08,MAT-API-006,2194.4801477777783,0.0
2024-02-09,MAT-API-006,2194.4801477777783,0.0
2024-02-10,MAT-API-006,2194.4801477777783,0.0
2024-02-11,MAT-API-006,2194.4801477777783,0.0
2024-02-12,MAT-API-006,2194.4801477777783,0.0
2024-02-13,MAT-API-006,2194.4801477777783,0.0
2024-02-14,MAT-API-006,2194.4801477777783,0.0
2024-02-15,MAT-API-006,2194.4801477777783,0.0
2024-02-16,MAT-API-006,2194.4801477777783,0.0
2024-02-17,MAT-API-006,2194.4801477777783,0.0
2024-02-18,MAT-API-006,2194.4801477777783,0.0
2024-02-19,MAT-API-006,2194.4801477777783,0.0
2024-02-20,MAT-API-006,2194.4801477777783,0.0
2024-02-21,MAT-API-006,1700.9668477777782,493.51329999999996
2024-02-22,MAT-API-006,1700.9668477777782,0.0
2024-02-23,MAT-API-006,1700.9668477777782,0.0
2024-02-24,MAT-API-006,1700.9668477777782,0.0
2024-02-25,MAT-API-006,1700.9668477777782,0.0
2024-02-26,MAT-API-006,1700.9668477777782,0.0
2024-02-27,MAT-API-006,1700.9668477777782,0.0
2024-02-28,MAT-API-006,1700.9668477777782,0.0
2024-02-29,MAT-API-006,1700.9668477777782,0.0
2024-03-01,MAT-API-006,1700.9668477777782,0.0
2024-03-02,MAT-API-006,1700.9668477777782,0.0
2024-03-03,MAT-API-006,1700.9668477777782,0.0
2024-03-04,MAT-API-006,1700.9668477777782,0.0
2024-03-05,MAT-API-006,1700.9668477777782,0.0
2024-03-06,MAT-API-006,1700.9668477777782,0.0
2024-03-07,MAT-API-006,1269.574947777778,431.39189999999996
2024-03-08,MAT-API-006,1269.574947777778,0.0
2024-03-09,MAT-API-006,1269.574947777778,0.0
2024-03-10,MAT-API-006,1269.574947777778,0.0
2024-03-11,MAT-API-006,1269.574947777778,0.0
2024-03-12,MAT-API-006,1269.574947777778,0.0
2024-03-13,MAT-API-006,1269.574947777778,0.0
2024-03-14,MAT-API-006,1269.574947777778,0.0
2024-03-15,MAT-API-006,1269.574947777778,0.0
2024-03-16,MAT-API-006,1269.574947777778,0.0
2024-03-17,MAT-API-006,1269.574947777778,0.0
2024-03-18,MAT-API-006,1269.574947777778,0.0
2024-03-19,MAT-API-006,1269.574947777778,0.0
2024-03-20,MAT-API-006,1269.574947777778,0.0
2024-03-21,MAT-API-006,1269.574947777778,0.0
2024-03-22,MAT-API-006,1269.574947777778,0.0
2024-03-23,MAT-API-006,1269.574947777778,0.0
2024-03-24,MAT-API-006,1269.574947777778,0.0
2024-03-25,MAT-API-006,1269.574947777778,0.0
2024-03-26,MAT-API-006,793.3209477777782,476.25399999999996
2024-03-27,MAT-API-006,793.3209477777782,0.0
2024-03-28,MAT-API-006,793.3209477777782,0.0
2024-03-29,MAT-API-006,793.3209477777782,0.0
2024-03-30,MAT-API-006,793.3209477777782,0.0
2024-03-31,MAT-API-006,793.3209477777782,0.0
2024-04-01,MAT-API-006,793.3209477777782,0.0
2024-04-02,MAT-API-006,793.3209477777782,0.0
2024-04-03,MAT-API-006,793.3209477777782,0.0
2024-04-04,MAT-API-006,793.3209477777782,0.0
2024-04-05,MAT-API-006,793.3209477777782,0.0
2024-04-06,MAT-API-006,793.3209477777782,0.0
2024-04-07,MAT-API-006,793.3209477777782,0.0
2024-04-08,MAT-API-006,793.3209477777782,0.0
2024-04-09,MAT-API-006,793.3209477777782,0.0
2024-04-10,MAT-API-006,280.0568477777782,513.2641
2024-04-11,MAT-API-006,280.0568477777782,0.0
2024-04-12,MAT-API-006,280.0568477777782,0.0
2024-04-13,MAT-API-006,1808.9016477777782,0.0
2024-04-14,MAT-API-006,1808.9016477777782,0.0
2024-04-15,MAT-API-006,1808.9016477777782,0.0
2024-04-16,MAT-API-006,1808.9016477777782,0.0
2024-04-17,MAT-API-006,1808.9016477777782,0.0
2024-04-18,MAT-API-006,1808.9016477777782,0.0
2024-04-19,MAT-API-006,1808.9016477777782,0.0
2024-04-20,MAT-API-006,1808.9016477777782,0.0
2024-04-21,MAT-API-006,1808.9016477777782,0.0
2024-04-22,MAT-API-006,1808.9016477777782,0.0
2024-04-23,MAT-API-006,1808.9016477777782,0.0
2024-04-24,MAT-API-006,1808.9016477777782,0.0
2024-04-25,MAT-API-006,1808.9016477777782,0.0
2024-04-26,MAT-API-006,1808.9016477777782,0.0
2024-04-27,MAT-API-006,1808.9016477777782,0.0
2024-04-28,MAT-API-006,1808.9016477777782,0.0
2024-04-29,MAT-API-006,1369.1141477777783,439.78749999999997
2024-04-30,MAT-API-006,1369.1141477777783,0.0
2024-05-01,MAT-API-006,1369.1141477777783,0.0
2024-05-02,MAT-API-006,1369.1141477777783,0.0
2024-05-03,MAT-API-006,1369.1141477777783,0.0
2024-05-04,MAT-API-006,1369.1141477777783,0.0
2024-05-05,MAT-API-006,1369.1141477777783,0.0
2024-05-06,MAT-API-006,1369.1141477777783,0.0
2024-05-07,MAT-API-006,1369.1141477777783,0.0
2024-05-08,MAT-API-006,1369.1141477777783,0.0
2024-05-09,MAT-API-006,1369.1141477777783,0.0
2024-05-10,MAT-API-006,1369.1141477777783,0.0
2024-05-11,MAT-API-006,1369.1141477777783,0.0
2024-05-12,MAT-API-006,1369.1141477777783,0.0
2024-05-13,MAT-API-006,1369.1141477777783,0.0
2024-05-14,MAT-API-006,1369.1141477777783,0.0
2024-05-15,MAT-API-006,1369.1141477777783,0.0
2024-05-16,MAT-API-006,908.9567477777782,460.1574
2024-05-17,MAT-API-006,908.9567477777782,0.0
2024-05-18,MAT-API-006,908.9567477777782,0.0
2024-05-19,MAT-API-006,908.9567477777782,0.0
2024-05-20,MAT-API-006,908.9567477777782,0.0
2024-05-21,MAT-API-006,908.9567477777782,0.0
2024-05-22,MAT-API-006,908.9567477777782,0.0
2024-05-23,MAT-API-006,908.9567477777782,0.0
2024-05-24,MAT-API-006,908.9567477777782,0.0
2024-05-25,MAT-API-006,908.9567477777782,0.0
2024-05-26,MAT-API-006,908.9567477777782,0.0
2024-05-27,MAT-API-006,908.9567477777782,0.0
2024-05-28,MAT-API-006,908.9567477777782,0.0
2024-05-29,MAT-API-006,908.9567477777782,0.0
2024-05-30,MAT-API-006,908.9567477777782,0.0
2024-05-31,MAT-API-006,433.92584777777824,475.0309
2024-06-01,MAT-API-006,1854.835847777778,0.0
2024-06-02,MAT-API-006,1854.835847777778,0.0
2024-06-03,MAT-API-006,1854.835847777778,0.0
2024-06-04,MAT-API-006,1854.835847777778,0.0
2024-06-05,MAT-API-006,1854.835847777778,0.0
2024-06-06,MAT-API-006,1854.835847777778,0.0
2024-06-07,MAT-API-006,1854.835847777778,0.0
2024-06-08,MAT-API-006,1854.835847777778,0.0
2024-06-09,MAT-API-006,1854.835847777778,0.0
2024-06-10,MAT-API-006,1854.835847777778,0.0
2024-06-11,MAT-API-006,1854.835847777778,0.0
2024-06-12,MAT-API-006,1854.835847777778,0.0
2024-06-13,MAT-API-006,1854.835847777778,0.0
2024-06-14,MAT-API-006,1854.835847777778,0.0
2024-06-15,MAT-API-006,1854.835847777778,0.0
2024-06-16,MAT-API-006,1854.835847777778,0.0
2024-06-17,MAT-API-006,1854.835847777778,0.0
2024-06-18,MAT-API-006,1854.835847777778,0.0
2024-06-19,MAT-API-006,1854.835847777778,0.0
2024-06-20,MAT-API-006,1854.835847777778,0.0
2024-06-21,MAT-API-006,1854.835847777778,0.0
2024-06-22,MAT-API-006,1854.835847777778,0.0
2024-06-23,MAT-API-006,1854.835847777778,0.0
2024-06-24,MAT-API-006,1854.835847777778,0.0
2024-06-25,MAT-API-006,1854.835847777778,0.0
2024-06-26,MAT-API-006,1854.835847777778,0.0
2024-06-27,MAT-API-006,1854.835847777778,0.0
2024-06-28,MAT-API-006,1854.835847777778,0.0
2024-06-29,MAT-API-006,1854.835847777778,0.0
2024-06-30,MAT-API-006,1854.835847777778,0.0
2024-07-01,MAT-API-006,1854.835847777778,0.0
2024-07-02,MAT-API-006,1854.835847777778,0.0
2024-07-03,MAT-API-006,1854.835847777778,0.0
2024-07-04,MAT-API-006,1854.835847777778,0.0
2024-07-05,MAT-API-006,1324.1161477777782,530.7197
2024-07-06,MAT-API-006,1324.1161477777782,0.0
2024-07-07,MAT-API-006,1324.1161477777782,0.0
2024-07-08,MAT-API-006,1324.1161477777782,0.0
2024-07-09,MAT-API-006,1324.1161477777782,0.0
2024-07-10,MAT-API-006,1324.1161477777782,0.0
2024-07-11,MAT-API-006,1324.1161477777782,0.0
2024-07-12,MAT-API-006,1324.1161477777782,0.0
2024-07-13,MAT-API-006,1324.1161477777782,0.0
2024-07-14,MAT-API-006,1324.1161477777782,0.0
2024-07-15,MAT-API-006,1324.1161477777782,0.0
2024-07-16,MAT-API-006,1324.1161477777782,0.0
2024-07-17,MAT-API-006,1324.1161477777782,0.0
2024-07-18,MAT-API-006,1324.1161477777782,0.0
2024-07-19,MAT-API-006,1324.1161477777782,0.0
2024-07-20,MAT-API-006,1324.1161477777782,0.0
2024-07-21,MAT-API-006,1324.1161477777782,0.0
2024-07-22,MAT-API-006,779.4440477777782,544.6721
2024-07-23,MAT-API-006,779.4440477777782,0.0
2024-07-24,MAT-API-006,779.4440477777782,0.0
2024-07-25,MAT-API-006,779.4440477777782,0.0
2024-07-26,MAT-API-006,779.4440477777782,0.0
2024-07-27,MAT-API-006,779.4440477777782,0.0
2024-07-28,MAT-API-006,779.4440477777782,0.0
2024-07-29,MAT-API-006,779.4440477777782,0.0
2024-07-30,MAT-API-006,779.4440477777782,0.0
2024-07-31,MAT-API-006,779.4440477777782,0.0
2024-08-01,MAT-API-006,779.4440477777782,0.0
2024-08-02,MAT-API-006,779.4440477777782,0.0
2024-08-03,MAT-API-006,779.4440477777782,0.0
2024-08-04,MAT-API-006,779.4440477777782,0.0
2024-08-05,MAT-API-006,779.4440477777782,0.0
2024-08-06,MAT-API-006,351.2835477777782,428.1605
2024-08-07,MAT-API-006,351.2835477777782,0.0
2024-08-08,MAT-API-006,351.2835477777782,0.0
2024-08-09,MAT-API-006,351.2835477777782,0.0
2024-08-10,MAT-API-006,351.2835477777782,0.0
2024-08-11,MAT-API-006,351.2835477777782,0.0
2024-08-12,MAT-API-006,351.2835477777782,0.0
2024-08-13,MAT-API-006,351.2835477777782,0.0
2024-08-14,MAT-API-006,351.2835477777782,0.0
2024-08-15,MAT-API-006,351.2835477777782,0.0
2024-08-16,MAT-API-006,351.2835477777782,0.0
2024-08-17,MAT-API-006,351.2835477777782,0.0
2024-08-18,MAT-API-006,351.2835477777782,0.0
2024-08-19,MAT-API-006,351.2835477777782,0.0
2024-08-20,MAT-API-006,351.2835477777782,0.0
2024-08-21,MAT-API-006,351.2835477777782,0.0
2024-08-22,MAT-API-006,351.2835477777782,0.0
2024-08-23,MAT-API-006,351.2835477777782,0.0
2024-08-24,MAT-API-006,2256.979047777778,0.0
2024-08-25,MAT-API-006,2256.979047777778,0.0
2024-08-26,MAT-API-006,1709.166147777778,547.8129
2024-08-27,MAT-API-006,1709.166147777778,0.0
2024-08-28,MAT-API-006,1709.166147777778,0.0
2024-08-29,MAT-API-006,1709.166147777778,0.0
2024-08-30,MAT-API-006,1709.166147777778,0.0
2024-08-31,MAT-API-006,1709.166147777778,0.0
2024-09-01,MAT-API-006,1709.166147777778,0.0
2024-09-02,MAT-API-006,1709.166147777778,0.0
2024-09-03,MAT-API-006,1709.166147777778,0.0
2024-09-04,MAT-API-006,1709.166147777778,0.0
2024-09-05,MAT-API-006,1709.166147777778,0.0
2024-09-06,MAT-API-006,1709.166147777778,0.0
2024-09-07,MAT-API-006,1709.166147777778,0.0
2024-09-08,MAT-API-006,1709.166147777778,0.0
2024-09-09,MAT-API-006,1709.166147777778,0.0
2024-09-10,MAT-API-006,1709.166147777778,0.0
2024-09-11,MAT-API-006,1709.166147777778,0.0
2024-09-12,MAT-API-006,1709.166147777778,0.0
2024-09-13,MAT-API-006,1709.166147777778,0.0
2024-09-14,MAT-API-006,1709.166147777778,0.0
2024-09-15,MAT-API-006,1709.166147777778,0.0
2024-09-16,MAT-API-006,1188.533247777778,520.6329
2024-09-17,MAT-API-006,1188.533247777778,0.0
2024-09-18,MAT-API-006,1188.533247777778,0.0
2024-09-19,MAT-API-006,1188.533247777778,0.0
2024-09-20,MAT-API-006,1188.533247777778,0.0
2024-09-21,MAT-API-006,1188.533247777778,0.0
2024-09-22,MAT-API-006,1188.533247777778,0.0
2024-09-23,MAT-API-006,1188.533247777778,0.0
2024-09-24,MAT-API-006,1188.533247777778,0.0
2024-09-25,MAT-API-006,1188.533247777778,0.0
2024-09-26,MAT-API-006,1188.533247777778,0.0
2024-09-27,MAT-API-006,1188.533247777778,0.0
2024-09-28,MAT-API-006,1188.533247777778,0.0
2024-09-29,MAT-API-006,1188.533247777778,0.0
2024-09-30,MAT-API-006,1188.533247777778,0.0
2024-10-01,MAT-API-006,1188.533247777778,0.0
2024-10-02,MAT-API-006,1188.533247777778,0.0
2024-10-03,MAT-API-006,1188.533247777778,0.0
2024-10-04,MAT-API-006,1188.533247777778,0.0
2024-10-05,MAT-API-006,1188.533247777778,0.0
2024-10-06,MAT-API-006,1188.533247777778,0.0
2024-10-07,MAT-API-006,706.1637477777779,482.3695
2024-10-08,MAT-API-006,706.1637477777779,0.0
2024-10-09,MAT-API-006,706.1637477777779,0.0
2024-10-10,MAT-API-006,706.1637477777779,0.0
2024-10-11,MAT-API-006,706.1637477777779,0.0
2024-10-12,MAT-API-006,706.1637477777779,0.0
2024-10-13,MAT-API-006,706.1637477777779,0.0
2024-10-14,MAT-API-006,706.1637477777779,0.0
2024-10-15,MAT-API-006,706.1637477777779,0.0
2024-10-16,MAT-API-006,706.1637477777779,0.0
2024-10-17,MAT-API-006,706.1637477777779,0.0
2024-10-18,MAT-API-006,706.1637477777779,0.0
2024-10-19,MAT-API-006,2226.809247777778,0.0
2024-10-20,MAT-API-006,2226.809247777778,0.0
2024-10-21,MAT-API-006,2226.809247777778,0.0
2024-10-22,MAT-API-006,2226.809247777778,0.0
2024-10-23,MAT-API-006,2226.809247777778,0.0
2024-10-24,MAT-API-006,2226.809247777778,0.0
2024-10-25,MAT-API-006,2226.809247777778,0.0
2024-10-26,MAT-API-006,2226.809247777778,0.0
2024-10-27,MAT-API-006,2226.809247777778,0.0
2024-10-28,MAT-API-006,1687.935547777778,538.8737
2024-10-29,MAT-API-006,1687.935547777778,0.0
2024-10-30,MAT-API-006,1687.935547777778,0.0
2024-10-31,MAT-API-006,1687.935547777778,0.0
2024-11-01,MAT-API-006,1687.935547777778,0.0
2024-11-02,MAT-API-006,1687.935547777778,0.0
2024-11-03,MAT-API-006,1687.935547777778,0.0
2024-11-04,MAT-API-006,1687.935547777778,0.0
2024-11-05,MAT-API-006,1687.935547777778,0.0
2024-11-06,MAT-API-006,1687.935547777778,0.0
2024-11-07,MAT-API-006,1687.935547777778,0.0
2024-11-08,MAT-API-006,1687.935547777778,0.0
2024-11-09,MAT-API-006,1687.935547777778,0.0
2024-11-10,MAT-API-006,1687.935547777778,0.0
2024-11-11,MAT-API-006,1687.935547777778,0.0
2024-11-12,MAT-API-006,1687.935547777778,0.0
2024-11-13,MAT-API-006,1687.935547777778,0.0
2024-11-14,MAT-API-006,1187.0685477777781,500.867
2024-11-15,MAT-API-006,1187.0685477777781,0.0
2024-11-16,MAT-API-006,1187.0685477777781,0.0
2024-11-17,MAT-API-006,1187.0685477777781,0.0
2024-11-18,MAT-API-006,1187.0685477777781,0.0
2024-11-19,MAT-API-006,1187.0685477777781,0.0
2024-11-20,MAT-API-006,1187.0685477777781,0.0
2024-11-21,MAT-API-006,1187.0685477777781,0.0
2024-11-22,MAT-API-006,1187.0685477777781,0.0
2024-11-23,MAT-API-006,1187.0685477777781,0.0
2024-11-24,MAT-API-006,1187.0685477777781,0.0
2024-11-25,MAT-API-006,1187.0685477777781,0.0
2024-11-26,MAT-API-006,1187.0685477777781,0.0
2024-11-27,MAT-API-006,1187.0685477777781,0.0
2024-11-28,MAT-API-006,1187.0685477777781,0.0
2024-11-29,MAT-API-006,1187.0685477777781,0.0
2024-11-30,MAT-API-006,1187.0685477777781,0.0
2024-12-01,MAT-API-006,1187.0685477777781,0.0
2024-12-02,MAT-API-006,1187.0685477777781,0.0
2024-12-03,MAT-API-006,771.0786477777781,415.9899
2024-12-04,MAT-API-006,771.0786477777781,0.0
2024-12-05,MAT-API-006,771.0786477777781,0.0
2024-12-06,MAT-API-006,771.0786477777781,0.0
2024-12-07,MAT-API-006,771.0786477777781,0.0
2024-12-08,MAT-API-006,771.0786477777781,0.0
2024-12-09,MAT-API-006,771.0786477777781,0.0
2024-12-10,MAT-API-006,771.0786477777781,0.0
2024-12-11,MAT-API-006,771.0786477777781,0.0
2024-12-12,MAT-API-006,771.0786477777781,0.0
2024-12-13,MAT-API-006,771.0786477777781,0.0
2024-12-14,MAT-API-006,771.0786477777781,0.0
2024-12-15,MAT-API-006,771.0786477777781,0.0
2024-12-16,MAT-API-006,771.0786477777781,0.0
2024-12-17,MAT-API-006,771.0786477777781,0.0
2024-12-18,MAT-API-006,771.0786477777781,0.0
2024-12-19,MAT-API-006,771.0786477777781,0.0
2024-12-20,MAT-API-006,771.0786477777781,0.0
2024-12-21,MAT-API-006,2312.954747777778,0.0
2024-12-22,MAT-API-006,2312.954747777778,0.0
2024-12-23,MAT-API-006,1814.1413477777778,498.81339999999994
2024-12-24,MAT-API-006,1814.1413477777778,0.0
2024-12-25,MAT-API-006,1814.1413477777778,0.0
2024-12-26,MAT-API-006,1814.1413477777778,0.0
2024-12-27,MAT-API-006,1814.1413477777778,0.0
2024-12-28,MAT-API-006,1814.1413477777778,0.0
2024-12-29,MAT-API-006,1814.1413477777778,0.0
2024-12-30,MAT-API-006,1814.1413477777778,0.0
2024-12-31,MAT-API-006,3229.811647777778,0.0
2023-01-01,MAT-API-007,866.6057022222221,0.0
2023-01-02,MAT-API-007,866.6057022222221,0.0
2023-01-03,MAT-API-007,866.6057022222221,0.0
2023-01-04,MAT-API-007,866.6057022222221,0.0
2023-01-05,MAT-API-007,866.6057022222221,0.0
2023-01-06,MAT-API-007,625.2177022222221,241.388
2023-01-07,MAT-API-007,625.2177022222221,0.0
2023-01-08,MAT-API-007,625.2177022222221,0.0
2023-01-09,MAT-API-007,625.2177022222221,0.0
2023-01-10,MAT-API-007,625.2177022222221,0.0
2023-01-11,MAT-API-007,625.2177022222221,0.0
2023-01-12,MAT-API-007,625.2177022222221,0.0
2023-01-13,MAT-API-007,625.2177022222221,0.0
2023-01-14,MAT-API-007,625.2177022222221,0.0
2023-01-15,MAT-API-007,625.2177022222221,0.0
2023-01-16,MAT-API-007,625.2177022222221,0.0
2023-01-17,MAT-API-007,625.2177022222221,0.0
2023-01-18,MAT-API-007,625.2177022222221,0.0
2023-01-19,MAT-API-007,625.2177022222221,0.0
2023-01-20,MAT-API-007,625.2177022222221,0.0
2023-01-21,MAT-API-007,625.2177022222221,0.0
2023-01-22,MAT-API-007,625.2177022222221,0.0
2023-01-23,MAT-API-007,625.2177022222221,0.0
2023-01-24,MAT-API-007,625.2177022222221,0.0
2023-01-25,MAT-API-007,625.2177022222221,0.0
2023-01-26,MAT-API-007,625.2177022222221,0.0
2023-01-27,MAT-API-007,625.2177022222221,0.0
2023-01-28,MAT-API-007,625.2177022222221,0.0
2023-01-29,MAT-API-007,625.2177022222221,0.0
2023-01-30,MAT-API-007,625.2177022222221,0.0
2023-01-31,MAT-API-007,625.2177022222221,0.0
2023-02-01,MAT-API-007,367.98570222222213,257.23199999999997
2023-02-02,MAT-API-007,367.98570222222213,0.0
2023-02-03,MAT-API-007,367.98570222222213,0.0
2023-02-04,MAT-API-007,367.98570222222213,0.0
2023-02-05,MAT-API-007,367.98570222222213,0.0
2023-02-06,MAT-API-007,367.98570222222213,0.0
2023-02-07,MAT-API-007,367.98570222222213,0.0
2023-02-08,MAT-API-007,367.98570222222213,0.0
2023-02-09,MAT-API-007,367.98570222222213,0.0
2023-02-10,MAT-API-007,367.98570222222213,0.0
2023-02-11,MAT-API-007,367.98570222222213,0.0
2023-02-12,MAT-API-007,367.98570222222213,0.0
2023-02-13,MAT-API-007,367.98570222222213,0.0
2023-02-14,MAT-API-007,367.98570222222213,0.0
2023-02-15,MAT-API-007,367.98570222222213,0.0
2023-02-16,MAT-API-007,367.98570222222213,0.0
2023-02-17,MAT-API-007,367.98570222222213,0.0
2023-02-18,MAT-API-007,367.98570222222213,0.0
2023-02-19,MAT-API-007,367.98570222222213,0.0
2023-02-20,MAT-API-007,367.98570222222213,0.0
2023-02-21,MAT-API-007,367.98570222222213,0.0
2023-02-22,MAT-API-007,367.98570222222213,0.0
2023-02-23,MAT-API-007,367.98570222222213,0.0
2023-02-24,MAT-API-007,129.06750222222215,238.91819999999998
2023-02-25,MAT-API-007,129.06750222222215,0.0
2023-02-26,MAT-API-007,129.06750222222215,0.0
2023-02-27,MAT-API-007,129.06750222222215,0.0
2023-02-28,MAT-API-007,129.06750222222215,0.0
2023-03-01,MAT-API-007,129.06750222222215,0.0
2023-03-02,MAT-API-007,129.06750222222215,0.0
2023-03-03,MAT-API-007,129.06750222222215,0.0
2023-03-04,MAT-API-007,129.06750222222215,0.0
2023-03-05,MAT-API-007,129.06750222222215,0.0
2023-03-06,MAT-API-007,129.06750222222215,0.0
2023-03-07,MAT-API-007,627.6875022222222,0.0
2023-03-08,MAT-API-007,627.6875022222222,0.0
2023-03-09,MAT-API-007,627.6875022222222,0.0
2023-03-10,MAT-API-007,627.6875022222222,0.0
2023-03-11,MAT-API-007,627.6875022222222,0.0
2023-03-12,MAT-API-007,627.6875022222222,0.0
2023-03-13,MAT-API-007,627.6875022222222,0.0
2023-03-14,MAT-API-007,627.6875022222222,0.0
2023-03-15,MAT-API-007,627.6875022222222,0.0
2023-03-16,MAT-API-007,627.6875022222222,0.0
2023-03-17,MAT-API-007,627.6875022222222,0.0
2023-03-18,MAT-API-007,627.6875022222222,0.0
2023-03-19,MAT-API-007,627.6875022222222,0.0
2023-03-20,MAT-API-007,414.0731022222222,213.6144
2023-03-21,MAT-API-007,414.0731022222222,0.0
2023-03-22,MAT-API-007,414.0731022222222,0.0
2023-03-23,MAT-API-007,414.0731022222222,0.0
2023-03-24,MAT-API-007,414.0731022222222,0.0
2023-03-25,MAT-API-007,414.0731022222222,0.0
2023-03-26,MAT-API-007,414.0731022222222,0.0
2023-03-27,MAT-API-007,414.0731022222222,0.0
2023-03-28,MAT-API-007,414.0731022222222,0.0
2023-03-29,MAT-API-007,414.0731022222222,0.0
2023-03-30,MAT-API-007,414.0731022222222,0.0
2023-03-31,MAT-API-007,414.0731022222222,0.0
2023-04-01,MAT-API-007,414.0731022222222,0.0
2023-04-02,MAT-API-007,414.0731022222222,0.0
2023-04-03,MAT-API-007,414.0731022222222,0.0
2023-04-04,MAT-API-007,414.0731022222222,0.0
2023-04-05,MAT-API-007,414.0731022222222,0.0
2023-04-06,MAT-API-007,414.0731022222222,0.0
2023-04-07,MAT-API-007,414.0731022222222,0.0
2023-04-08,MAT-API-007,414.0731022222222,0.0
2023-04-09,MAT-API-007,414.0731022222222,0.0
2023-04-10,MAT-API-007,414.0731022222222,0.0
2023-04-11,MAT-API-007,414.0731022222222,0.0
2023-04-12,MAT-API-007,185.9544522222222,228.11865
2023-04-13,MAT-API-007,185.9544522222222,0.0
2023-04-14,MAT-API-007,185.9544522222222,0.0
2023-04-15,MAT-API-007,185.9544522222222,0.0
2023-04-16,MAT-API-007,185.9544522222222,0.0
2023-04-17,MAT-API-007,185.9544522222222,0.0
2023-04-18,MAT-API-007,185.9544522222222,0.0
2023-04-19,MAT-API-007,185.9544522222222,0.0
2023-04-20,MAT-API-007,185.9544522222222,0.0
2023-04-21,MAT-API-007,185.9544522222222,0.0
2023-04-22,MAT-API-007,185.9544522222222,0.0
2023-04-23,MAT-API-007,185.9544522222222,0.0
2023-04-24,MAT-API-007,185.9544522222222,0.0
2023-04-25,MAT-API-007,638.4870522222221,0.0
2023-04-26,MAT-API-007,638.4870522222221,0.0
2023-04-27,MAT-API-007,638.4870522222221,0.0
2023-04-28,MAT-API-007,638.4870522222221,0.0
2023-04-29,MAT-API-007,638.4870522222221,0.0
2023-04-30,MAT-API-007,638.4870522222221,0.0
2023-05-01,MAT-API-007,638.4870522222221,0.0
2023-05-02,MAT-API-007,638.4870522222221,0.0
2023-05-03,MAT-API-007,638.4870522222221,0.0
2023-05-04,MAT-API-007,638.4870522222221,0.0
2023-05-05,MAT-API-007,638.4870522222221,0.0
2023-05-06,MAT-API-007,638.4870522222221,0.0
2023-05-07,MAT-API-007,638.4870522222221,0.0
2023-05-08,MAT-API-007,383.8879522222221,254.5991
2023-05-09,MAT-API-007,383.8879522222221,0.0
2023-05-10,MAT-API-007,383.8879522222221,0.0
2023-05-11,MAT-API-007,383.8879522222221,0.0
2023-05-12,MAT-API-007,383.8879522222221,0.0
2023-05-13,MAT-API-007,383.8879522222221,0.0
2023-05-14,MAT-API-007,383.8879522222221,0.0
2023-05-15,MAT-API-007,383.8879522222221,0.0
2023-05-16,MAT-API-007,383.8879522222221,0.0
2023-05-17,MAT-API-007,383.8879522222221,0.0
2023-05-18,MAT-API-007,383.8879522222221,0.0
2023-05-19,MAT-API-007,383.8879522222221,0.0
2023-05-20,MAT-API-007,383.8879522222221,0.0
2023-05-21,MAT-API-007,383.8879522222221,0.0
2023-05-22,MAT-API-007,383.8879522222221,0.0
2023-05-23,MAT-API-007,383.8879522222221,0.0
2023-05-24,MAT-API-007,383.8879522222221,0.0
2023-05-25,MAT-API-007,383.8879522222221,0.0
2023-05-26,MAT-API-007,383.8879522222221,0.0
2023-05-27,MAT-API-007,383.8879522222221,0.0
2023-05-28,MAT-API-007,383.8879522222221,0.0
2023-05-29,MAT-API-007,383.8879522222221,0.0
2023-05-30,MAT-API-007,383.8879522222221,0.0
2023-05-31,MAT-API-007,383.8879522222221,0.0
2023-06-01,MAT-API-007,383.8879522222221,0.0
2023-06-02,MAT-API-007,383.8879522222221,0.0
2023-06-03,MAT-API-007,383.8879522222221,0.0
2023-06-04,MAT-API-007,383.8879522222221,0.0
2023-06-05,MAT-API-007,143.0591522222221,240.8288
2023-06-06,MAT-API-007,143.0591522222221,0.0
2023-06-07,MAT-API-007,143.0591522222221,0.0
2023-06-08,MAT-API-007,143.0591522222221,0.0
2023-06-09,MAT-API-007,143.0591522222221,0.0
2023-06-10,MAT-API-007,143.0591522222221,0.0
2023-06-11,MAT-API-007,143.0591522222221,0.0
2023-06-12,MAT-API-007,143.0591522222221,0.0
2023-06-13,MAT-API-007,625.7769022222221,0.0
2023-06-14,MAT-API-007,625.7769022222221,0.0
2023-06-15,MAT-API-007,625.7769022222221,0.0
2023-06-16,MAT-API-007,625.7769022222221,0.0
2023-06-17,MAT-API-007,625.7769022222221,0.0
2023-06-18,MAT-API-007,625.7769022222221,0.0
2023-06-19,MAT-API-007,625.7769022222221,0.0
2023-06-20,MAT-API-007,625.7769022222221,0.0
2023-06-21,MAT-API-007,625.7769022222221,0.0
2023-06-22,MAT-API-007,625.7769022222221,0.0
2023-06-23,MAT-API-007,625.7769022222221,0.0
2023-06-24,MAT-API-007,625.7769022222221,0.0
2023-06-25,MAT-API-007,625.7769022222221,0.0
2023-06-26,MAT-API-007,625.7769022222221,0.0
2023-06-27,MAT-API-007,625.7769022222221,0.0
2023-06-28,MAT-API-007,625.7769022222221,0.0
2023-06-29,MAT-API-007,389.5731522222221,236.20374999999999
2023-06-30,MAT-API-007,389.5731522222221,0.0
2023-07-01,MAT-API-007,389.5731522222221,0.0
2023-07-02,MAT-API-007,389.5731522222221,0.0
2023-07-03,MAT-API-007,389.5731522222221,0.0
2023-07-04,MAT-API-007,389.5731522222221,0.0
2023-07-05,MAT-API-007,389.5731522222221,0.0
2023-07-06,MAT-API-007,389.5731522222221,0.0
2023-07-07,MAT-API-007,389.5731522222221,0.0
2023-07-08,MAT-API-007,389.5731522222221,0.0
2023-07-09,MAT-API-007,389.5731522222221,0.0
2023-07-10,MAT-API-007,389.5731522222221,0.0
2023-07-11,MAT-API-007,389.5731522222221,0.0
2023-07-12,MAT-API-007,389.5731522222221,0.0
2023-07-13,MAT-API-007,389.5731522222221,0.0
2023-07-14,MAT-API-007,389.5731522222221,0.0
2023-07-15,MAT-API-007,389.5731522222221,0.0
2023-07-16,MAT-API-007,389.5731522222221,0.0
2023-07-17,MAT-API-007,389.5731522222221,0.0
2023-07-18,MAT-API-007,389.5731522222221,0.0
2023-07-19,MAT-API-007,389.5731522222221,0.0
2023-07-20,MAT-API-007,389.5731522222221,0.0
2023-07-21,MAT-API-007,157.2488522222221,232.32430000000002
2023-07-22,MAT-API-007,157.2488522222221,0.0
2023-07-23,MAT-API-007,157.2488522222221,0.0
2023-07-24,MAT-API-007,157.2488522222221,0.0
2023-07-25,MAT-API-007,157.2488522222221,0.0
2023-07-26,MAT-API-007,157.2488522222221,0.0
2023-07-27,MAT-API-007,157.2488522222221,0.0
2023-07-28,MAT-API-007,157.2488522222221,0.0
2023-07-29,MAT-API-007,157.2488522222221,0.0
2023-07-30,MAT-API-007,157.2488522222221,0.0
2023-07-31,MAT-API-007,157.2488522222221,0.0
2023-08-01,MAT-API-007,634.2814022222221,0.0
2023-08-02,MAT-API-007,634.2814022222221,0.0
2023-08-03,MAT-API-007,634.2814022222221,0.0
2023-08-04,MAT-API-007,634.2814022222221,0.0
2023-08-05,MAT-API-007,634.2814022222221,0.0
2023-08-06,MAT-API-007,634.2814022222221,0.0
2023-08-07,MAT-API-007,634.2814022222221,0.0
2023-08-08,MAT-API-007,634.2814022222221,0.0
2023-08-09,MAT-API-007,634.2814022222221,0.0
2023-08-10,MAT-API-007,634.2814022222221,0.0
2023-08-11,MAT-API-007,634.2814022222221,0.0
2023-08-12,MAT-API-007,634.2814022222221,0.0
2023-08-13,MAT-API-007,634.2814022222221,0.0
2023-08-14,MAT-API-007,634.2814022222221,0.0
2023-08-15,MAT-API-007,386.7305522222222,247.55085
2023-08-16,MAT-API-007,386.7305522222222,0.0
2023-08-17,MAT-API-007,386.7305522222222,0.0
2023-08-18,MAT-API-007,386.7305522222222,0.0
2023-08-19,MAT-API-007,386.7305522222222,0.0
2023-08-20,MAT-API-007,386.7305522222222,0.0
2023-08-21,MAT-API-007,386.7305522222222,0.0
2023-08-22,MAT-API-007,386.7305522222222,0.0
2023-08-23,MAT-API-007,386.7305522222222,0.0
2023-08-24,MAT-API-007,386.7305522222222,0.0
2023-08-25,MAT-API-007,386.7305522222222,0.0
2023-08-26,MAT-API-007,386.7305522222222,0.0
2023-08-27,MAT-API-007,386.7305522222222,0.0
2023-08-28,MAT-API-007,386.7305522222222,0.0
2023-08-29,MAT-API-007,386.7305522222222,0.0
2023-08-30,MAT-API-007,386.7305522222222,0.0
2023-08-31,MAT-API-007,386.7305522222222,0.0
2023-09-01,MAT-API-007,386.7305522222222,0.0
2023-09-02,MAT-API-007,386.7305522222222,0.0
2023-09-03,MAT-API-007,386.7305522222222,0.0
2023-09-04,MAT-API-007,386.7305522222222,0.0
2023-09-05,MAT-API-007,386.7305522222222,0.0
2023-09-06,MAT-API-007,140.98545222222216,245.7451
2023-09-07,MAT-API-007,140.98545222222216,0.0
2023-09-08,MAT-API-007,140.98545222222216,0.0
2023-09-09,MAT-API-007,140.98545222222216,0.0
2023-09-10,MAT-API-007,140.98545222222216,0.0
2023-09-11,MAT-API-007,140.98545222222216,0.0
2023-09-12,MAT-API-007,140.98545222222216,0.0
2023-09-13,MAT-API-007,140.98545222222216,0.0
2023-09-14,MAT-API-007,140.98545222222216,0.0
2023-09-15,MAT-API-007,140.98545222222216,0.0
2023-09-16,MAT-API-007,140.98545222222216,0.0
2023-09-17,MAT-API-007,140.98545222222216,0.0
2023-09-18,MAT-API-007,140.98545222222216,0.0
2023-09-19,MAT-API-007,620.8606022222222,0.0
2023-09-20,MAT-API-007,620.8606022222222,0.0
2023-09-21,MAT-API-007,620.8606022222222,0.0
2023-09-22,MAT-API-007,620.8606022222222,0.0
2023-09-23,MAT-API-007,620.8606022222222,0.0
2023-09-24,MAT-API-007,620.8606022222222,0.0
2023-09-25,MAT-API-007,620.8606022222222,0.0
2023-09-26,MAT-API-007,620.8606022222222,0.0
2023-09-27,MAT-API-007,620.8606022222222,0.0
2023-09-28,MAT-API-007,620.8606022222222,0.0
2023-09-29,MAT-API-007,363.10435222222213,257.75625
2023-09-30,MAT-API-007,363.10435222222213,0.0
2023-10-01,MAT-API-007,363.10435222222213,0.0
2023-10-02,MAT-API-007,363.10435222222213,0.0
2023-10-03,MAT-API-007,363.10435222222213,0.0
2023-10-04,MAT-API-007,363.10435222222213,0.0
2023-10-05,MAT-API-007,363.10435222222213,0.0
2023-10-06,MAT-API-007,363.10435222222213,0.0
2023-10-07,MAT-API-007,363.10435222222213,0.0
2023-10-08,MAT-API-007,363.10435222222213,0.0
2023-10-09,MAT-API-007,363.10435222222213,0.0
2023-10-10,MAT-API-007,363.10435222222213,0.0
2023-10-11,MAT-API-007,363.10435222222213,0.0
2023-10-12,MAT-API-007,363.10435222222213,0.0
2023-10-13,MAT-API-007,363.10435222222213,0.0
2023-10-14,MAT-API-007,363.10435222222213,0.0
2023-10-15,MAT-API-007,363.10435222222213,0.0
2023-10-16,MAT-API-007,363.10435222222213,0.0
2023-10-17,MAT-API-007,363.10435222222213,0.0
2023-10-18,MAT-API-007,363.10435222222213,0.0
2023-10-19,MAT-API-007,363.10435222222213,0.0
2023-10-20,MAT-API-007,363.10435222222213,0.0
2023-10-21,MAT-API-007,363.10435222222213,0.0
2023-10-22,MAT-API-007,363.10435222222213,0.0
2023-10-23,MAT-API-007,363.10435222222213,0.0
2023-10-24,MAT-API-007,134.7061022222221,228.39825000000002
2023-10-25,MAT-API-007,134.7061022222221,0.0
2023-10-26,MAT-API-007,134.7061022222221,0.0
2023-10-27,MAT-API-007,134.7061022222221,0.0
2023-10-28,MAT-API-007,134.7061022222221,0.0
2023-10-29,MAT-API-007,134.7061022222221,0.0
2023-10-30,MAT-API-007,134.7061022222221,0.0
2023-10-31,MAT-API-007,638.2074522222222,0.0
2023-11-01,MAT-API-007,638.2074522222222,0.0
2023-11-02,MAT-API-007,638.2074522222222,0.0
2023-11-03,MAT-API-007,638.2074522222222,0.0
2023-11-04,MAT-API-007,638.2074522222222,0.0
2023-11-05,MAT-API-007,638.2074522222222,0.0
2023-11-06,MAT-API-007,638.2074522222222,0.0
2023-11-07,MAT-API-007,638.2074522222222,0.0
2023-11-08,MAT-API-007,638.2074522222222,0.0
2023-11-09,MAT-API-007,638.2074522222222,0.0
2023-11-10,MAT-API-007,638.2074522222222,0.0
2023-11-11,MAT-API-007,638.2074522222222,0.0
2023-11-12,MAT-API-007,638.2074522222222,0.0
2023-11-13,MAT-API-007,638.2074522222222,0.0
2023-11-14,MAT-API-007,638.2074522222222,0.0
2023-11-15,MAT-API-007,638.2074522222222,0.0
2023-11-16,MAT-API-007,638.2074522222222,0.0
2023-11-17,MAT-API-007,638.2074522222222,0.0
2023-11-18,MAT-API-007,638.2074522222222,0.0
2023-11-19,MAT-API-007,638.2074522222222,0.0
2023-11-20,MAT-API-007,428.8686022222222,209.33885
2023-11-21,MAT-API-007,428.8686022222222,0.0
2023-11-22,MAT-API-007,428.8686022222222,0.0
2023-11-23,MAT-API-007,428.8686022222222,0.0
2023-11-24,MAT-API-007,428.8686022222222,0.0
2023-11-25,MAT-API-007,428.8686022222222,0.0
2023-11-26,MAT-API-007,428.8686022222222,0.0
2023-11-27,MAT-API-007,428.8686022222222,0.0
2023-11-28,MAT-API-007,428.8686022222222,0.0
2023-11-29,MAT-API-007,428.8686022222222,0.0
2023-11-30,MAT-API-007,428.8686022222222,0.0
2023-12-01,MAT-API-007,428.8686022222222,0.0
2023-12-02,MAT-API-007,428.8686022222222,0.0
2023-12-03,MAT-API-007,428.8686022222222,0.0
2023-12-04,MAT-API-007,428.8686022222222,0.0
2023-12-05,MAT-API-007,428.8686022222222,0.0
2023-12-06,MAT-API-007,428.8686022222222,0.0
2023-12-07,MAT-API-007,428.8686022222222,0.0
2023-12-08,MAT-API-007,428.8686022222222,0.0
2023-12-09,MAT-API-007,428.8686022222222,0.0
2023-12-10,MAT-API-007,428.8686022222222,0.0
2023-12-11,MAT-API-007,428.8686022222222,0.0
2023-12-12,MAT-API-007,428.8686022222222,0.0
2023-12-13,MAT-API-007,428.8686022222222,0.0
2023-12-14,MAT-API-007,428.8686022222222,0.0
2023-12-15,MAT-API-007,428.8686022222222,0.0
2023-12-16,MAT-API-007,428.8686022222222,0.0
2023-12-17,MAT-API-007,428.8686022222222,0.0
2023-12-18,MAT-API-007,181.0614522222222,247.80715
2023-12-19,MAT-API-007,181.0614522222222,0.0
2023-12-20,MAT-API-007,181.0614522222222,0.0
2023-12-21,MAT-API-007,181.0614522222222,0.0
2023-12-22,MAT-API-007,181.0614522222222,0.0
2023-12-23,MAT-API-007,181.0614522222222,0.0
2023-12-24,MAT-API-007,181.0614522222222,0.0
2023-12-25,MAT-API-007,181.0614522222222,0.0
2023-12-26,MAT-API-007,618.7985522222222,0.0
2023-12-27,MAT-API-007,618.7985522222222,0.0
2023-12-28,MAT-API-007,618.7985522222222,0.0
2023-12-29,MAT-API-007,618.7985522222222,0.0
2023-12-30,MAT-API-007,618.7985522222222,0.0
2023-12-31,MAT-API-007,618.7985522222222,0.0
2024-01-01,MAT-API-007,618.7985522222222,0.0
2024-01-02,MAT-API-007,618.7985522222222,0.0
2024-01-03,MAT-API-007,618.7985522222222,0.0
2024-01-04,MAT-API-007,618.7985522222222,0.0
2024-01-05,MAT-API-007,618.7985522222222,0.0
2024-01-06,MAT-API-007,618.7985522222222,0.0
2024-01-07,MAT-API-007,618.7985522222222,0.0
2024-01-08,MAT-API-007,618.7985522222222,0.0
2024-01-09,MAT-API-007,618.7985522222222,0.0
2024-01-10,MAT-API-007,618.7985522222222,0.0
2024-01-11,MAT-API-007,365.97025222222214,252.82830000000004
2024-01-12,MAT-API-007,365.97025222222214,0.0
2024-01-13,MAT-API-007,365.97025222222214,0.0
2024-01-14,MAT-API-007,365.97025222222214,0.0
2024-01-15,MAT-API-007,365.97025222222214,0.0
2024-01-16,MAT-API-007,365.97025222222214,0.0
2024-01-17,MAT-API-007,365.97025222222214,0.0
2024-01-18,MAT-API-007,365.97025222222214,0.0
2024-01-19,MAT-API-007,365.97025222222214,0.0
2024-01-20,MAT-API-007,365.97025222222214,0.0
2024-01-21,MAT-API-007,365.97025222222214,0.0
2024-01-22,MAT-API-007,365.97025222222214,0.0
2024-01-23,MAT-API-007,365.97025222222214,0.0
2024-01-24,MAT-API-007,365.97025222222214,0.0
2024-01-25,MAT-API-007,365.97025222222214,0.0
2024-01-26,MAT-API-007,365.97025222222214,0.0
2024-01-27,MAT-API-007,365.97025222222214,0.0
2024-01-28,MAT-API-007,365.97025222222214,0.0
2024-01-29,MAT-API-007,365.97025222222214,0.0
2024-01-30,MAT-API-007,365.97025222222214,0.0
2024-01-31,MAT-API-007,365.97025222222214,0.0
2024-02-01,MAT-API-007,365.97025222222214,0.0
2024-02-02,MAT-API-007,365.97025222222214,0.0
2024-02-03,MAT-API-007,365.97025222222214,0.0
2024-02-04,MAT-API-007,365.97025222222214,0.0
2024-02-05,MAT-API-007,365.97025222222214,0.0
2024-02-06,MAT-API-007,157.9478522222221,208.02240000000003
2024-02-07,MAT-API-007,157.9478522222221,0.0
2024-02-08,MAT-API-007,157.9478522222221,0.0
2024-02-09,MAT-API-007,157.9478522222221,0.0
2024-02-10,MAT-API-007,157.9478522222221,0.0
2024-02-11,MAT-API-007,157.9478522222221,0.0
2024-02-12,MAT-API-007,157.9478522222221,0.0
2024-02-13,MAT-API-007,658.5833022222221,0.0
2024-02-14,MAT-API-007,658.5833022222221,0.0
2024-02-15,MAT-API-007,658.5833022222221,0.0
2024-02-16,MAT-API-007,658.5833022222221,0.0
2024-02-17,MAT-API-007,658.5833022222221,0.0
2024-02-18,MAT-API-007,658.5833022222221,0.0
2024-02-19,MAT-API-007,658.5833022222221,0.0
2024-02-20,MAT-API-007,658.5833022222221,0.0
2024-02-21,MAT-API-007,658.5833022222221,0.0
2024-02-22,MAT-API-007,658.5833022222221,0.0
2024-02-23,MAT-API-007,658.5833022222221,0.0
2024-02-24,MAT-API-007,658.5833022222221,0.0
2024-02-25,MAT-API-007,658.5833022222221,0.0
2024-02-26,MAT-API-007,658.5833022222221,0.0
2024-02-27,MAT-API-007,658.5833022222221,0.0
2024-02-28,MAT-API-007,658.5833022222221,0.0
2024-02-29,MAT-API-007,419.85150222222205,238.73180000000002
2024-03-01,MAT-API-007,419.85150222222205,0.0
2024-03-02,MAT-API-007,419.85150222222205,0.0
2024-03-03,MAT-API-007,419.85150222222205,0.0
2024-03-04,MAT-API-007,419.85150222222205,0.0
2024-03-05,MAT-API-007,419.85150222222205,0.0
2024-03-06,MAT-API-007,419.85150222222205,0.0
2024-03-07,MAT-API-007,419.85150222222205,0.0
2024-03-08,MAT-API-007,419.85150222222205,0.0
2024-03-09,MAT-API-007,419.85150222222205,0.0
2024-03-10,MAT-API-007,419.85150222222205,0.0
2024-03-11,MAT-API-007,419.85150222222205,0.0
2024-03-12,MAT-API-007,419.85150222222205,0.0
2024-03-13,MAT-API-007,419.85150222222205,0.0
2024-03-14,MAT-API-007,419.85150222222205,0.0
2024-03-15,MAT-API-007,419.85150222222205,0.0
2024-03-16,MAT-API-007,419.85150222222205,0.0
2024-03-17,MAT-API-007,419.85150222222205,0.0
2024-03-18,MAT-API-007,419.85150222222205,0.0
2024-03-19,MAT-API-007,419.85150222222205,0.0
2024-03-20,MAT-API-007,419.85150222222205,0.0
2024-03-21,MAT-API-007,419.85150222222205,0.0
2024-03-22,MAT-API-007,419.85150222222205,0.0
2024-03-23,MAT-API-007,419.85150222222205,0.0
2024-03-24,MAT-API-007,419.85150222222205,0.0
2024-03-25,MAT-API-007,169.39980222222204,250.45170000000002
2024-03-26,MAT-API-007,169.39980222222204,0.0
2024-03-27,MAT-API-007,169.39980222222204,0.0
2024-03-28,MAT-API-007,169.39980222222204,0.0
2024-03-29,MAT-API-007,169.39980222222204,0.0
2024-03-30,MAT-API-007,169.39980222222204,0.0
2024-03-31,MAT-API-007,169.39980222222204,0.0
2024-04-01,MAT-API-007,169.39980222222204,0.0
2024-04-02,MAT-API-007,616.1540022222221,0.0
2024-04-03,MAT-API-007,616.1540022222221,0.0
2024-04-04,MAT-API-007,616.1540022222221,0.0
2024-04-05,MAT-API-007,616.1540022222221,0.0
2024-04-06,MAT-API-007,616.1540022222221,0.0
2024-04-07,MAT-API-007,616.1540022222221,0.0
2024-04-08,MAT-API-007,616.1540022222221,0.0
2024-04-09,MAT-API-007,616.1540022222221,0.0
2024-04-10,MAT-API-007,616.1540022222221,0.0
2024-04-11,MAT-API-007,616.1540022222221,0.0
2024-04-12,MAT-API-007,616.1540022222221,0.0
2024-04-13,MAT-API-007,616.1540022222221,0.0
2024-04-14,MAT-API-007,616.1540022222221,0.0
2024-04-15,MAT-API-007,616.1540022222221,0.0
2024-04-16,MAT-API-007,616.1540022222221,0.0
2024-04-17,MAT-API-007,377.7367522222221,238.41725
2024-04-18,MAT-API-007,377.7367522222221,0.0
2024-04-19,MAT-API-007,377.7367522222221,0.0
2024-04-20,MAT-API-007,377.7367522222221,0.0
2024-04-21,MAT-API-007,377.7367522222221,0.0
2024-04-22,MAT-API-007,377.7367522222221,0.0
2024-04-23,MAT-API-007,377.7367522222221,0.0
2024-04-24,MAT-API-007,377.7367522222221,0.0
2024-04-25,MAT-API-007,377.7367522222221,0.0
2024-04-26,MAT-API-007,377.7367522222221,0.0
2024-04-27,MAT-API-007,377.7367522222221,0.0
2024-04-28,MAT-API-007,377.7367522222221,0.0
2024-04-29,MAT-API-007,377.7367522222221,0.0
2024-04-30,MAT-API-007,377.7367522222221,0.0
2024-05-01,MAT-API-007,377.7367522222221,0.0
2024-05-02,MAT-API-007,377.7367522222221,0.0
2024-05-03,MAT-API-007,377.7367522222221,0.0
2024-05-04,MAT-API-007,377.7367522222221,0.0
2024-05-05,MAT-API-007,377.7367522222221,0.0
2024-05-06,MAT-API-007,377.7367522222221,0.0
2024-05-07,MAT-API-007,377.7367522222221,0.0
2024-05-08,MAT-API-007,377.7367522222221,0.0
2024-05-09,MAT-API-007,377.7367522222221,0.0
2024-05-10,MAT-API-007,377.7367522222221,0.0
2024-05-11,MAT-API-007,377.7367522222221,0.0
2024-05-12,MAT-API-007,377.7367522222221,0.0
2024-05-13,MAT-API-007,119.17665222222212,258.5601
2024-05-14,MAT-API-007,119.17665222222212,0.0
2024-05-15,MAT-API-007,119.17665222222212,0.0
2024-05-16,MAT-API-007,119.17665222222212,0.0
2024-05-17,MAT-API-007,119.17665222222212,0.0
2024-05-18,MAT-API-007,119.17665222222212,0.0
2024-05-19,MAT-API-007,119.17665222222212,0.0
2024-05-20,MAT-API-007,119.17665222222212,0.0
2024-05-21,MAT-API-007,119.17665222222212,0.0
2024-05-22,MAT-API-007,119.17665222222212,0.0
2024-05-23,MAT-API-007,119.17665222222212,0.0
2024-05-24,MAT-API-007,119.17665222222212,0.0
2024-05-25,MAT-API-007,119.17665222222212,0.0
2024-05-26,MAT-API-007,119.17665222222212,0.0
2024-05-27,MAT-API-007,119.17665222222212,0.0
2024-05-28,MAT-API-007,119.17665222222212,0.0
2024-05-29,MAT-API-007,119.17665222222212,0.0
2024-05-30,MAT-API-007,119.17665222222212,0.0
2024-05-31,MAT-API-007,119.17665222222212,0.0
2024-06-01,MAT-API-007,119.17665222222212,0.0
2024-06-02,MAT-API-007,119.17665222222212,0.0
2024-06-03,MAT-API-007,119.17665222222212,0.0
2024-06-04,MAT-API-007,119.17665222222212,0.0
2024-06-05,MAT-API-007,608.0456022222222,0.0
2024-06-06,MAT-API-007,608.0456022222222,0.0
2024-06-07,MAT-API-007,608.0456022222222,0.0
2024-06-08,MAT-API-007,608.0456022222222,0.0
2024-06-09,MAT-API-007,608.0456022222222,0.0
2024-06-10,MAT-API-007,405.3472522222222,202.69835
2024-06-11,MAT-API-007,405.3472522222222,0.0
2024-06-12,MAT-API-007,405.3472522222222,0.0
2024-06-13,MAT-API-007,405.3472522222222,0.0
2024-06-14,MAT-API-007,405.3472522222222,0.0
2024-06-15,MAT-API-007,405.3472522222222,0.0
2024-06-16,MAT-API-007,405.3472522222222,0.0
2024-06-17,MAT-API-007,405.3472522222222,0.0
2024-06-18,MAT-API-007,405.3472522222222,0.0
2024-06-19,MAT-API-007,405.3472522222222,0.0
2024-06-20,MAT-API-007,405.3472522222222,0.0
2024-06-21,MAT-API-007,405.3472522222222,0.0
2024-06-22,MAT-API-007,405.3472522222222,0.0
2024-06-23,MAT-API-007,405.3472522222222,0.0
2024-06-24,MAT-API-007,405.3472522222222,0.0
2024-06-25,MAT-API-007,405.3472522222222,0.0
2024-06-26,MAT-API-007,405.3472522222222,0.0
2024-06-27,MAT-API-007,405.3472522222222,0.0
2024-06-28,MAT-API-007,405.3472522222222,0.0
2024-06-29,MAT-API-007,405.3472522222222,0.0
2024-06-30,MAT-API-007,405.3472522222222,0.0
2024-07-01,MAT-API-007,405.3472522222222,0.0
2024-07-02,MAT-API-007,405.3472522222222,0.0
2024-07-03,MAT-API-007,405.3472522222222,0.0
2024-07-04,MAT-API-007,405.3472522222222,0.0
2024-07-05,MAT-API-007,405.3472522222222,0.0
2024-07-06,MAT-API-007,405.3472522222222,0.0
2024-07-07,MAT-API-007,405.3472522222222,0.0
2024-07-08,MAT-API-007,207.5652022222222,197.78205
2024-07-09,MAT-API-007,207.5652022222222,0.0
2024-07-10,MAT-API-007,207.5652022222222,0.0
2024-07-11,MAT-API-007,207.5652022222222,0.0
2024-07-12,MAT-API-007,207.5652022222222,0.0
2024-07-13,MAT-API-007,207.5652022222222,0.0
2024-07-14,MAT-API-007,207.5652022222222,0.0
2024-07-15,MAT-API-007,207.5652022222222,0.0
2024-07-16,MAT-API-007,207.5652022222222,0.0
2024-07-17,MAT-API-007,207.5652022222222,0.0
2024-07-18,MAT-API-007,207.5652022222222,0.0
2024-07-19,MAT-API-007,207.5652022222222,0.0
2024-07-20,MAT-API-007,207.5652022222222,0.0
2024-07-21,MAT-API-007,207.5652022222222,0.0
2024-07-22,MAT-API-007,207.5652022222222,0.0
2024-07-23,MAT-API-007,207.5652022222222,0.0
2024-07-24,MAT-API-007,207.5652022222222,0.0
2024-07-25,MAT-API-007,668.8236522222221,0.0
2024-07-26,MAT-API-007,668.8236522222221,0.0
2024-07-27,MAT-API-007,668.8236522222221,0.0
2024-07-28,MAT-API-007,668.8236522222221,0.0
2024-07-29,MAT-API-007,668.8236522222221,0.0
2024-07-30,MAT-API-007,406.17440222222206,262.64925000000005
2024-07-31,MAT-API-007,406.17440222222206,0.0
2024-08-01,MAT-API-007,406.17440222222206,0.0
2024-08-02,MAT-API-007,406.17440222222206,0.0
2024-08-03,MAT-API-007,406.17440222222206,0.0
2024-08-04,MAT-API-007,406.17440222222206,0.0
2024-08-05,MAT-API-007,406.17440222222206,0.0
2024-08-06,MAT-API-007,406.17440222222206,0.0
2024-08-07,MAT-API-007,406.17440222222206,0.0
2024-08-08,MAT-API-007,406.17440222222206,0.0
2024-08-09,MAT-API-007,406.17440222222206,0.0
2024-08-10,MAT-API-007,406.17440222222206,0.0
2024-08-11,MAT-API-007,406.17440222222206,0.0
2024-08-12,MAT-API-007,406.17440222222206,0.0
2024-08-13,MAT-API-007,406.17440222222206,0.0
2024-08-14,MAT-API-007,406.17440222222206,0.0
2024-08-15,MAT-API-007,406.17440222222206,0.0
2024-08-16,MAT-API-007,406.17440222222206,0.0
2024-08-17,MAT-API-007,406.17440222222206,0.0
2024-08-18,MAT-API-007,406.17440222222206,0.0
2024-08-19,MAT-API-007,406.17440222222206,0.0
2024-08-20,MAT-API-007,406.17440222222206,0.0
2024-08-21,MAT-API-007,190.42805222222208,215.74634999999998
2024-08-22,MAT-API-007,190.42805222222208,0.0
2024-08-23,MAT-API-007,190.42805222222208,0.0
2024-08-24,MAT-API-007,190.42805222222208,0.0
2024-08-25,MAT-API-007,190.42805222222208,0.0
2024-08-26,MAT-API-007,190.42805222222208,0.0
2024-08-27,MAT-API-007,190.42805222222208,0.0
2024-08-28,MAT-API-007,190.42805222222208,0.0
2024-08-29,MAT-API-007,190.42805222222208,0.0
2024-08-30,MAT-API-007,190.42805222222208,0.0
2024-08-31,MAT-API-007,190.42805222222208,0.0
2024-09-01,MAT-API-007,190.42805222222208,0.0
2024-09-02,MAT-API-007,190.42805222222208,0.0
2024-09-03,MAT-API-007,650.8593522222221,0.0
2024-09-04,MAT-API-007,650.8593522222221,0.0
2024-09-05,MAT-API-007,650.8593522222221,0.0
